  0
SECTION
  2
HEADER
  9
$ACADVER
  1
AC1032
  9
$ACADMAINTVER
 90
4
  9
$DWGCODEPAGE
  3
ANSI_1252
  9
$LASTSAVEDBY
  1
joaqu
  9
$REQUIREDVERSIONS
160
0
  9
$INSBASE
 10
0.0
 20
0.0
 30
0.0
  9
$EXTMIN
 10
2209.437180052792
 20
669.1809885347841
 30
-9.44669e-11
  9
$EXTMAX
 10
8765.249223913614
 20
18204.88333297564
 30
4.3078e-12
  9
$LIMMIN
 10
0.0
 20
0.0
  9
$LIMMAX
 10
12.0
 20
9.0
  9
$ORTHOMODE
 70
0
  9
$REGENMODE
 70
1
  9
$FILLMODE
 70
1
  9
$QTEXTMODE
 70
0
  9
$MIRRTEXT
 70
0
  9
$LTSCALE
 40
1.0
  9
$ATTMODE
 70
1
  9
$TEXTSIZE
 40
0.2
  9
$TRACEWID
 40
1.0
  9
$TEXTSTYLE
  7
80CL-1_10
  9
$CLAYER
  8
0
  9
$CELTYPE
  6
ByLayer
  9
$CECOLOR
 62
256
  9
$CELTSCALE
 40
1.0
  9
$DISPSILH
 70
0
  9
$DIMSCALE
 40
10.0
  9
$DIMASZ
 40
1.5
  9
$DIMEXO
 40
2.0
  9
$DIMDLI
 40
8.0
  9
$DIMRND
 40
0.0
  9
$DIMDLE
 40
1.8
  9
$DIMEXE
 40
1.8
  9
$DIMTP
 40
0.0
  9
$DIMTM
 40
0.0
  9
$DIMTXT
 40
2.0
  9
$DIMCEN
 40
-2.0
  9
$DIMTSZ
 40
0.0
  9
$DIMTOL
 70
0
  9
$DIMLIM
 70
0
  9
$DIMTIH
 70
0
  9
$DIMTOH
 70
0
  9
$DIMSE1
 70
0
  9
$DIMSE2
 70
0
  9
$DIMTAD
 70
1
  9
$DIMZIN
 70
8
  9
$DIMBLK
  1
ArchTick
  9
$DIMASO
 70
1
  9
$DIMSHO
 70
1
  9
$DIMPOST
  1

  9
$DIMAPOST
  1

  9
$DIMALT
 70
0
  9
$DIMALTD
 70
3
  9
$DIMALTF
 40
0.03937007874016
  9
$DIMLFAC
 40
0.1
  9
$DIMTOFL
 70
1
  9
$DIMTVP
 40
0.0
  9
$DIMTIX
 70
0
  9
$DIMSOXD
 70
0
  9
$DIMSAH
 70
0
  9
$DIMBLK1
  1

  9
$DIMBLK2
  1

  9
$DIMSTYLE
  2
TICK-1_10
  9
$DIMCLRD
 70
1
  9
$DIMCLRE
 70
1
  9
$DIMCLRT
 70
2
  9
$DIMTFAC
 40
1.0
  9
$DIMGAP
 40
1.0
  9
$DIMJUST
 70
0
  9
$DIMSD1
 70
0
  9
$DIMSD2
 70
0
  9
$DIMTOLJ
 70
0
  9
$DIMTZIN
 70
8
  9
$DIMALTZ
 70
0
  9
$DIMALTTZ
 70
0
  9
$DIMUPT
 70
0
  9
$DIMDEC
 70
4
  9
$DIMTDEC
 70
4
  9
$DIMALTU
 70
2
  9
$DIMALTTD
 70
3
  9
$DIMTXSTY
  7
80CL-1_10
  9
$DIMAUNIT
 70
0
  9
$DIMADEC
 70
4
  9
$DIMALTRND
 40
0.0
  9
$DIMAZIN
 70
2
  9
$DIMDSEP
 70
44
  9
$DIMATFIT
 70
3
  9
$DIMFRAC
 70
0
  9
$DIMLDRBLK
  1

  9
$DIMLUNIT
 70
2
  9
$DIMLWD
 70
-1
  9
$DIMLWE
 70
-2
  9
$DIMTMOVE
 70
2
  9
$DIMFXL
 40
1.0
  9
$DIMFXLON
 70
0
  9
$DIMJOGANG
 40
0.7853981633974483
  9
$DIMTFILL
 70
0
  9
$DIMTFILLCLR
 70
0
  9
$DIMARCSYM
 70
0
  9
$DIMLTYPE
  6

  9
$DIMLTEX1
  6

  9
$DIMLTEX2
  6

  9
$DIMTXTDIRECTION
 70
0
  9
$LUNITS
 70
2
  9
$LUPREC
 70
4
  9
$SKETCHINC
 40
1.0
  9
$FILLETRAD
 40
0.0
  9
$AUNITS
 70
0
  9
$AUPREC
 70
0
  9
$MENU
  1
.
  9
$ELEVATION
 40
0.0
  9
$PELEVATION
 40
0.0
  9
$THICKNESS
 40
0.0
  9
$LIMCHECK
 70
0
  9
$CHAMFERA
 40
0.0
  9
$CHAMFERB
 40
0.0
  9
$CHAMFERC
 40
0.0
  9
$CHAMFERD
 40
0.0
  9
$SKPOLY
 70
0
  9
$TDCREATE
 40
2461169.0056481482
  9
$TDUCREATE
 40
2461157.026400463
  9
$TDUPDATE
 40
2461169.0056481482
  9
$TDUUPDATE
 40
2461169.127071759
  9
$TDINDWG
 40
0.0216319444
  9
$TDUSRTIMER
 40
0.0216319444
  9
$USRTIMER
 70
1
  9
$ANGBASE
 50
0.0
  9
$ANGDIR
 70
0
  9
$PDMODE
 70
0
  9
$PDSIZE
 40
0.0
  9
$PLINEWID
 40
0.0
  9
$SPLFRAME
 70
0
  9
$SPLINETYPE
 70
6
  9
$SPLINESEGS
 70
8
  9
$HANDSEED
  5
8E9
  9
$SURFTAB1
 70
6
  9
$SURFTAB2
 70
6
  9
$SURFTYPE
 70
6
  9
$SURFU
 70
6
  9
$SURFV
 70
6
  9
$UCSBASE
  2

  9
$UCSNAME
  2

  9
$UCSORG
 10
0.0
 20
0.0
 30
0.0
  9
$UCSXDIR
 10
1.0
 20
0.0
 30
0.0
  9
$UCSYDIR
 10
0.0
 20
1.0
 30
0.0
  9
$UCSORTHOREF
  2

  9
$UCSORTHOVIEW
 70
0
  9
$UCSORGTOP
 10
0.0
 20
0.0
 30
0.0
  9
$UCSORGBOTTOM
 10
0.0
 20
0.0
 30
0.0
  9
$UCSORGLEFT
 10
0.0
 20
0.0
 30
0.0
  9
$UCSORGRIGHT
 10
0.0
 20
0.0
 30
0.0
  9
$UCSORGFRONT
 10
0.0
 20
0.0
 30
0.0
  9
$UCSORGBACK
 10
0.0
 20
0.0
 30
0.0
  9
$PUCSBASE
  2

  9
$PUCSNAME
  2

  9
$PUCSORG
 10
0.0
 20
0.0
 30
0.0
  9
$PUCSXDIR
 10
1.0
 20
0.0
 30
0.0
  9
$PUCSYDIR
 10
0.0
 20
1.0
 30
0.0
  9
$PUCSORTHOREF
  2

  9
$PUCSORTHOVIEW
 70
0
  9
$PUCSORGTOP
 10
0.0
 20
0.0
 30
0.0
  9
$PUCSORGBOTTOM
 10
0.0
 20
0.0
 30
0.0
  9
$PUCSORGLEFT
 10
0.0
 20
0.0
 30
0.0
  9
$PUCSORGRIGHT
 10
0.0
 20
0.0
 30
0.0
  9
$PUCSORGFRONT
 10
0.0
 20
0.0
 30
0.0
  9
$PUCSORGBACK
 10
0.0
 20
0.0
 30
0.0
  9
$USERI1
 70
0
  9
$USERI2
 70
0
  9
$USERI3
 70
0
  9
$USERI4
 70
0
  9
$USERI5
 70
0
  9
$USERR1
 40
0.0
  9
$USERR2
 40
0.0
  9
$USERR3
 40
0.0
  9
$USERR4
 40
0.0
  9
$USERR5
 40
0.0
  9
$WORLDVIEW
 70
1
  9
$SHADEDGE
 70
3
  9
$SHADEDIF
 70
70
  9
$TILEMODE
 70
1
  9
$MAXACTVP
 70
64
  9
$PINSBASE
 10
0.0
 20
0.0
 30
0.0
  9
$PLIMCHECK
 70
0
  9
$PEXTMIN
 10
0.0
 20
0.0
 30
0.0
  9
$PEXTMAX
 10
0.0
 20
0.0
 30
0.0
  9
$PLIMMIN
 10
0.0
 20
0.0
  9
$PLIMMAX
 10
12.0
 20
9.0
  9
$UNITMODE
 70
0
  9
$VISRETAIN
 70
1
  9
$PLINEGEN
 70
0
  9
$PSLTSCALE
 70
1
  9
$TREEDEPTH
 70
3020
  9
$CMLSTYLE
  2
Standard
  9
$CMLJUST
 70
0
  9
$CMLSCALE
 40
20.0
  9
$PROXYGRAPHICS
 70
1
  9
$MEASUREMENT
 70
1
  9
$CELWEIGHT
370
-1
  9
$ENDCAPS
280
0
  9
$JOINSTYLE
280
0
  9
$LWDISPLAY
290
0
  9
$INSUNITS
 70
4
  9
$HYPERLINKBASE
  1

  9
$STYLESHEET
  1

  9
$XEDIT
290
1
  9
$CEPSNTYPE
380
0
  9
$PSTYLEMODE
290
1
  9
$FINGERPRINTGUID
  2
{57C99C6D-5B25-5D4B-B0D4-DC460C502E95}
  9
$VERSIONGUID
  2
{72DE6FB4-E8A0-4D05-91B3-CE0626F3457A}
  9
$EXTNAMES
290
1
  9
$PSVPSCALE
 40
0.0
  9
$OLESTARTUP
290
0
  9
$SORTENTS
280
127
  9
$INDEXCTL
280
0
  9
$HIDETEXT
280
1
  9
$XCLIPFRAME
280
2
  9
$HALOGAP
280
0
  9
$OBSCOLOR
 70
257
  9
$OBSLTYPE
280
0
  9
$INTERSECTIONDISPLAY
280
0
  9
$INTERSECTIONCOLOR
 70
257
  9
$DIMASSOC
280
2
  9
$PROJECTNAME
  1

  9
$CAMERADISPLAY
290
0
  9
$LENSLENGTH
 40
50.0
  9
$CAMERAHEIGHT
 40
0.0
  9
$STEPSPERSEC
 40
2.0
  9
$STEPSIZE
 40
6.0
  9
$3DDWFPREC
 40
2.0
  9
$PSOLWIDTH
 40
5.0
  9
$PSOLHEIGHT
 40
80.0
  9
$LOFTANG1
 40
1.570796326794896
  9
$LOFTANG2
 40
1.570796326794896
  9
$LOFTMAG1
 40
0.0
  9
$LOFTMAG2
 40
0.0
  9
$LOFTPARAM
 70
7
  9
$LOFTNORMALS
280
1
  9
$LATITUDE
 40
37.795
  9
$LONGITUDE
 40
-122.394
  9
$NORTHDIRECTION
 40
0.0
  9
$TIMEZONE
 70
-8000
  9
$LIGHTGLYPHDISPLAY
280
1
  9
$TILEMODELIGHTSYNCH
280
1
  9
$CMATERIAL
347
EC
  9
$SOLIDHIST
280
0
  9
$SHOWHIST
280
1
  9
$DWFFRAME
280
2
  9
$DGNFRAME
280
0
  9
$REALWORLDSCALE
290
1
  9
$INTERFERECOLOR
 62
1
  9
$INTERFEREOBJVS
345
F9
  9
$INTERFEREVPVS
346
F6
  9
$CSHADOW
280
0
  9
$SHADOWPLANELOCATION
 40
0.0
  0
ENDSEC
  0
SECTION
  2
CLASSES
  0
CLASS
  1
ACDBDICTIONARYWDFLT
  2
AcDbDictionaryWithDefault
  3
ObjectDBX Classes
 90
0
 91
1
280
0
281
0
  0
CLASS
  1
DICTIONARYVAR
  2
AcDbDictionaryVar
  3
ObjectDBX Classes
 90
0
 91
11
280
0
281
0
  0
CLASS
  1
TABLESTYLE
  2
AcDbTableStyle
  3
ObjectDBX Classes
 90
4095
 91
1
280
0
281
0
  0
CLASS
  1
MATERIAL
  2
AcDbMaterial
  3
ObjectDBX Classes
 90
1153
 91
3
280
0
281
0
  0
CLASS
  1
VISUALSTYLE
  2
AcDbVisualStyle
  3
ObjectDBX Classes
 90
4095
 91
24
280
0
281
0
  0
CLASS
  1
SCALE
  2
AcDbScale
  3
ObjectDBX Classes
 90
1153
 91
17
280
0
281
0
  0
CLASS
  1
MLEADERSTYLE
  2
AcDbMLeaderStyle
  3
ACDB_MLEADERSTYLE_CLASS
 90
4095
 91
2
280
0
281
0
  0
CLASS
  1
CELLSTYLEMAP
  2
AcDbCellStyleMap
  3
ObjectDBX Classes
 90
1152
 91
2
280
0
281
0
  0
CLASS
  1
EXACXREFPANELOBJECT
  2
ExAcXREFPanelObject
  3
EXAC_ESW
 90
1025
 91
0
280
0
281
0
  0
CLASS
  1
NPOCOLLECTION
  2
AcDbImpNonPersistentObjectsCollection
  3
ObjectDBX Classes
 90
1153
 91
0
280
0
281
0
  0
CLASS
  1
LAYER_INDEX
  2
AcDbLayerIndex
  3
ObjectDBX Classes
 90
0
 91
0
280
0
281
0
  0
CLASS
  1
SPATIAL_INDEX
  2
AcDbSpatialIndex
  3
ObjectDBX Classes
 90
0
 91
0
280
0
281
0
  0
CLASS
  1
IDBUFFER
  2
AcDbIdBuffer
  3
ObjectDBX Classes
 90
0
 91
0
280
0
281
0
  0
CLASS
  1
ACDBSECTIONVIEWSTYLE
  2
AcDbSectionViewStyle
  3
ObjectDBX Classes
 90
1025
 91
2
280
0
281
0
  0
CLASS
  1
ACDBDETAILVIEWSTYLE
  2
AcDbDetailViewStyle
  3
ObjectDBX Classes
 90
1025
 91
2
280
0
281
0
  0
CLASS
  1
RAPIDRTRENDERSETTINGS
  2
AcDbRapidRTRenderSettings
  3
ObjectDBX Classes
 90
1024
 91
7
280
0
281
0
  0
CLASS
  1
SORTENTSTABLE
  2
AcDbSortentsTable
  3
ObjectDBX Classes
 90
0
 91
3
280
0
281
0
  0
CLASS
  1
DIMASSOC
  2
AcDbDimAssoc
  3
"AcDbDimAssoc|Product Desc:     AcDim ARX App For Dimension|Company:          Autodesk, Inc.|WEB Address:      www.autodesk.com"
 90
0
 91
1
280
0
281
0
  0
CLASS
  1
ACDBASSOCACTION
  2
AcDbAssocAction
  3
ObjectDBX Classes
 90
1025
 91
2
280
0
281
0
  0
CLASS
  1
ACDBASSOCARRAYACTIONBODY
  2
AcDbAssocArrayActionBody
  3
ObjectDBX Classes
 90
1025
 91
2
280
0
281
0
  0
CLASS
  1
ACDBASSOCDEPENDENCY
  2
AcDbAssocDependency
  3
ObjectDBX Classes
 90
1025
 91
6
280
0
281
0
  0
CLASS
  1
ACDBASSOCVERTEXACTIONPARAM
  2
AcDbAssocVertexActionParam
  3
ObjectDBX Classes
 90
1025
 91
6
280
0
281
0
  0
CLASS
  1
ACDBASSOCARRAYPOLARPARAMETERS
  2
AcDbAssocArrayPolarParameters
  3
ObjectDBX Classes
 90
1025
 91
0
280
0
281
0
  0
CLASS
  1
ACDBASSOCNETWORK
  2
AcDbAssocNetwork
  3
ObjectDBX Classes
 90
1025
 91
2
280
0
281
0
  0
CLASS
  1
SUN
  2
AcDbSun
  3
SCENEOE
 90
1153
 91
0
280
0
281
0
  0
CLASS
  1
MENTALRAYRENDERSETTINGS
  2
AcDbMentalRayRenderSettings
  3
SCENEOE
 90
1024
 91
0
280
0
281
0
  0
CLASS
  1
RASTERVARIABLES
  2
AcDbRasterVariables
  3
ISM
 90
0
 91
0
280
0
281
0
  0
CLASS
  1
ACDBPLACEHOLDER
  2
AcDbPlaceHolder
  3
ObjectDBX Classes
 90
0
 91
0
280
0
281
0
  0
CLASS
  1
LAYOUT
  2
AcDbLayout
  3
ObjectDBX Classes
 90
0
 91
0
280
0
281
0
  0
ENDSEC
  0
SECTION
  2
TABLES
  0
TABLE
  2
VPORT
  5
8
330
0
100
AcDbSymbolTable
 70
1
  0
VPORT
  5
EA
330
8
100
AcDbSymbolTableRecord
100
AcDbViewportTableRecord
  2
*Active
 70
0
 10
0.0
 20
0.0
 11
1.0
 21
1.0
 12
4724.240637474943
 22
1177.42620143052
 13
0.0
 23
0.0
 14
10.0
 24
10.0
 15
10.0
 25
10.0
 16
0.0
 26
0.0
 36
1.0
 17
0.0
 27
0.0
 37
0.0
 40
1679.214800521164
 41
2.113207547169811
 42
50.0
 43
0.0
 44
0.0
 50
0.0
 51
0.0
 71
0
 72
1000
 73
1
 74
3
 75
0
 76
1
 77
0
 78
0
281
0
 65
1
110
0.0
120
0.0
130
0.0
111
1.0
121
0.0
131
0.0
112
0.0
122
1.0
132
0.0
 79
0
146
0.0
 60
3
 61
5
348
F5
292
1
282
1
141
0.0
142
0.0
 63
250
421
3355443
1001
ACAD_NAV_VCDISPLAY
1070
3
  0
ENDTAB
  0
TABLE
  2
LTYPE
  5
5
330
0
100
AcDbSymbolTable
 70
4
  0
LTYPE
  5
14
330
5
100
AcDbSymbolTableRecord
100
AcDbLinetypeTableRecord
  2
ByBlock
 70
0
  3

 72
65
 73
0
 40
0.0
  0
LTYPE
  5
15
330
5
100
AcDbSymbolTableRecord
100
AcDbLinetypeTableRecord
  2
ByLayer
 70
0
  3

 72
65
 73
0
 40
0.0
  0
LTYPE
  5
16
330
5
100
AcDbSymbolTableRecord
100
AcDbLinetypeTableRecord
  2
Continuous
 70
0
  3
Solid line
 72
65
 73
0
 40
0.0
  0
LTYPE
  5
4F8
330
5
100
AcDbSymbolTableRecord
100
AcDbLinetypeTableRecord
  2
HIDDEN
 70
0
  3
Hidden __ __ __ __ __ __ __ __ __ __ __ __ __ _
 72
65
 73
2
 40
0.375
 49
0.25
 74
0
 49
-0.125
 74
0
  0
ENDTAB
  0
TABLE
  2
LAYER
  5
2
102
{ACAD_XDICTIONARY
360
1FF
102
}
330
0
100
AcDbSymbolTable
 70
18
  0
LAYER
  5
10
102
{ACAD_XDICTIONARY
360
13C
102
}
330
2
100
AcDbSymbolTableRecord
100
AcDbLayerTableRecord
  2
0
 70
0
 62
7
  6
Continuous
370
-3
390
F
347
EE
348
0
  0
LAYER
  5
4F9
330
2
100
AcDbSymbolTableRecord
100
AcDbLayerTableRecord
  2
Defpoints
 70
0
 62
7
  6
Continuous
290
0
370
-3
390
F
347
EE
348
0
  0
LAYER
  5
4FA
330
2
100
AcDbSymbolTableRecord
100
AcDbLayerTableRecord
  2
CIVIL-TX2
 70
0
 62
2
  6
Continuous
370
-3
390
F
347
EE
348
0
  0
LAYER
  5
4FB
330
2
100
AcDbSymbolTableRecord
100
AcDbLayerTableRecord
  2
CIVIL-DIM
 70
0
 62
1
  6
Continuous
370
-3
390
F
347
EE
348
0
  0
LAYER
  5
4FC
330
2
100
AcDbSymbolTableRecord
100
AcDbLayerTableRecord
  2
CIVIL-02
 70
0
 62
2
  6
Continuous
370
-3
390
F
347
EE
348
0
  0
LAYER
  5
4FD
330
2
100
AcDbSymbolTableRecord
100
AcDbLayerTableRecord
  2
CIVIL-254
 70
0
 62
254
  6
Continuous
370
-3
390
F
347
EE
348
0
1001
AcAecLayerStandard
1000

1000

1001
AcCmTransparency
1071
0
  0
LAYER
  5
4FE
330
2
100
AcDbSymbolTableRecord
100
AcDbLayerTableRecord
  2
CIVIL-FERRO-VISTA
 70
0
 62
5
  6
Continuous
370
-3
390
F
347
EE
348
0
  0
LAYER
  5
4FF
330
2
100
AcDbSymbolTableRecord
100
AcDbLayerTableRecord
  2
CIVIL-FERRO-CORTE
 70
0
 62
4
  6
Continuous
370
-3
390
F
347
EE
348
0
  0
LAYER
  5
500
330
2
100
AcDbSymbolTableRecord
100
AcDbLayerTableRecord
  2
CIVIL-1
 70
0
 62
1
  6
Continuous
370
-3
390
F
347
EE
348
0
  0
LAYER
  5
501
330
2
100
AcDbSymbolTableRecord
100
AcDbLayerTableRecord
  2
CIVIL-02-PROJ
 70
0
 62
2
  6
HIDDEN
370
-3
390
F
347
EE
348
0
1001
AcAecLayerStandard
1000

1000

1001
AcCmTransparency
1071
0
  0
LAYER
  5
502
330
2
100
AcDbSymbolTableRecord
100
AcDbLayerTableRecord
  2
CIVIL-253
 70
0
 62
253
  6
Continuous
370
-3
390
F
347
EE
348
0
1001
AcAecLayerStandard
1000

1000

1001
AcCmTransparency
1071
0
  0
LAYER
  5
503
330
2
100
AcDbSymbolTableRecord
100
AcDbLayerTableRecord
  2
ES_TEXTO
 70
0
 62
2
  6
Continuous
370
-3
390
F
347
EE
348
0
1001
AcAecLayerStandard
1000

1000

1001
AcCmTransparency
1071
0
  0
LAYER
  5
504
330
2
100
AcDbSymbolTableRecord
100
AcDbLayerTableRecord
  2
FORMA_02
 70
0
 62
2
  6
Continuous
370
-3
390
F
347
EE
348
0
  0
LAYER
  5
505
330
2
100
AcDbSymbolTableRecord
100
AcDbLayerTableRecord
  2
FERRO_05
 70
0
 62
5
  6
Continuous
370
-3
390
F
347
EE
348
0
  0
LAYER
  5
506
330
2
100
AcDbSymbolTableRecord
100
AcDbLayerTableRecord
  2
CIVIL-TX5
 70
0
 62
5
  6
Continuous
370
-3
390
F
347
EE
348
0
1001
AcAecLayerStandard
1000

1000

1001
AcCmTransparency
1071
0
  0
LAYER
  5
880
330
2
100
AcDbSymbolTableRecord
100
AcDbLayerTableRecord
  2
REVESTIMENTO
 70
0
 62
1
  6
Continuous
370
-3
390
F
347
EE
  0
LAYER
  5
881
330
2
100
AcDbSymbolTableRecord
100
AcDbLayerTableRecord
  2
ARMADURA
 70
0
 62
4
  6
Continuous
370
-3
390
F
347
EE
  0
LAYER
  5
882
330
2
100
AcDbSymbolTableRecord
100
AcDbLayerTableRecord
  2
PERFIL
 70
0
 62
3
  6
Continuous
370
-3
390
F
347
EE
  0
ENDTAB
  0
TABLE
  2
STYLE
  5
3
330
0
100
AcDbSymbolTable
 70
11
  0
STYLE
  5
11
330
3
100
AcDbSymbolTableRecord
100
AcDbTextStyleTableRecord
  2
Standard
 70
0
 40
0.0
 41
1.0
 50
0.0
 71
0
 42
2.5
  3
arial.ttf
  4

1001
ACAD
1000
Arial
1071
34
  0
STYLE
  5
132
330
3
100
AcDbSymbolTableRecord
100
AcDbTextStyleTableRecord
  2
Annotative
 70
0
 40
0.0
 41
1.0
 50
0.0
 71
0
 42
2.5
  3
arial.ttf
  4

1001
AcadAnnotative
1000
AnnotativeData
1002
{
1070
1
1070
1
1002
}
1001
ACAD
1000
Arial
1071
34
  0
STYLE
  5
507
330
3
100
AcDbSymbolTableRecord
100
AcDbTextStyleTableRecord
  2
ARIAL NORMAL 75
 70
0
 40
150.0
 41
1.0
 50
0.0
 71
0
 42
0.2
  3
arial.ttf
  4

1001
ACAD
1000
Arial
1071
34
  0
STYLE
  5
508
330
3
100
AcDbSymbolTableRecord
100
AcDbTextStyleTableRecord
  2
ARIAL NORMAL 50
 70
0
 40
100.0
 41
1.0
 50
0.0
 71
0
 42
0.2
  3
arial.ttf
  4

1001
ACAD
1000
Arial
1071
34
  0
STYLE
  5
509
330
3
100
AcDbSymbolTableRecord
100
AcDbTextStyleTableRecord
  2
80CL-1_10
 70
0
 40
0.0
 41
1.0
 50
0.0
 71
0
 42
0.2
  3
romans.shx
  4

  0
STYLE
  5
50A
330
3
100
AcDbSymbolTableRecord
100
AcDbTextStyleTableRecord
  2
80CL-1_25
 70
0
 40
50.0
 41
1.0
 50
0.0
 71
0
 42
0.2
  3
romans.shx
  4

  0
STYLE
  5
50B
330
3
100
AcDbSymbolTableRecord
100
AcDbTextStyleTableRecord
  2
ARIAL NORMAL
 70
0
 40
0.1
 41
1.0
 50
0.0
 71
0
 42
0.2
  3
arial.ttf
  4

1001
ACAD
1000
Arial
1071
34
  0
STYLE
  5
50C
330
3
100
AcDbSymbolTableRecord
100
AcDbTextStyleTableRecord
  2
ARIAL NORMAL 12.5
 70
0
 40
25.0
 41
1.0
 50
0.0
 71
0
 42
0.2
  3
arial.ttf
  4

1001
ACAD
1000
Arial
1071
34
  0
STYLE
  5
50D
330
3
100
AcDbSymbolTableRecord
100
AcDbTextStyleTableRecord
  2
80CL-1_50
 70
0
 40
100.0
 41
1.0
 50
0.0
 71
0
 42
0.2
  3
romans.shx
  4

  0
STYLE
  5
50E
330
3
100
AcDbSymbolTableRecord
100
AcDbTextStyleTableRecord
  2
140CL-1_10
 70
0
 40
35.0
 41
1.0
 50
0.0
 71
0
 42
0.2
  3
romans.shx
  4

  0
STYLE
  5
50F
330
3
100
AcDbSymbolTableRecord
100
AcDbTextStyleTableRecord
  2
140CL-1_50
 70
0
 40
175.0
 41
1.0
 50
0.0
 71
0
 42
0.2
  3
romans.shx
  4

  0
ENDTAB
  0
TABLE
  2
VIEW
  5
6
330
0
100
AcDbSymbolTable
 70
0
  0
ENDTAB
  0
TABLE
  2
UCS
  5
7
330
0
100
AcDbSymbolTable
 70
0
  0
ENDTAB
  0
TABLE
  2
APPID
  5
9
330
0
100
AcDbSymbolTable
 70
20
  0
APPID
  5
12
330
9
100
AcDbSymbolTableRecord
100
AcDbRegAppTableRecord
  2
ACAD
 70
0
  0
APPID
  5
9E
330
9
100
AcDbSymbolTableRecord
100
AcDbRegAppTableRecord
  2
ACAD_PSEXT
 70
0
  0
APPID
  5
133
330
9
100
AcDbSymbolTableRecord
100
AcDbRegAppTableRecord
  2
AcadAnnoPO
 70
0
  0
APPID
  5
134
330
9
100
AcDbSymbolTableRecord
100
AcDbRegAppTableRecord
  2
AcadAnnotative
 70
0
  0
APPID
  5
135
330
9
100
AcDbSymbolTableRecord
100
AcDbRegAppTableRecord
  2
ACAD_DSTYLE_DIMJAG
 70
0
  0
APPID
  5
136
330
9
100
AcDbSymbolTableRecord
100
AcDbRegAppTableRecord
  2
ACAD_DSTYLE_DIMTALN
 70
0
  0
APPID
  5
165
330
9
100
AcDbSymbolTableRecord
100
AcDbRegAppTableRecord
  2
ACAD_MLEADERVER
 70
0
  0
APPID
  5
217
330
9
100
AcDbSymbolTableRecord
100
AcDbRegAppTableRecord
  2
ACAD_NAV_VCDISPLAY
 70
0
  0
APPID
  5
514
330
9
100
AcDbSymbolTableRecord
100
AcDbRegAppTableRecord
  2
AcAecLayerStandard
 70
0
  0
APPID
  5
515
330
9
100
AcDbSymbolTableRecord
100
AcDbRegAppTableRecord
  2
AcCmTransparency
 70
0
  0
APPID
  5
516
330
9
100
AcDbSymbolTableRecord
100
AcDbRegAppTableRecord
  2
AcDbBlockRepETag
 70
0
  0
APPID
  5
517
330
9
100
AcDbSymbolTableRecord
100
AcDbRegAppTableRecord
  2
AcDbDynamicBlockGUID
 70
0
  0
APPID
  5
518
330
9
100
AcDbSymbolTableRecord
100
AcDbRegAppTableRecord
  2
GradientColor1ACI
 70
0
  0
APPID
  5
519
330
9
100
AcDbSymbolTableRecord
100
AcDbRegAppTableRecord
  2
GradientColor2ACI
 70
0
  0
APPID
  5
51A
330
9
100
AcDbSymbolTableRecord
100
AcDbRegAppTableRecord
  2
ADE
 70
0
  0
APPID
  5
51B
330
9
100
AcDbSymbolTableRecord
100
AcDbRegAppTableRecord
  2
PLOTTRANSPARENCY
 70
0
  0
APPID
  5
796
330
9
100
AcDbSymbolTableRecord
100
AcDbRegAppTableRecord
  2
ACAD_EXEMPT_FROM_CAD_STANDARDS
 70
0
  0
APPID
  5
7DD
330
9
100
AcDbSymbolTableRecord
100
AcDbRegAppTableRecord
  2
AcadAnnoMonitorAlertIconDisabled
 70
0
  0
APPID
  5
8E5
330
9
100
AcDbSymbolTableRecord
100
AcDbRegAppTableRecord
  2
HATCHBACKGROUNDCOLOR
 70
0
  0
APPID
  5
8E6
330
9
100
AcDbSymbolTableRecord
100
AcDbRegAppTableRecord
  2
EZDXF
 70
0
  0
ENDTAB
  0
TABLE
  2
DIMSTYLE
  5
A
330
0
100
AcDbSymbolTable
 70
7
100
AcDbDimStyleTable
  0
DIMSTYLE
105
1B0
330
A
100
AcDbSymbolTableRecord
100
AcDbDimStyleTableRecord
  2
Standard
 70
0
 40
1.0
 41
2.5
 42
0.625
 43
3.75
 44
1.25
 45
0.0
 46
0.0
 47
0.0
 48
0.0
 49
2.5
140
2.5
141
2.5
142
0.0
143
0.03937007874
144
1.0
145
0.0
146
1.0
147
0.625
148
0.0
 69
0
 70
0
 71
0
 72
0
 73
0
 74
0
 75
0
 76
0
 77
1
 78
8
 79
3
170
0
171
3
172
1
173
0
174
0
175
0
176
0
177
0
178
0
179
2
271
2
272
2
273
2
274
3
275
0
276
0
277
2
278
44
279
0
280
0
281
0
282
0
283
0
284
8
285
0
286
0
288
0
289
3
290
0
340
11
371
-2
372
-2
  0
DIMSTYLE
105
137
330
A
100
AcDbSymbolTableRecord
100
AcDbDimStyleTableRecord
  2
Annotative
 70
0
 40
0.0
 41
2.5
 42
0.625
 43
3.75
 44
1.25
 45
0.0
 46
0.0
 47
0.0
 48
0.0
 49
2.5
140
2.5
141
2.5
142
0.0
143
0.03937007874016
144
1.0
145
0.0
146
1.0
147
0.625
148
0.0
 69
0
 70
0
 71
0
 72
0
 73
0
 74
0
 75
0
 76
0
 77
1
 78
8
 79
3
170
0
171
3
172
1
173
0
174
0
175
0
176
0
177
0
178
0
179
2
271
2
272
2
273
2
274
3
275
0
276
0
277
2
278
44
279
0
280
0
281
0
282
0
283
0
284
8
285
0
286
0
288
0
289
3
290
0
340
11
371
-2
372
-2
1001
AcadAnnotative
1000
AnnotativeData
1002
{
1070
1
1070
1
1002
}
1001
ACAD_DSTYLE_DIMJAG
1070
388
1040
1.5
1001
ACAD_DSTYLE_DIMTALN
1070
392
1070
0
  0
DIMSTYLE
105
27
330
A
100
AcDbSymbolTableRecord
100
AcDbDimStyleTableRecord
  2
ISO-25
 70
0
 40
1.0
 41
2.5
 42
0.625
 43
3.75
 44
1.25
 45
0.0
 46
0.0
 47
0.0
 48
0.0
 49
2.5
140
2.5
141
2.5
142
0.0
143
0.03937007874016
144
1.0
145
0.0
146
1.0
147
0.625
148
0.0
 69
0
 70
0
 71
0
 72
0
 73
0
 74
0
 75
0
 76
0
 77
1
 78
8
 79
3
170
0
171
3
172
1
173
0
174
0
175
0
176
0
177
0
178
0
179
2
271
2
272
2
273
2
274
3
275
0
276
0
277
2
278
44
279
0
280
0
281
0
282
0
283
0
284
8
285
0
286
0
288
0
289
3
290
0
340
11
371
-2
372
-2
  0
DIMSTYLE
105
510
330
A
100
AcDbSymbolTableRecord
100
AcDbDimStyleTableRecord
  2
TICK-1_75
 70
0
 40
75.0
 41
1.5
 42
2.0
 43
8.0
 44
1.8
 45
0.0
 46
1.8
 47
0.0
 48
0.0
 49
2.5
140
150.0
141
-2.0
142
0.0
143
0.03937007874016
144
0.1
145
0.0
146
1.0
147
1.0
148
0.0
 69
0
 70
0
 71
0
 72
0
 73
0
 74
0
 75
0
 76
0
 77
1
 78
8
 79
2
170
0
171
3
172
1
173
0
174
1
175
0
176
1
177
1
178
2
179
1
271
1
272
1
273
2
274
3
275
0
276
0
277
2
278
44
279
2
280
0
281
0
282
0
283
0
284
8
285
0
286
0
288
0
289
3
290
0
340
507
342
2C9
371
-1
372
-2
1001
ACAD_DSTYLE_DIMJAG
1070
388
1040
1.5
1001
ACAD_DSTYLE_DIMTALN
1070
392
1070
0
  0
DIMSTYLE
105
511
102
{ACAD_REACTORS
330
5B0
330
5B2
330
5B4
330
5C9
330
5CA
330
5CB
330
5CC
330
5CF
330
5D0
330
5D5
330
5DA
102
}
330
A
100
AcDbSymbolTableRecord
100
AcDbDimStyleTableRecord
  2
TICK-1_50
 70
0
 40
50.0
 41
1.5
 42
2.0
 43
8.0
 44
1.8
 45
0.0
 46
1.8
 47
0.0
 48
0.0
 49
2.5
140
100.0
141
-2.0
142
0.0
143
0.03937007874016
144
0.1
145
0.0
146
1.0
147
1.0
148
0.0
 69
0
 70
0
 71
0
 72
0
 73
0
 74
0
 75
0
 76
0
 77
1
 78
8
 79
2
170
0
171
3
172
1
173
0
174
1
175
0
176
1
177
1
178
2
179
1
271
1
272
1
273
2
274
3
275
0
276
0
277
2
278
44
279
2
280
0
281
0
282
0
283
0
284
8
285
0
286
0
288
0
289
3
290
0
340
508
342
2C9
371
-1
372
-2
1001
ACAD_DSTYLE_DIMJAG
1070
388
1040
1.5
1001
ACAD_DSTYLE_DIMTALN
1070
392
1070
0
  0
DIMSTYLE
105
512
102
{ACAD_REACTORS
330
59C
330
59D
330
5A1
330
5A7
102
}
330
A
100
AcDbSymbolTableRecord
100
AcDbDimStyleTableRecord
  2
TICK-1_10
 70
0
 40
10.0
 41
1.5
 42
2.0
 43
8.0
 44
1.8
 45
0.0
 46
1.8
 47
0.0
 48
0.0
 49
2.5
140
2.0
141
-2.0
142
0.0
143
0.03937007874016
144
0.1
145
0.0
146
1.0
147
1.0
148
0.0
 69
0
 70
0
 71
0
 72
0
 73
0
 74
0
 75
0
 76
0
 77
1
 78
8
 79
2
170
0
171
3
172
1
173
0
174
0
175
0
176
1
177
1
178
2
179
4
271
2
272
2
273
2
274
3
275
0
276
0
277
2
278
44
279
2
280
0
281
0
282
0
283
0
284
8
285
0
286
0
288
0
289
3
290
0
340
509
342
2C9
371
-1
372
-2
1001
ACAD_DSTYLE_DIMJAG
1070
388
1040
1.5
1001
ACAD_DSTYLE_DIMTALN
1070
392
1070
0
  0
DIMSTYLE
105
513
330
A
100
AcDbSymbolTableRecord
100
AcDbDimStyleTableRecord
  2
TICK-1_25
 70
0
 40
25.0
 41
1.5
 42
2.0
 43
8.0
 44
1.8
 45
0.0
 46
1.8
 47
0.0
 48
0.0
 49
2.5
140
50.0
141
-2.0
142
0.0
143
0.03937007874016
144
0.1
145
0.0
146
1.0
147
1.0
148
0.0
 69
0
 70
0
 71
0
 72
0
 73
0
 74
0
 75
0
 76
0
 77
1
 78
8
 79
2
170
0
171
3
172
1
173
0
174
0
175
0
176
1
177
1
178
2
179
4
271
1
272
1
273
2
274
3
275
0
276
0
277
2
278
44
279
2
280
0
281
0
282
0
283
0
284
8
285
0
286
0
288
0
289
3
290
0
340
50A
342
2C9
371
-1
372
-2
1001
ACAD_DSTYLE_DIMJAG
1070
388
1040
1.5
1001
ACAD_DSTYLE_DIMTALN
1070
392
1070
0
  0
ENDTAB
  0
TABLE
  2
BLOCK_RECORD
  5
1
330
0
100
AcDbSymbolTable
 70
47
  0
BLOCK_RECORD
  5
1F
102
{ACAD_XDICTIONARY
360
1CE
102
}
330
1
100
AcDbSymbolTableRecord
100
AcDbBlockTableRecord
  2
*Model_Space
340
22
 70
0
280
1
281
0
  0
BLOCK_RECORD
  5
D2
330
1
100
AcDbSymbolTableRecord
100
AcDbBlockTableRecord
  2
*Paper_Space
340
D3
 70
0
280
1
281
0
  0
BLOCK_RECORD
  5
D6
330
1
100
AcDbSymbolTableRecord
100
AcDbBlockTableRecord
  2
*Paper_Space0
340
D7
 70
0
280
1
281
0
  0
BLOCK_RECORD
  5
2C9
330
1
100
AcDbSymbolTableRecord
100
AcDbBlockTableRecord
  2
_ArchTick
340
0
 70
0
280
1
281
0
  0
BLOCK_RECORD
  5
2CD
102
{ACAD_XDICTIONARY
360
2CE
102
}
330
1
100
AcDbSymbolTableRecord
100
AcDbBlockTableRecord
  2
Rocha_2
340
0
 70
0
280
1
281
0
1001
AcDbDynamicBlockGUID
1000
{DFAB5CF8-EDAB-4A5E-940F-5FFD3F356B9E}
1001
AcDbBlockRepETag
1070
1
1071
9
  0
BLOCK_RECORD
  5
2F2
102
{ACAD_XDICTIONARY
360
2F3
102
}
330
1
100
AcDbSymbolTableRecord
100
AcDbBlockTableRecord
  2
ROCHA_3
340
0
 70
0
280
1
281
0
1001
AcDbDynamicBlockGUID
1000
{866E18C3-0BE8-4B02-BDDF-385017A778F0}
1001
AcDbBlockRepETag
1070
1
1071
11
  0
BLOCK_RECORD
  5
3D3
330
1
100
AcDbSymbolTableRecord
100
AcDbBlockTableRecord
  2
*U4
340
0
 70
0
280
1
281
1
  0
BLOCK_RECORD
  5
3DC
330
1
100
AcDbSymbolTableRecord
100
AcDbBlockTableRecord
  2
*U5
340
0
 70
0
280
1
281
0
  0
BLOCK_RECORD
  5
3E0
330
1
100
AcDbSymbolTableRecord
100
AcDbBlockTableRecord
  2
*D6
340
0
 70
0
280
1
281
0
  0
BLOCK_RECORD
  5
3EC
330
1
100
AcDbSymbolTableRecord
100
AcDbBlockTableRecord
  2
*D7
340
0
 70
0
280
1
281
0
  0
BLOCK_RECORD
  5
3F8
330
1
100
AcDbSymbolTableRecord
100
AcDbBlockTableRecord
  2
*D8
340
0
 70
0
280
1
281
0
  0
BLOCK_RECORD
  5
404
330
1
100
AcDbSymbolTableRecord
100
AcDbBlockTableRecord
  2
*D9
340
0
 70
0
280
1
281
0
  0
BLOCK_RECORD
  5
410
330
1
100
AcDbSymbolTableRecord
100
AcDbBlockTableRecord
  2
*D10
340
0
 70
0
280
1
281
0
  0
BLOCK_RECORD
  5
41C
330
1
100
AcDbSymbolTableRecord
100
AcDbBlockTableRecord
  2
*D11
340
0
 70
0
280
1
281
0
  0
BLOCK_RECORD
  5
429
330
1
100
AcDbSymbolTableRecord
100
AcDbBlockTableRecord
  2
*D12
340
0
 70
0
280
1
281
0
  0
BLOCK_RECORD
  5
437
330
1
100
AcDbSymbolTableRecord
100
AcDbBlockTableRecord
  2
*D13
340
0
 70
0
280
1
281
0
  0
BLOCK_RECORD
  5
444
330
1
100
AcDbSymbolTableRecord
100
AcDbBlockTableRecord
  2
*D14
340
0
 70
0
280
1
281
0
  0
BLOCK_RECORD
  5
450
330
1
100
AcDbSymbolTableRecord
100
AcDbBlockTableRecord
  2
*D15
340
0
 70
0
280
1
281
0
  0
BLOCK_RECORD
  5
45C
330
1
100
AcDbSymbolTableRecord
100
AcDbBlockTableRecord
  2
*D16
340
0
 70
0
280
1
281
0
  0
BLOCK_RECORD
  5
468
330
1
100
AcDbSymbolTableRecord
100
AcDbBlockTableRecord
  2
*D17
340
0
 70
0
280
1
281
0
  0
BLOCK_RECORD
  5
474
330
1
100
AcDbSymbolTableRecord
100
AcDbBlockTableRecord
  2
*D18
340
0
 70
0
280
1
281
0
  0
BLOCK_RECORD
  5
480
330
1
100
AcDbSymbolTableRecord
100
AcDbBlockTableRecord
  2
*D19
340
0
 70
0
280
1
281
0
  0
BLOCK_RECORD
  5
48C
330
1
100
AcDbSymbolTableRecord
100
AcDbBlockTableRecord
  2
*D20
340
0
 70
0
280
1
281
0
  0
BLOCK_RECORD
  5
498
102
{ACAD_XDICTIONARY
360
499
102
}
330
1
100
AcDbSymbolTableRecord
100
AcDbBlockTableRecord
  2
G$CFA953293
340
0
 70
0
280
1
281
0
  0
BLOCK_RECORD
  5
4EB
330
1
100
AcDbSymbolTableRecord
100
AcDbBlockTableRecord
  2
*U22
340
0
 70
0
280
1
281
0
  0
BLOCK_RECORD
  5
4EF
330
1
100
AcDbSymbolTableRecord
100
AcDbBlockTableRecord
  2
*U23
340
0
 70
0
280
1
281
1
  0
BLOCK_RECORD
  5
5EC
102
{ACAD_REACTORS
330
612
102
}
330
1
100
AcDbSymbolTableRecord
100
AcDbBlockTableRecord
  2
*U24
340
0
 70
0
280
1
281
1
  0
BLOCK_RECORD
  5
5F7
102
{ACAD_REACTORS
330
613
102
}
330
1
100
AcDbSymbolTableRecord
100
AcDbBlockTableRecord
  2
*U25
340
0
 70
0
280
1
281
0
  0
BLOCK_RECORD
  5
5FB
102
{ACAD_REACTORS
330
60B
102
}
330
1
100
AcDbSymbolTableRecord
100
AcDbBlockTableRecord
  2
*U26
340
0
 70
0
280
1
281
0
  0
BLOCK_RECORD
  5
5FF
102
{ACAD_REACTORS
330
60A
102
}
330
1
100
AcDbSymbolTableRecord
100
AcDbBlockTableRecord
  2
*U27
340
0
 70
0
280
1
281
1
  0
BLOCK_RECORD
  5
618
330
1
100
AcDbSymbolTableRecord
100
AcDbBlockTableRecord
  2
*D28
340
0
 70
0
280
1
281
0
  0
BLOCK_RECORD
  5
624
330
1
100
AcDbSymbolTableRecord
100
AcDbBlockTableRecord
  2
*D29
340
0
 70
0
280
1
281
0
  0
BLOCK_RECORD
  5
630
330
1
100
AcDbSymbolTableRecord
100
AcDbBlockTableRecord
  2
*D30
340
0
 70
0
280
1
281
0
  0
BLOCK_RECORD
  5
63C
330
1
100
AcDbSymbolTableRecord
100
AcDbBlockTableRecord
  2
*D31
340
0
 70
0
280
1
281
0
  0
BLOCK_RECORD
  5
648
330
1
100
AcDbSymbolTableRecord
100
AcDbBlockTableRecord
  2
*D32
340
0
 70
0
280
1
281
0
  0
BLOCK_RECORD
  5
654
330
1
100
AcDbSymbolTableRecord
100
AcDbBlockTableRecord
  2
*D33
340
0
 70
0
280
1
281
0
  0
BLOCK_RECORD
  5
661
330
1
100
AcDbSymbolTableRecord
100
AcDbBlockTableRecord
  2
*D34
340
0
 70
0
280
1
281
0
  0
BLOCK_RECORD
  5
66F
330
1
100
AcDbSymbolTableRecord
100
AcDbBlockTableRecord
  2
*D35
340
0
 70
0
280
1
281
0
  0
BLOCK_RECORD
  5
67C
330
1
100
AcDbSymbolTableRecord
100
AcDbBlockTableRecord
  2
*D36
340
0
 70
0
280
1
281
0
  0
BLOCK_RECORD
  5
688
330
1
100
AcDbSymbolTableRecord
100
AcDbBlockTableRecord
  2
*D37
340
0
 70
0
280
1
281
0
  0
BLOCK_RECORD
  5
694
330
1
100
AcDbSymbolTableRecord
100
AcDbBlockTableRecord
  2
*D38
340
0
 70
0
280
1
281
0
  0
BLOCK_RECORD
  5
6A0
330
1
100
AcDbSymbolTableRecord
100
AcDbBlockTableRecord
  2
*D39
340
0
 70
0
280
1
281
0
  0
BLOCK_RECORD
  5
6AC
330
1
100
AcDbSymbolTableRecord
100
AcDbBlockTableRecord
  2
*D40
340
0
 70
0
280
1
281
0
  0
BLOCK_RECORD
  5
6B8
330
1
100
AcDbSymbolTableRecord
100
AcDbBlockTableRecord
  2
*D41
340
0
 70
0
280
1
281
0
  0
BLOCK_RECORD
  5
74A
330
1
100
AcDbSymbolTableRecord
100
AcDbBlockTableRecord
  2
*D42
340
0
 70
0
280
1
281
0
  0
BLOCK_RECORD
  5
89C
330
1
100
AcDbSymbolTableRecord
100
AcDbBlockTableRecord
  2
*D1
340
0
 70
0
280
1
281
0
  0
BLOCK_RECORD
  5
8C5
330
1
100
AcDbSymbolTableRecord
100
AcDbBlockTableRecord
  2
*D2
340
0
 70
0
280
1
281
0
  0
ENDTAB
  0
ENDSEC
  0
SECTION
  2
BLOCKS
  0
BLOCK
  5
20
330
1F
100
AcDbEntity
  8
0
100
AcDbBlockBegin
  2
*Model_Space
 70
0
 10
0.0
 20
0.0
 30
0.0
  3
*Model_Space
  1

  0
ENDBLK
  5
21
330
1F
100
AcDbEntity
  8
0
100
AcDbBlockEnd
  0
BLOCK
  5
D4
330
D2
100
AcDbEntity
 67
1
  8
0
100
AcDbBlockBegin
  2
*Paper_Space
 70
0
 10
0.0
 20
0.0
 30
0.0
  3
*Paper_Space
  1

  0
ENDBLK
  5
D5
330
D2
100
AcDbEntity
 67
1
  8
0
100
AcDbBlockEnd
  0
BLOCK
  5
D8
330
D6
100
AcDbEntity
 67
1
  8
0
100
AcDbBlockBegin
  2
*Paper_Space0
 70
0
 10
0.0
 20
0.0
 30
0.0
  3
*Paper_Space0
  1

  0
ENDBLK
  5
D9
330
D6
100
AcDbEntity
 67
1
  8
0
100
AcDbBlockEnd
  0
BLOCK
  5
2CA
330
2C9
100
AcDbEntity
  8
0
100
AcDbBlockBegin
  2
_ArchTick
 70
0
 10
0.0
 20
0.0
 30
0.0
  3
_ArchTick
  1

  0
LWPOLYLINE
  5
2CB
330
2C9
100
AcDbEntity
  8
0
  6
ByBlock
 62
0
100
AcDbPolyline
 90
2
 70
0
 43
0.15
 10
-0.5
 20
-0.5
 10
0.5
 20
0.5
  0
ENDBLK
  5
2CC
330
2C9
100
AcDbEntity
  8
0
100
AcDbBlockEnd
  0
BLOCK
  5
2D0
330
2CD
100
AcDbEntity
  8
0
100
AcDbBlockBegin
  2
Rocha_2
 70
0
 10
0.0
 20
0.0
 30
0.0
  3
Rocha_2
  1

  0
LWPOLYLINE
  5
2D1
330
2CD
100
AcDbEntity
  8
CIVIL-253
100
AcDbPolyline
 90
27
 70
0
 10
0.2567138063241146
 20
4.547e-13
 10
0.2733911027426075
 20
0.0002596725962576
 10
0.2875958034273935
 20
0.0009342959265268
 10
0.2996170836486271
 20
0.0018672783035072
 10
0.3097441186801006
 20
0.0029020280408076
 10
0.3182660837919684
 20
0.0038819534502181
 10
0.3254721542580228
 20
0.0046504628458024
 10
0.3316515053520561
 20
0.0050509645393504
 10
0.3370933123442228
 20
0.0049268668444711
 10
0.3420539398139226
 20
0.0041777948054005
 10
0.3466585095793562
 20
0.0029282403947946
 10
0.3509993327625125
 20
0.0013589123159363
 10
0.3551687204817426
 20
-0.0003494807274365
 10
0.3592589838681306
 20
-0.0020162300311313
 10
0.3633624340382084
 20
-0.0034606268918651
 10
0.3675713821157842
 20
-0.0045019626059002
 10
0.3719781392264849
 20
-0.004959528469044
 10
0.376646217331654
 20
-0.0047157350927591
 10
0.3815239317755186
 20
-0.0039054703488546
 10
0.386530798739841
 20
-0.0027267414234302
 10
0.3915863344027457
 20
-0.0013775555044049
 10
0.3966100549478142
 20
-5.59197774237e-05
 10
0.4015214765586279
 20
0.0010401585709587
 10
0.4062401154151303
 20
0.0017126723528236
 10
0.4106854877027219
 20
0.0017636143829805
 10
0.4147913808483282
 20
0.0010328013413528
 10
0.4171376397844142
 20
8.27194926387e-05
  0
LWPOLYLINE
  5
2D2
330
2CD
100
AcDbEntity
  8
CIVIL-253
100
AcDbPolyline
 90
27
 70
0
 10
0.2567138063241146
 20
4.547e-13
 10
0.2511444584069977
 20
0.0001225876976605
 10
0.2454694297102833
 20
0.0004418560647537
 10
0.239636374382826
 20
0.0008850630115376
 10
0.2335929465734807
 20
0.001379466448725
 10
0.2272868004274642
 20
0.001852324286574
 10
0.2206655900954502
 20
0.0022308944367069
 10
0.2136769697226555
 20
0.0024424348098364
 10
0.2062685934615729
 20
0.0024142033157659
 10
0.1983898552462051
 20
0.0020989308004573
 10
0.1899971081893454
 20
0.001551239852688
 10
0.1810484451943921
 20
0.0008512259933013
 10
0.1715019591574673
 20
7.89847463238e-05
 10
0.1613157429837884
 20
-0.0006853883655822
 10
0.1504478895749344
 20
-0.0013617978206639
 10
0.1388564918288466
 20
-0.0018701480948948
 10
0.1264996426507423
 20
-0.0021303436665221
 10
0.1133834715765261
 20
-0.0020893153591715
 10
0.0997062546884991
 20
-0.0018020993825303
 10
0.0857143047032878
 20
-0.0013507582934835
 10
0.0716539343375189
 20
-0.0008173546475518
 10
0.0577714563096379
 20
-0.0002839510020749
 10
0.0443131833380903
 20
0.0001673900874266
 10
0.0315254281413218
 20
0.0004546060640678
 10
0.0196545034323208
 20
0.0004956343714184
 10
0.0088728851715132
 20
0.0002371913742536
 10
0.0
 20
4.547e-13
  0
POLYLINE
  5
2D3
330
2CD
100
AcDbEntity
  8
CIVIL-253
100
AcDb2dPolyline
 66
1
 10
0.0
 20
0.0
 30
0.0
 70
4
 75
6
  0
VERTEX
  5
2D4
330
2D3
100
AcDbEntity
  8
CIVIL-253
100
AcDbVertex
100
AcDb2dVertex
 10
0.4793223659125945
 20
-0.3422440010835999
 30
0.0
 70
16
  0
VERTEX
  5
2D5
330
2D3
100
AcDbEntity
  8
CIVIL-253
100
AcDbVertex
100
AcDb2dVertex
 10
0.4793223659125945
 20
-0.3422440010835999
 30
0.0
 70
8
  0
VERTEX
  5
2D6
330
2D3
100
AcDbEntity
  8
CIVIL-253
100
AcDbVertex
100
AcDb2dVertex
 10
0.4713224936895132
 20
-0.3699393992319528
 30
0.0
 70
8
  0
VERTEX
  5
2D7
330
2D3
100
AcDbEntity
  8
CIVIL-253
100
AcDbVertex
100
AcDb2dVertex
 10
0.4656698956277979
 20
-0.3935973198326792
 30
0.0
 70
8
  0
VERTEX
  5
2D8
330
2D3
100
AcDbEntity
  8
CIVIL-253
100
AcDbVertex
100
AcDb2dVertex
 10
0.4618177673874018
 20
-0.4136888590151102
 30
0.0
 70
8
  0
VERTEX
  5
2D9
330
2D3
100
AcDbEntity
  8
CIVIL-253
100
AcDbVertex
100
AcDb2dVertex
 10
0.4592193046391915
 20
-0.4306851129085774
 30
0.0
 70
8
  0
VERTEX
  5
2DA
330
2D3
100
AcDbEntity
  8
CIVIL-253
100
AcDbVertex
100
AcDb2dVertex
 10
0.4573277030485772
 20
-0.445057177642866
 30
0.0
 70
8
  0
VERTEX
  5
2DB
330
2D3
100
AcDbEntity
  8
CIVIL-253
100
AcDbVertex
100
AcDb2dVertex
 10
0.4555961582809688
 20
-0.457276149347763
 30
0.0
 70
8
  0
VERTEX
  5
2DC
330
2D3
100
AcDbEntity
  8
CIVIL-253
100
AcDbVertex
100
AcDb2dVertex
 10
0.4534778660035954
 20
-0.4678131241525989
 30
0.0
 70
8
  0
VERTEX
  5
2DD
330
2D3
100
AcDbEntity
  8
CIVIL-253
100
AcDbVertex
100
AcDb2dVertex
 10
0.4504260218836862
 20
-0.4771391981867056
 30
0.0
 70
8
  0
VERTEX
  5
2DE
330
2D3
100
AcDbEntity
  8
CIVIL-253
100
AcDbVertex
100
AcDb2dVertex
 10
0.4460350717599795
 20
-0.4858087839447764
 30
0.0
 70
8
  0
VERTEX
  5
2DF
330
2D3
100
AcDbEntity
  8
CIVIL-253
100
AcDbVertex
100
AcDb2dVertex
 10
0.4404644621645275
 20
-0.4947095593847737
 30
0.0
 70
8
  0
VERTEX
  5
2E0
330
2D3
100
AcDbEntity
  8
CIVIL-253
100
AcDbVertex
100
AcDb2dVertex
 10
0.4340148898027111
 20
-0.5048125188286579
 30
0.0
 70
8
  0
VERTEX
  5
2E1
330
2D3
100
AcDbEntity
  8
CIVIL-253
100
AcDbVertex
100
AcDb2dVertex
 10
0.4269870513799108
 20
-0.517088656598844
 30
0.0
 70
8
  0
VERTEX
  5
2E2
330
2D3
100
AcDbEntity
  8
CIVIL-253
100
AcDbVertex
100
AcDb2dVertex
 10
0.41968164359605
 20
-0.5325089670182024
 30
0.0
 70
8
  0
VERTEX
  5
2E3
330
2D3
100
AcDbEntity
  8
CIVIL-253
100
AcDbVertex
100
AcDb2dVertex
 10
0.412399363160148
 20
-0.5520444444082389
 30
0.0
 70
8
  0
VERTEX
  5
2E4
330
2D3
100
AcDbEntity
  8
CIVIL-253
100
AcDbVertex
100
AcDb2dVertex
 10
0.4054409067739472
 20
-0.5766660830913679
 30
0.0
 70
8
  0
VERTEX
  5
2E5
330
2D3
100
AcDbEntity
  8
CIVIL-253
100
AcDbVertex
100
AcDb2dVertex
 10
0.3991069711464661
 20
-0.607344877390915
 30
0.0
 70
8
  0
VERTEX
  5
2E6
330
2D3
100
AcDbEntity
  8
CIVIL-253
100
AcDbVertex
100
AcDb2dVertex
 10
0.4543736261493905
 20
-0.4219004516585301
 30
0.0
 70
16
  0
VERTEX
  5
2E7
330
2D3
100
AcDbEntity
  8
CIVIL-253
100
AcDbVertex
100
AcDb2dVertex
 10
0.4662164877663601
 20
-0.4850304476904057
 30
0.0
 70
16
  0
VERTEX
  5
2E8
330
2D3
100
AcDbEntity
  8
CIVIL-253
100
AcDbVertex
100
AcDb2dVertex
 10
0.4148974858562724
 20
-0.5165954457065709
 30
0.0
 70
16
  0
VERTEX
  5
2E9
330
2D3
100
AcDbEntity
  8
CIVIL-253
100
AcDbVertex
100
AcDb2dVertex
 10
0.3991069711464661
 20
-0.607344877390915
 30
0.0
 70
16
  0
SEQEND
  5
2EA
330
2D3
100
AcDbEntity
  8
CIVIL-253
  0
LWPOLYLINE
  5
2EB
330
2CD
100
AcDbEntity
  8
CIVIL-253
100
AcDbPolyline
 90
26
 70
0
 10
0.7567138063241146
 20
4.547e-13
 10
0.7622831542430504
 20
0.0001225876976605
 10
0.7679581829379459
 20
0.0004418560647537
 10
0.7737912382672221
 20
0.0008850630115376
 10
0.7798346660783864
 20
0.001379466448725
 10
0.786140812222584
 20
0.001852324286574
 10
0.792762022554598
 20
0.0022308944367069
 10
0.7997506429255739
 20
0.0024424348098364
 10
0.8071590191902942
 20
0.0024142033157659
 10
0.8150377574020238
 20
0.0020989308004573
 10
0.8234305044588834
 20
0.001551239852688
 10
0.8323791674574748
 20
0.0008512259933013
 10
0.8419256534907615
 20
7.89847463238e-05
 10
0.8521118696644407
 20
-0.0006853883655822
 10
0.8629797230751137
 20
-0.0013617978206639
 10
0.8745711208193823
 20
-0.0018701480948948
 10
0.8869279699974866
 20
-0.0021303436665221
 10
0.9000441410735218
 20
-0.0020893153591715
 10
0.9137213579615489
 20
-0.0018020993825303
 10
0.9277133079467605
 20
-0.0013507582934835
 10
0.9417736783125292
 20
-0.0008173546475518
 10
0.9556561563385912
 20
-0.0002839510020749
 10
0.9691144293101388
 20
0.0001673900874266
 10
0.9819021845087264
 20
0.0004546060640678
 10
0.9937731092159084
 20
0.0004956343714184
 10
1.0
 20
4.547e-13
  0
LWPOLYLINE
  5
2EC
330
2CD
100
AcDbEntity
  8
CIVIL-253
100
AcDbPolyline
 90
25
 70
0
 10
0.4831643467878167
 20
-0.1840645643637799
 10
0.4836980830023096
 20
-0.1965102239018961
 10
0.4838534044338303
 20
-0.2125225213358135
 10
0.4835753120260052
 20
-0.2307290258877401
 10
0.4829649902003439
 20
-0.2503480621903691
 10
0.4821473697538752
 20
-0.2703888901428399
 10
0.4812473814745318
 20
-0.2898607696433828
 10
0.4803899561575238
 20
-0.3077729605893182
 10
0.4797000245962411
 20
-0.3231347228793311
 10
0.4793025175840742
 20
-0.3349553164116514
 10
0.4793223659125945
 20
-0.3422440010835999
 10
0.4798584048239718
 20
-0.3443053817250075
 10
0.4809050873518573
 20
-0.3416254428893808
 10
0.4824307709841378
 20
-0.3349855140627369
 10
0.4844038132032439
 20
-0.3251669247297286
 10
0.4867925714897865
 20
-0.3129510043759183
 10
0.4895654033316533
 20
-0.2991190824868681
 10
0.4926906662130932
 20
-0.2844524885467763
 10
0.4961367176147178
 20
-0.2697325520425693
 10
0.4998643774779339
 20
-0.2555938347645679
 10
0.5038043155655032
 20
-0.2420838277321309
 10
0.5078796640955261
 20
-0.2291032542707398
 10
0.512013555284284
 20
-0.2165528377058763
 10
0.5161291213535151
 20
-0.2043333013616575
 10
0.5215222849165003
 20
-0.1881161740639072
  0
LWPOLYLINE
  5
2ED
330
2CD
100
AcDbEntity
  8
CIVIL-253
100
AcDbPolyline
 90
26
 70
0
 10
0.5215222849165003
 20
-0.1881161740639072
 10
0.523997806996704
 20
-0.180489762639354
 10
0.5275971910086811
 20
-0.1686672069117776
 10
0.5308943694672053
 20
-0.1568178964607796
 10
0.5339304280787474
 20
-0.1450399133855171
 10
0.5367700432507263
 20
-0.1334708115368812
 10
0.5394778913814662
 20
-0.1222481447671271
 10
0.5421186488783861
 20
-0.1115094669294194
 10
0.5447569921452668
 20
-0.1013923318755587
 10
0.5474575975822518
 20
-0.0920342934578003
 10
0.5502851415949408
 20
-0.0835729055283992
 10
0.5532779194745672
 20
-0.0760925191812021
 10
0.5563687020530779
 20
-0.0694646744768761
 10
0.5594638790516911
 20
-0.0635077087176796
 10
0.5624698401879868
 20
-0.0580399592058711
 10
0.5652929751813645
 20
-0.0528797632446185
 10
0.567839673754861
 20
-0.0478454581343613
 10
0.5700163256278759
 20
-0.042755381178722
 10
0.5717293205161696
 20
-0.0374278696799593
 10
0.5729362673446305
 20
-0.0317466641486135
 10
0.5737996518582805
 20
-0.0258571179292631
 10
0.5745331790021737
 20
-0.0199699875756778
 10
0.5753505537195454
 20
-0.0142960296407182
 10
0.5764654809572676
 20
-0.0090460006776993
 10
0.5780916656622141
 20
-0.0044306572403912
 10
0.5804428127776191
 20
-0.000660755881654
  0
LWPOLYLINE
  5
2EE
330
2CD
100
AcDbEntity
  8
CIVIL-253
100
AcDbPolyline
 90
29
 70
0
 10
0.4171376397844142
 20
8.27194926387e-05
 10
0.4250379946406613
 20
-0.0057877511894731
 10
0.4277803229178974
 20
-0.0095075197600636
 10
0.4301946191480968
 20
-0.0139021871564182
 10
0.432286027004011
 20
-0.0189428173548549
 10
0.4340596901492975
 20
-0.0246004743330559
 10
0.4355366326308288
 20
-0.0308307077798418
 10
0.4368013999974212
 20
-0.0375270102290415
 10
0.4379544181683741
 20
-0.0445673599256225
 10
0.4390961130648068
 20
-0.051829735114552
 10
0.4403269106151131
 20
-0.0591921140403429
 10
0.4417472367385927
 20
-0.0665324749488718
 10
0.4434575173563644
 20
-0.0737287960846516
 10
0.4455581783931848
 20
-0.0806590556931042
 10
0.448116083387504
 20
-0.0872357808248126
 10
0.451063846348916
 20
-0.0935096937523668
 10
0.4543005189043471
 20
-0.0995660655544271
 10
0.4577251526807232
 20
-0.105490167309199
 10
0.4612367993031512
 20
-0.1113672700957977
 10
0.4647345104003763
 20
-0.1172826449928834
 10
0.4681173375956861
 20
-0.1233215630777522
 10
0.4712843325196446
 20
-0.1295692954304286
 10
0.474148446950494
 20
-0.1361408426673734
 10
0.4766782332862931
 20
-0.143270123563525
 10
0.4788561440873309
 20
-0.1512207864320771
 10
0.4806646319029825
 20
-0.1602564795866783
 10
0.4820861492917177
 20
-0.1706408513409769
 10
0.4831031488065494
 20
-0.1826375500081667
 10
0.4831643467878167
 20
-0.1840645643637799
  0
LWPOLYLINE
  5
2EF
330
2CD
100
AcDbEntity
  8
CIVIL-253
100
AcDbPolyline
 90
26
 70
0
 10
0.581057149107437
 20
-0.000154002025738
 10
0.583732627253994
 20
0.0020529468447421
 10
0.5881129909412266
 20
0.0035749452504206
 10
0.5934884933212743
 20
0.0040707370999371
 10
0.5997019007882046
 20
0.0037810710232407
 10
0.6065959797288089
 20
0.0029466956502802
 10
0.6140134965353355
 20
0.0018083596100951
 10
0.6217972175963951
 20
0.0006068115326343
 10
0.6297899093042361
 20
-0.0004171999526079
 10
0.6378343380492879
 20
-0.0010229262161374
 10
0.6457884863084474
 20
-0.0010344571765017
 10
0.653571200919032
 20
-0.0005352369444154
 10
0.661116544808465
 20
0.0003264518231845
 10
0.6683585808968929
 20
0.0014023264666321
 10
0.6752313721153769
 20
0.0025441043285355
 10
0.681668981382245
 20
0.0036035027496837
 10
0.687605471628558
 20
0.0044322390726848
 10
0.692974905776282
 20
0.0048820306383277
 10
0.6978072645142674
 20
0.0048494298807782
 10
0.7025161996007228
 20
0.0044103296013418
 10
0.707611280546189
 20
0.0036854576937913
 10
0.71360207687394
 20
0.0027955420514445
 10
0.720998158096336
 20
0.0018613105671648
 10
0.7303090937348315
 20
0.0010034911351795
 10
0.7420444533054253
 20
0.0003428116478972
 10
0.7567138063241146
 20
4.547e-13
  0
LWPOLYLINE
  5
2F0
330
2CD
100
AcDbEntity
  8
CIVIL-253
100
AcDbPolyline
 90
26
 70
0
 10
-5.23902635905e-05
 20
4.547e-13
 10
-0.0069820376338612
 20
-0.0388145586002793
 10
-0.0116477633437171
 20
-0.0700280073929207
 10
-0.0145420153603482
 20
-0.0946810086475125
 10
-0.0161572416509444
 20
-0.1138142246318239
 10
-0.0169858901845146
 20
-0.1284683176149883
 10
-0.0175204089246108
 20
-0.1396839498661393
 10
-0.018253245838423
 20
-0.1485017836539555
 10
-0.0196768488913222
 20
-0.1559624812475704
 10
-0.0221484717512794
 20
-0.1629384663228848
 10
-0.0254845908930292
 20
-0.1696292081883257
 10
-0.0293664884829923
 20
-0.1760659375595424
 10
-0.0334754466966842
 20
-0.1822798851517291
 10
-0.0374927477041638
 20
-0.1883022816809898
 10
-0.0410996736809466
 20
-0.1941643578629737
 10
-0.0439775067952724
 20
-0.1998973444128751
 10
-0.0458075292190188
 20
-0.2055324720467979
 10
-0.0463817758391088
 20
-0.2110964604516994
 10
-0.0459352923753613
 20
-0.216597985196131
 10
-0.0448138772662787
 20
-0.2220412108231358
 10
-0.0433633289449063
 20
-0.2274303018716637
 10
-0.0419294458479271
 20
-0.2327694228847577
 10
-0.0408580264083867
 20
-0.2380627384022773
 10
-0.0404948690666061
 20
-0.2433144129659013
 10
-0.0411857722501736
 20
-0.2485286111163987
 10
-0.0415603049950733
 20
-0.2495245244549551
  0
ENDBLK
  5
2F1
330
2CD
100
AcDbEntity
  8
0
100
AcDbBlockEnd
  0
BLOCK
  5
2F5
330
2F2
100
AcDbEntity
  8
0
100
AcDbBlockBegin
  2
ROCHA_3
 70
0
 10
0.0
 20
0.0
 30
0.0
  3
ROCHA_3
  1

  0
POLYLINE
  5
2F6
330
2F2
100
AcDbEntity
  8
CIVIL-253
100
AcDb2dPolyline
 66
1
 10
0.0
 20
0.0
 30
0.0
 70
4
 75
6
  0
VERTEX
  5
2F7
330
2F6
100
AcDbEntity
  8
CIVIL-253
100
AcDbVertex
100
AcDb2dVertex
 10
-0.0001719921906442
 20
-1.819e-12
 30
0.0
 70
16
  0
VERTEX
  5
2F8
330
2F6
100
AcDbEntity
  8
CIVIL-253
100
AcDbVertex
100
AcDb2dVertex
 10
-0.0001719921906442
 20
-1.819e-12
 30
0.0
 70
8
  0
VERTEX
  5
2F9
330
2F6
100
AcDbEntity
  8
CIVIL-253
100
AcDbVertex
100
AcDb2dVertex
 10
-0.0071016395590959
 20
-0.0388145586020983
 30
0.0
 70
8
  0
VERTEX
  5
2FA
330
2F6
100
AcDbEntity
  8
CIVIL-253
100
AcDbVertex
100
AcDb2dVertex
 10
-0.0117673652684971
 20
-0.070028007394285
 30
0.0
 70
8
  0
VERTEX
  5
2FB
330
2F6
100
AcDbEntity
  8
CIVIL-253
100
AcDbVertex
100
AcDb2dVertex
 10
-0.0146616172860377
 20
-0.0946810086497863
 30
0.0
 70
8
  0
VERTEX
  5
2FC
330
2F6
100
AcDbEntity
  8
CIVIL-253
100
AcDbVertex
100
AcDb2dVertex
 10
-0.0162768435779981
 20
-0.1138142246327334
 30
0.0
 70
8
  0
VERTEX
  5
2FD
330
2F6
100
AcDbEntity
  8
CIVIL-253
100
AcDbVertex
100
AcDb2dVertex
 10
-0.0171054921102041
 20
-0.1284683176163526
 30
0.0
 70
8
  0
VERTEX
  5
2FE
330
2F6
100
AcDbEntity
  8
CIVIL-253
100
AcDbVertex
100
AcDb2dVertex
 10
-0.0176400108498456
 20
-0.139683949868413
 30
0.0
 70
8
  0
VERTEX
  5
2FF
330
2F6
100
AcDbEntity
  8
CIVIL-253
100
AcDbVertex
100
AcDb2dVertex
 10
-0.0183728477636578
 20
-0.148501783654865
 30
0.0
 70
8
  0
VERTEX
  5
300
330
2F6
100
AcDbEntity
  8
CIVIL-253
100
AcDbVertex
100
AcDb2dVertex
 10
-0.0197964508165569
 20
-0.1559624812489346
 30
0.0
 70
8
  0
VERTEX
  5
301
330
2F6
100
AcDbEntity
  8
CIVIL-253
100
AcDbVertex
100
AcDb2dVertex
 10
-0.0222680736783332
 20
-0.1629384663247038
 30
0.0
 70
8
  0
VERTEX
  5
302
330
2F6
100
AcDbEntity
  8
CIVIL-253
100
AcDbVertex
100
AcDb2dVertex
 10
-0.025604192818264
 20
-0.1696292081887805
 30
0.0
 70
8
  0
VERTEX
  5
303
330
2F6
100
AcDbEntity
  8
CIVIL-253
100
AcDbVertex
100
AcDb2dVertex
 10
-0.0294860904086818
 20
-0.1760659375613613
 30
0.0
 70
8
  0
VERTEX
  5
304
330
2F6
100
AcDbEntity
  8
CIVIL-253
100
AcDbVertex
100
AcDb2dVertex
 10
-0.0335950486223737
 20
-0.1822798851535481
 30
0.0
 70
8
  0
VERTEX
  5
305
330
2F6
100
AcDbEntity
  8
CIVIL-253
100
AcDbVertex
100
AcDb2dVertex
 10
-0.0376123496307628
 20
-0.1883022816818993
 30
0.0
 70
8
  0
VERTEX
  5
306
330
2F6
100
AcDbEntity
  8
CIVIL-253
100
AcDbVertex
100
AcDb2dVertex
 10
-0.0412192756061813
 20
-0.1941643578647927
 30
0.0
 70
8
  0
VERTEX
  5
307
330
2F6
100
AcDbEntity
  8
CIVIL-253
100
AcDbVertex
100
AcDb2dVertex
 10
-0.0440971087205071
 20
-0.1998973444151488
 30
0.0
 70
8
  0
VERTEX
  5
308
330
2F6
100
AcDbEntity
  8
CIVIL-253
100
AcDbVertex
100
AcDb2dVertex
 10
-0.0459271311460725
 20
-0.2055324720495264
 30
0.0
 70
8
  0
VERTEX
  5
309
330
2F6
100
AcDbEntity
  8
CIVIL-253
100
AcDbVertex
100
AcDb2dVertex
 10
-0.0465013777643435
 20
-0.2110964604526089
 30
0.0
 70
8
  0
VERTEX
  5
30A
330
2F6
100
AcDbEntity
  8
CIVIL-253
100
AcDbVertex
100
AcDb2dVertex
 10
-0.0460548943010508
 20
-0.21659798519795
 30
0.0
 70
8
  0
VERTEX
  5
30B
330
2F6
100
AcDbEntity
  8
CIVIL-253
100
AcDbVertex
100
AcDb2dVertex
 10
-0.0449334791915135
 20
-0.2220412108235905
 30
0.0
 70
8
  0
VERTEX
  5
30C
330
2F6
100
AcDbEntity
  8
CIVIL-253
100
AcDbVertex
100
AcDb2dVertex
 10
-0.0434829308705957
 20
-0.2274303018748469
 30
0.0
 70
8
  0
VERTEX
  5
30D
330
2F6
100
AcDbEntity
  8
CIVIL-253
100
AcDbVertex
100
AcDb2dVertex
 10
-0.0420490477736166
 20
-0.2327694228861219
 30
0.0
 70
8
  0
VERTEX
  5
30E
330
2F6
100
AcDbEntity
  8
CIVIL-253
100
AcDbVertex
100
AcDb2dVertex
 10
-0.0409776283349857
 20
-0.238062738404551
 30
0.0
 70
8
  0
VERTEX
  5
30F
330
2F6
100
AcDbEntity
  8
CIVIL-253
100
AcDbVertex
100
AcDb2dVertex
 10
-0.0406144709909313
 20
-0.243314412968175
 30
0.0
 70
8
  0
VERTEX
  5
310
330
2F6
100
AcDbEntity
  8
CIVIL-253
100
AcDbVertex
100
AcDb2dVertex
 10
-0.0413053741763179
 20
-0.2485286111168534
 30
0.0
 70
8
  0
VERTEX
  5
311
330
2F6
100
AcDbEntity
  8
CIVIL-253
100
AcDbVertex
100
AcDb2dVertex
 10
-0.0432714961202692
 20
-0.2537566909086308
 30
0.0
 70
8
  0
VERTEX
  5
312
330
2F6
100
AcDbEntity
  8
CIVIL-253
100
AcDbVertex
100
AcDb2dVertex
 10
-0.0462354342257641
 20
-0.2592387844488257
 30
0.0
 70
8
  0
VERTEX
  5
313
330
2F6
100
AcDbEntity
  8
CIVIL-253
100
AcDbVertex
100
AcDb2dVertex
 10
-0.0497951456909505
 20
-0.2652622173554846
 30
0.0
 70
8
  0
VERTEX
  5
314
330
2F6
100
AcDbEntity
  8
CIVIL-253
100
AcDbVertex
100
AcDb2dVertex
 10
-0.0535485877126121
 20
-0.2721143152484728
 30
0.0
 70
8
  0
VERTEX
  5
315
330
2F6
100
AcDbEntity
  8
CIVIL-253
100
AcDbVertex
100
AcDb2dVertex
 10
-0.0570937174879873
 20
-0.2800824037494749
 30
0.0
 70
8
  0
VERTEX
  5
316
330
2F6
100
AcDbEntity
  8
CIVIL-253
100
AcDbVertex
100
AcDb2dVertex
 10
-0.0600284922152241
 20
-0.2894538084765372
 30
0.0
 70
8
  0
VERTEX
  5
317
330
2F6
100
AcDbEntity
  8
CIVIL-253
100
AcDbVertex
100
AcDb2dVertex
 10
-0.0619508690911062
 20
-0.3005158550531632
 30
0.0
 70
8
  0
VERTEX
  5
318
330
2F6
100
AcDbEntity
  8
CIVIL-253
100
AcDbVertex
100
AcDb2dVertex
 10
-0.0624588053124171
 20
-0.3135558690919424
 30
0.0
 70
8
  0
VERTEX
  5
319
330
2F6
100
AcDbEntity
  8
CIVIL-253
100
AcDbVertex
100
AcDb2dVertex
 10
-0.0613988440741196
 20
-0.3287411102719488
 30
0.0
 70
8
  0
VERTEX
  5
31A
330
2F6
100
AcDbEntity
  8
CIVIL-253
100
AcDbVertex
100
AcDb2dVertex
 10
-0.0596118725547967
 20
-0.3457585744617972
 30
0.0
 70
8
  0
VERTEX
  5
31B
330
2F6
100
AcDbEntity
  8
CIVIL-253
100
AcDbVertex
100
AcDb2dVertex
 10
-0.058187363932575
 20
-0.36417519159113
 30
0.0
 70
8
  0
VERTEX
  5
31C
330
2F6
100
AcDbEntity
  8
CIVIL-253
100
AcDbVertex
100
AcDb2dVertex
 10
-0.0582147913819426
 20
-0.3835578915877704
 30
0.0
 70
8
  0
VERTEX
  5
31D
330
2F6
100
AcDbEntity
  8
CIVIL-253
100
AcDbVertex
100
AcDb2dVertex
 10
-0.0607836280805714
 20
-0.403473604375904
 30
0.0
 70
8
  0
VERTEX
  5
31E
330
2F6
100
AcDbEntity
  8
CIVIL-253
100
AcDbVertex
100
AcDb2dVertex
 10
-0.0669833472047685
 20
-0.4234892598833542
 30
0.0
 70
8
  0
VERTEX
  5
31F
330
2F6
100
AcDbEntity
  8
CIVIL-253
100
AcDbVertex
100
AcDb2dVertex
 10
-0.0779034219303867
 20
-0.4431717880343058
 30
0.0
 70
8
  0
VERTEX
  5
320
330
2F6
100
AcDbEntity
  8
CIVIL-253
100
AcDbVertex
100
AcDb2dVertex
 10
-0.094633325434188
 20
-0.462088118756583
 30
0.0
 70
8
  0
VERTEX
  5
321
330
2F6
100
AcDbEntity
  8
CIVIL-253
100
AcDbVertex
100
AcDb2dVertex
 10
-0.0221073455768419
 20
-0.1145653358071286
 30
0.0
 70
16
  0
VERTEX
  5
322
330
2F6
100
AcDbEntity
  8
CIVIL-253
100
AcDbVertex
100
AcDb2dVertex
 10
-0.007175500345511
 20
-0.1593382031223882
 30
0.0
 70
16
  0
VERTEX
  5
323
330
2F6
100
AcDbEntity
  8
CIVIL-253
100
AcDbVertex
100
AcDb2dVertex
 10
-0.0605034353270639
 20
-0.2062431728536467
 30
0.0
 70
16
  0
VERTEX
  5
324
330
2F6
100
AcDbEntity
  8
CIVIL-253
100
AcDbVertex
100
AcDb2dVertex
 10
-0.0263735452203946
 20
-0.2488839377529075
 30
0.0
 70
16
  0
VERTEX
  5
325
330
2F6
100
AcDbEntity
  8
CIVIL-253
100
AcDbVertex
100
AcDb2dVertex
 10
-0.0818346288501744
 20
-0.2893927428394818
 30
0.0
 70
16
  0
VERTEX
  5
326
330
2F6
100
AcDbEntity
  8
CIVIL-253
100
AcDbVertex
100
AcDb2dVertex
 10
-0.0413053904521803
 20
-0.4130511179118912
 30
0.0
 70
16
  0
VERTEX
  5
327
330
2F6
100
AcDbEntity
  8
CIVIL-253
100
AcDbVertex
100
AcDb2dVertex
 10
-0.094633325434188
 20
-0.462088118756583
 30
0.0
 70
16
  0
SEQEND
  5
328
330
2F6
100
AcDbEntity
  8
CIVIL-253
  0
LWPOLYLINE
  5
329
330
2F2
100
AcDbEntity
  8
CIVIL-253
100
AcDbPolyline
 90
26
 70
0
 10
1.176775294580238
 20
-1.819e-12
 10
1.169845647211784
 20
-0.0388145586020983
 10
1.165179921501928
 20
-0.070028007394285
 10
1.162285669484844
 20
-0.0946810086497863
 10
1.160670443192884
 20
-0.1138142246327334
 10
1.159841794660676
 20
-0.1284683176163526
 10
1.159307275921035
 20
-0.139683949868413
 10
1.158574439007677
 20
-0.148501783654865
 10
1.15715083595387
 20
-0.1559624812489346
 10
1.154679213093004
 20
-0.1629384663247038
 10
1.151343093953073
 20
-0.1696292081887805
 10
1.147461196361745
 20
-0.1760659375613613
 10
1.143352238148509
 20
-0.1822798851535481
 10
1.13933493714012
 20
-0.1883022816818993
 10
1.135728011164701
 20
-0.1941643578647927
 10
1.132850178050829
 20
-0.1998973444151488
 10
1.131020155625265
 20
-0.2055324720495264
 10
1.130445909006539
 20
-0.2110964604526089
 10
1.130892392469831
 20
-0.21659798519795
 10
1.132013807579369
 20
-0.2220412108235905
 10
1.133464355900287
 20
-0.2274303018748469
 10
1.13489823899772
 20
-0.2327694228861219
 10
1.135969658435896
 20
-0.238062738404551
 10
1.136332815779495
 20
-0.243314412968175
 10
1.13564191259411
 20
-0.2485286111168534
 10
1.135267379850573
 20
-0.2495245244572288
  0
LWPOLYLINE
  5
32A
330
2F2
100
AcDbEntity
  8
CIVIL-253
100
AcDbPolyline
 90
26
 70
0
 10
0.3243591730301887
 20
-1.819e-12
 10
0.317429525661737
 20
-0.0388145586020983
 10
0.3127637999523358
 20
-0.070028007394285
 10
0.3098695479347953
 20
-0.0946810086497863
 10
0.3082543216428348
 20
-0.1138142246327334
 10
0.3074256731101741
 20
-0.1284683176163526
 10
0.3068911543705326
 20
-0.139683949868413
 10
0.3061583174571751
 20
-0.148501783654865
 10
0.3047347144038213
 20
-0.1559624812489346
 10
0.3022630915424997
 20
-0.1629384663247038
 10
0.2989269724025689
 20
-0.1696292081887805
 10
0.2950450748121511
 20
-0.1760659375613613
 10
0.2909361165984592
 20
-0.1822798851535481
 10
0.2869188155896154
 20
-0.1883022816818993
 10
0.2833118896141968
 20
-0.1941643578647927
 10
0.2804340565003258
 20
-0.1998973444151488
 10
0.2786040340747604
 20
-0.2055324720495264
 10
0.2780297874564894
 20
-0.2110964604526089
 10
0.2784762709193274
 20
-0.21659798519795
 10
0.2795976860293194
 20
-0.2220412108235905
 10
0.2810482343502372
 20
-0.2274303018748469
 10
0.2824821174472163
 20
-0.2327694228861219
 10
0.2835535368858473
 20
-0.238062738404551
 10
0.2839166942299016
 20
-0.243314412968175
 10
0.283225791044515
 20
-0.2485286111168534
 10
0.2828512583005249
 20
-0.2495245244572288
  0
LWPOLYLINE
  5
32B
330
2F2
100
AcDbEntity
  8
CIVIL-253
100
AcDbPolyline
 90
26
 70
0
 10
0.7648084785910215
 20
-0.1881161740657262
 10
0.7672840006716797
 20
-0.1804897626407182
 10
0.7708833846827475
 20
-0.1686672069117776
 10
0.7741805631412717
 20
-0.1568178964625986
 10
0.7772166217546328
 20
-0.1450399133864266
 10
0.7800562369247928
 20
-0.133470811537336
 10
0.7827640850568969
 20
-0.1222481447694008
 10
0.7854048425533621
 20
-0.1115094669294194
 10
0.7880431858193333
 20
-0.101392331876923
 10
0.7907437912567729
 20
-0.0920342934587097
 10
0.7935713352708264
 20
-0.0835729055306729
 10
0.7965641131495432
 20
-0.0760925191825663
 10
0.7996548957285086
 20
-0.0694646744777856
 10
0.8027500727257573
 20
-0.0635077087190439
 10
0.8057560338625078
 20
-0.0580399592072354
 10
0.8085791688572497
 20
-0.0528797632450733
 10
0.8111258674302915
 20
-0.0478454581352708
 10
0.8133025193014873
 20
-0.042755381180541
 10
0.8150155141902358
 20
-0.0374278696799593
 10
0.8162224610205155
 20
-0.0317466641499777
 10
0.8170858455341659
 20
-0.025857117931082
 10
0.8178193726766949
 20
-0.0199699875756778
 10
0.8186367473940663
 20
-0.0142960296416277
 10
0.8197516746322435
 20
-0.0090460006795183
 10
0.8213778593371897
 20
-0.0044306572417554
 10
0.8237290064544142
 20
-0.0006607558825635
  0
LWPOLYLINE
  5
32C
330
2F2
100
AcDbEntity
  8
CIVIL-253
100
AcDbPolyline
 90
29
 70
0
 10
0.6604238334593902
 20
8.27194908197e-05
 10
0.6683241883147275
 20
-0.0057877511917468
 10
0.6710665165919636
 20
-0.0095075197623373
 10
0.6734808128230725
 20
-0.0139021871564182
 10
0.6755722206776227
 20
-0.0189428173562192
 10
0.6773458838242732
 20
-0.0246004743348749
 10
0.678822826306714
 20
-0.030830707781206
 10
0.6800875936714875
 20
-0.0375270102285867
 10
0.6812406118428953
 20
-0.0445673599278962
 10
0.6823823067416015
 20
-0.0518297351154615
 10
0.6836131042905436
 20
-0.0591921140403429
 10
0.6850334304131139
 20
-0.0665324749516003
 10
0.6867437110313404
 20
-0.0737287960855611
 10
0.688844372067706
 20
-0.0806590556949232
 10
0.6914022770624797
 20
-0.0872357808257221
 10
0.6943500400243467
 20
-0.093509693753731
 10
0.6975867125802325
 20
-0.0995660655553366
 10
0.7010113463556991
 20
-0.1054901673105633
 10
0.7045229929785819
 20
-0.1113672700976167
 10
0.7080207040748974
 20
-0.1172826449928834
 10
0.7114035312715714
 20
-0.123321563078207
 10
0.714570526194166
 20
-0.1295692954317928
 10
0.7174346406245605
 20
-0.1361408426673734
 10
0.7199644269626333
 20
-0.1432701235644345
 10
0.7221423377627616
 20
-0.1512207864325319
 10
0.7239508255797773
 20
-0.1602564795884973
 10
0.7253723429680577
 20
-0.1706408513418864
 10
0.7263893424824346
 20
-0.182637550009531
 10
0.726450540463702
 20
-0.1840645643642347
  0
LWPOLYLINE
  5
32D
330
2F2
100
AcDbEntity
  8
CIVIL-253
100
AcDbPolyline
 90
25
 70
0
 10
0.726450540463702
 20
-0.1840645643642347
 10
0.7269842766772854
 20
-0.1965102239028056
 10
0.7271395981078967
 20
-0.212522521336723
 10
0.7268615057009811
 20
-0.2307290258886496
 10
0.726251183877139
 20
-0.2503480621926428
 10
0.7254335634288509
 20
-0.2703888901451137
 10
0.7245335751499625
 20
-0.2898607696461113
 10
0.723676149833409
 20
-0.3077729605920467
 10
0.7229862182716718
 20
-0.3231347228793311
 10
0.7225887112581404
 20
-0.3349553164116514
 10
0.722608559586206
 20
-0.3422440010835999
 10
0.7231445984975835
 20
-0.3443053817263717
 10
0.7241912810268332
 20
-0.3416254428921093
 10
0.7257169646586591
 20
-0.3349855140641011
 10
0.7276900068768555
 20
-0.3251669247310929
 10
0.7300787651647626
 20
-0.312951004378192
 10
0.7328515970070839
 20
-0.2991190824868681
 10
0.7359768598876144
 20
-0.2844524885476858
 10
0.7394229112901485
 20
-0.2697325520439335
 10
0.7431505711533646
 20
-0.2555938347668416
 10
0.7470905092413886
 20
-0.2420838277339499
 10
0.7511658577714116
 20
-0.2291032542725588
 10
0.7552997489610789
 20
-0.216552837706331
 10
0.7594153150289458
 20
-0.2043333013625669
 10
0.7648084785910215
 20
-0.1881161740657262
  0
POLYLINE
  5
32E
330
2F2
100
AcDbEntity
  8
CIVIL-253
100
AcDb2dPolyline
 66
1
 10
0.0
 20
0.0
 30
0.0
 70
4
 75
6
  0
VERTEX
  5
32F
330
32E
100
AcDbEntity
  8
CIVIL-253
100
AcDbVertex
100
AcDb2dVertex
 10
0.722608559586206
 20
-0.3422440010835999
 30
0.0
 70
16
  0
VERTEX
  5
330
330
32E
100
AcDbEntity
  8
CIVIL-253
100
AcDbVertex
100
AcDb2dVertex
 10
0.722608559586206
 20
-0.3422440010835999
 30
0.0
 70
8
  0
VERTEX
  5
331
330
32E
100
AcDbEntity
  8
CIVIL-253
100
AcDbVertex
100
AcDb2dVertex
 10
0.7146086873653985
 20
-0.3699393992337718
 30
0.0
 70
8
  0
VERTEX
  5
332
330
32E
100
AcDbEntity
  8
CIVIL-253
100
AcDbVertex
100
AcDb2dVertex
 10
0.7089560893018643
 20
-0.3935973198331339
 30
0.0
 70
8
  0
VERTEX
  5
333
330
32E
100
AcDbEntity
  8
CIVIL-253
100
AcDbVertex
100
AcDb2dVertex
 10
0.7051039610623775
 20
-0.4136888590164747
 30
0.0
 70
8
  0
VERTEX
  5
334
330
32E
100
AcDbEntity
  8
CIVIL-253
100
AcDbVertex
100
AcDb2dVertex
 10
0.7025054983141672
 20
-0.4306851129094869
 30
0.0
 70
8
  0
VERTEX
  5
335
330
32E
100
AcDbEntity
  8
CIVIL-253
100
AcDbVertex
100
AcDb2dVertex
 10
0.7006138967230982
 20
-0.445057177643321
 30
0.0
 70
8
  0
VERTEX
  5
336
330
32E
100
AcDbEntity
  8
CIVIL-253
100
AcDbVertex
100
AcDb2dVertex
 10
0.6988823519554899
 20
-0.4572761493491271
 30
0.0
 70
8
  0
VERTEX
  5
337
330
32E
100
AcDbEntity
  8
CIVIL-253
100
AcDbVertex
100
AcDb2dVertex
 10
0.6967640596790261
 20
-0.4678131241525989
 30
0.0
 70
8
  0
VERTEX
  5
338
330
32E
100
AcDbEntity
  8
CIVIL-253
100
AcDbVertex
100
AcDb2dVertex
 10
0.6937122155595719
 20
-0.4771391981867056
 30
0.0
 70
8
  0
VERTEX
  5
339
330
32E
100
AcDbEntity
  8
CIVIL-253
100
AcDbVertex
100
AcDb2dVertex
 10
0.689321265435865
 20
-0.4858087839456858
 30
0.0
 70
8
  0
VERTEX
  5
33A
330
32E
100
AcDbEntity
  8
CIVIL-253
100
AcDbVertex
100
AcDb2dVertex
 10
0.6837506558408677
 20
-0.4947095593852282
 30
0.0
 70
8
  0
VERTEX
  5
33B
330
32E
100
AcDbEntity
  8
CIVIL-253
100
AcDbVertex
100
AcDb2dVertex
 10
0.6773010834790512
 20
-0.5048125188295673
 30
0.0
 70
8
  0
VERTEX
  5
33C
330
32E
100
AcDbEntity
  8
CIVIL-253
100
AcDbVertex
100
AcDb2dVertex
 10
0.6702732450539771
 20
-0.5170886565992987
 30
0.0
 70
8
  0
VERTEX
  5
33D
330
32E
100
AcDbEntity
  8
CIVIL-253
100
AcDbVertex
100
AcDb2dVertex
 10
0.6629678372710262
 20
-0.5325089670186574
 30
0.0
 70
8
  0
VERTEX
  5
33E
330
32E
100
AcDbEntity
  8
CIVIL-253
100
AcDbVertex
100
AcDb2dVertex
 10
0.6556855568351239
 20
-0.5520444444100577
 30
0.0
 70
8
  0
VERTEX
  5
33F
330
32E
100
AcDbEntity
  8
CIVIL-253
100
AcDbVertex
100
AcDb2dVertex
 10
0.6487271004502873
 20
-0.5766660830922774
 30
0.0
 70
8
  0
VERTEX
  5
340
330
32E
100
AcDbEntity
  8
CIVIL-253
100
AcDbVertex
100
AcDb2dVertex
 10
0.6423931648218968
 20
-0.6073448773913697
 30
0.0
 70
8
  0
VERTEX
  5
341
330
32E
100
AcDbEntity
  8
CIVIL-253
100
AcDbVertex
100
AcDb2dVertex
 10
0.6976598198230022
 20
-0.4219004516598944
 30
0.0
 70
16
  0
VERTEX
  5
342
330
32E
100
AcDbEntity
  8
CIVIL-253
100
AcDbVertex
100
AcDb2dVertex
 10
0.7095026814417909
 20
-0.4850304476913152
 30
0.0
 70
16
  0
VERTEX
  5
343
330
32E
100
AcDbEntity
  8
CIVIL-253
100
AcDbVertex
100
AcDb2dVertex
 10
0.6581836795307936
 20
-0.5165954457079353
 30
0.0
 70
16
  0
VERTEX
  5
344
330
32E
100
AcDbEntity
  8
CIVIL-253
100
AcDbVertex
100
AcDb2dVertex
 10
0.6423931648218968
 20
-0.6073448773913697
 30
0.0
 70
16
  0
SEQEND
  5
345
330
32E
100
AcDbEntity
  8
CIVIL-253
  0
POLYLINE
  5
346
330
2F2
100
AcDbEntity
  8
CIVIL-253
100
AcDb2dPolyline
 66
1
 10
0.0
 20
0.0
 30
0.0
 70
4
 75
6
  0
VERTEX
  5
347
330
346
100
AcDbEntity
  8
CIVIL-253
100
AcDbVertex
100
AcDb2dVertex
 10
0.5
 20
-1.819e-12
 30
0.0
 70
16
  0
VERTEX
  5
348
330
346
100
AcDbEntity
  8
CIVIL-253
100
AcDbVertex
100
AcDb2dVertex
 10
0.5
 20
-1.819e-12
 30
0.0
 70
8
  0
VERTEX
  5
349
330
346
100
AcDbEntity
  8
CIVIL-253
100
AcDbVertex
100
AcDb2dVertex
 10
0.4944306520819737
 20
0.000122587696751
 30
0.0
 70
8
  0
VERTEX
  5
34A
330
346
100
AcDbEntity
  8
CIVIL-253
100
AcDbVertex
100
AcDb2dVertex
 10
0.4887556233852595
 20
0.0004418560638442
 30
0.0
 70
8
  0
VERTEX
  5
34B
330
346
100
AcDbEntity
  8
CIVIL-253
100
AcDbVertex
100
AcDb2dVertex
 10
0.4829225680573475
 20
0.0008850630110828
 30
0.0
 70
8
  0
VERTEX
  5
34C
330
346
100
AcDbEntity
  8
CIVIL-253
100
AcDbVertex
100
AcDb2dVertex
 10
0.4768791402475472
 20
0.0013794664464513
 30
0.0
 70
8
  0
VERTEX
  5
34D
330
346
100
AcDbEntity
  8
CIVIL-253
100
AcDbVertex
100
AcDb2dVertex
 10
0.4705729941019854
 20
0.0018523242852098
 30
0.0
 70
8
  0
VERTEX
  5
34E
330
346
100
AcDbEntity
  8
CIVIL-253
100
AcDbVertex
100
AcDb2dVertex
 10
0.4639517837699715
 20
0.0022308944353426
 30
0.0
 70
8
  0
VERTEX
  5
34F
330
346
100
AcDbEntity
  8
CIVIL-253
100
AcDbVertex
100
AcDb2dVertex
 10
0.4569631633985411
 20
0.0024424348084722
 30
0.0
 70
8
  0
VERTEX
  5
350
330
346
100
AcDbEntity
  8
CIVIL-253
100
AcDbVertex
100
AcDb2dVertex
 10
0.4495547871356396
 20
0.0024142033144017
 30
0.0
 70
8
  0
VERTEX
  5
351
330
346
100
AcDbEntity
  8
CIVIL-253
100
AcDbVertex
100
AcDb2dVertex
 10
0.4416760489211812
 20
0.0020989307995478
 30
0.0
 70
8
  0
VERTEX
  5
352
330
346
100
AcDbEntity
  8
CIVIL-253
100
AcDbVertex
100
AcDb2dVertex
 10
0.4332833018652309
 20
0.0015512398513238
 30
0.0
 70
8
  0
VERTEX
  5
353
330
346
100
AcDbEntity
  8
CIVIL-253
100
AcDbVertex
100
AcDb2dVertex
 10
0.4243346388684587
 20
0.0008512259919371
 30
0.0
 70
8
  0
VERTEX
  5
354
330
346
100
AcDbEntity
  8
CIVIL-253
100
AcDbVertex
100
AcDb2dVertex
 10
0.4147881528324433
 20
7.89847454143e-05
 30
0.0
 70
8
  0
VERTEX
  5
355
330
346
100
AcDbEntity
  8
CIVIL-253
100
AcDbVertex
100
AcDb2dVertex
 10
0.4046019366592192
 20
-0.0006853883660369
 30
0.0
 70
8
  0
VERTEX
  5
356
330
346
100
AcDbEntity
  8
CIVIL-253
100
AcDbVertex
100
AcDb2dVertex
 10
0.3937340832490008
 20
-0.0013617978220282
 30
0.0
 70
8
  0
VERTEX
  5
357
330
346
100
AcDbEntity
  8
CIVIL-253
100
AcDbVertex
100
AcDb2dVertex
 10
0.3821426855038226
 20
-0.0018701480948948
 30
0.0
 70
8
  0
VERTEX
  5
358
330
346
100
AcDbEntity
  8
CIVIL-253
100
AcDbVertex
100
AcDb2dVertex
 10
0.3697858363257183
 20
-0.0021303436678863
 30
0.0
 70
8
  0
VERTEX
  5
359
330
346
100
AcDbEntity
  8
CIVIL-253
100
AcDbVertex
100
AcDb2dVertex
 10
0.356669665251502
 20
-0.0020893153614452
 30
0.0
 70
8
  0
VERTEX
  5
35A
330
346
100
AcDbEntity
  8
CIVIL-253
100
AcDbVertex
100
AcDb2dVertex
 10
0.3429924483630202
 20
-0.001802099382985
 30
0.0
 70
8
  0
VERTEX
  5
35B
330
346
100
AcDbEntity
  8
CIVIL-253
100
AcDbVertex
100
AcDb2dVertex
 10
0.3290004983768995
 20
-0.0013507582953025
 30
0.0
 70
8
  0
VERTEX
  5
35C
330
346
100
AcDbEntity
  8
CIVIL-253
100
AcDbVertex
100
AcDb2dVertex
 10
0.3149401280120401
 20
-0.0008173546484613
 30
0.0
 70
8
  0
VERTEX
  5
35D
330
346
100
AcDbEntity
  8
CIVIL-253
100
AcDbVertex
100
AcDb2dVertex
 10
0.3010576499850686
 20
-0.0002839510034391
 30
0.0
 70
8
  0
VERTEX
  5
35E
330
346
100
AcDbEntity
  8
CIVIL-253
100
AcDbVertex
100
AcDb2dVertex
 10
0.287599377013521
 20
0.0001673900860624
 30
0.0
 70
8
  0
VERTEX
  5
35F
330
346
100
AcDbEntity
  8
CIVIL-253
100
AcDbVertex
100
AcDb2dVertex
 10
0.2748116218153882
 20
0.0004546060627035
 30
0.0
 70
8
  0
VERTEX
  5
360
330
346
100
AcDbEntity
  8
CIVIL-253
100
AcDbVertex
100
AcDb2dVertex
 10
0.2629406971077515
 20
0.0004956343709637
 30
0.0
 70
8
  0
VERTEX
  5
361
330
346
100
AcDbEntity
  8
CIVIL-253
100
AcDbVertex
100
AcDb2dVertex
 10
0.2521590788464891
 20
0.0002371913724346
 30
0.0
 70
8
  0
VERTEX
  5
362
330
346
100
AcDbEntity
  8
CIVIL-253
100
AcDbVertex
100
AcDb2dVertex
 10
0.2423438959417581
 20
-0.000258890877376
 30
0.0
 70
8
  0
VERTEX
  5
363
330
346
100
AcDbEntity
  8
CIVIL-253
100
AcDbVertex
100
AcDb2dVertex
 10
0.2332984405416028
 20
-0.0009020014113048
 30
0.0
 70
8
  0
VERTEX
  5
364
330
346
100
AcDbEntity
  8
CIVIL-253
100
AcDbVertex
100
AcDb2dVertex
 10
0.2248260047936128
 20
-0.0016015292567317
 30
0.0
 70
8
  0
VERTEX
  5
365
330
346
100
AcDbEntity
  8
CIVIL-253
100
AcDbVertex
100
AcDb2dVertex
 10
0.2167298808467422
 20
-0.0022668634428555
 30
0.0
 70
8
  0
VERTEX
  5
366
330
346
100
AcDbEntity
  8
CIVIL-253
100
AcDbVertex
100
AcDb2dVertex
 10
0.2088133608490352
 20
-0.002807392995237
 30
0.0
 70
8
  0
VERTEX
  5
367
330
346
100
AcDbEntity
  8
CIVIL-253
100
AcDbVertex
100
AcDb2dVertex
 10
0.2008797369485364
 20
-0.003132506944894
 30
0.0
 70
8
  0
VERTEX
  5
368
330
346
100
AcDbEntity
  8
CIVIL-253
100
AcDbVertex
100
AcDb2dVertex
 10
0.1927323012932902
 20
-0.0031515943192062
 30
0.0
 70
8
  0
VERTEX
  5
369
330
346
100
AcDbEntity
  8
CIVIL-253
100
AcDbVertex
100
AcDb2dVertex
 10
0.1842222400814535
 20
-0.0028065273854736
 30
0.0
 70
8
  0
VERTEX
  5
36A
330
346
100
AcDbEntity
  8
CIVIL-253
100
AcDbVertex
100
AcDb2dVertex
 10
0.1753923157075405
 20
-0.0021691113361157
 30
0.0
 70
8
  0
VERTEX
  5
36B
330
346
100
AcDbEntity
  8
CIVIL-253
100
AcDbVertex
100
AcDb2dVertex
 10
0.1663331846170877
 20
-0.0013436346162052
 30
0.0
 70
8
  0
VERTEX
  5
36C
330
346
100
AcDbEntity
  8
CIVIL-253
100
AcDbVertex
100
AcDb2dVertex
 10
0.1571355032547217
 20
-0.0004343856544438
 30
0.0
 70
8
  0
VERTEX
  5
36D
330
346
100
AcDbEntity
  8
CIVIL-253
100
AcDbVertex
100
AcDb2dVertex
 10
0.1478899280655241
 20
0.0004543471095531
 30
0.0
 70
8
  0
VERTEX
  5
36E
330
346
100
AcDbEntity
  8
CIVIL-253
100
AcDbVertex
100
AcDb2dVertex
 10
0.1386871154945766
 20
0.0012182752434455
 30
0.0
 70
8
  0
VERTEX
  5
36F
330
346
100
AcDbEntity
  8
CIVIL-253
100
AcDbVertex
100
AcDb2dVertex
 10
0.129617721986051
 20
0.001753110309437
 30
0.0
 70
8
  0
VERTEX
  5
370
330
346
100
AcDbEntity
  8
CIVIL-253
100
AcDbVertex
100
AcDb2dVertex
 10
0.1207724039850291
 20
0.0019545638715499
 30
0.0
 70
8
  0
VERTEX
  5
371
330
346
100
AcDbEntity
  8
CIVIL-253
100
AcDbVertex
100
AcDb2dVertex
 10
0.1122207218172662
 20
0.0017530107743369
 30
0.0
 70
8
  0
VERTEX
  5
372
330
346
100
AcDbEntity
  8
CIVIL-253
100
AcDbVertex
100
AcDb2dVertex
 10
0.1039478513271206
 20
0.0012174789590063
 30
0.0
 70
8
  0
VERTEX
  5
373
330
346
100
AcDbEntity
  8
CIVIL-253
100
AcDbVertex
100
AcDb2dVertex
 10
0.0959178722396246
 20
0.0004516596545727
 30
0.0
 70
8
  0
VERTEX
  5
374
330
346
100
AcDbEntity
  8
CIVIL-253
100
AcDbVertex
100
AcDb2dVertex
 10
0.088094864280265
 20
-0.000440755919044
 30
0.0
 70
8
  0
VERTEX
  5
375
330
346
100
AcDbEntity
  8
CIVIL-253
100
AcDbVertex
100
AcDb2dVertex
 10
0.0804429071740742
 20
-0.0013560765401053
 30
0.0
 70
8
  0
VERTEX
  5
376
330
346
100
AcDbEntity
  8
CIVIL-253
100
AcDbVertex
100
AcDb2dVertex
 10
0.0729260806460843
 20
-0.0021906109795964
 30
0.0
 70
8
  0
VERTEX
  5
377
330
346
100
AcDbEntity
  8
CIVIL-253
100
AcDbVertex
100
AcDb2dVertex
 10
0.065508464422237
 20
-0.0028406680212356
 30
0.0
 70
8
  0
VERTEX
  5
378
330
346
100
AcDbEntity
  8
CIVIL-253
100
AcDbVertex
100
AcDb2dVertex
 10
0.0581541382266551
 20
-0.0032025564378273
 30
0.0
 70
8
  0
VERTEX
  5
379
330
346
100
AcDbEntity
  8
CIVIL-253
100
AcDbVertex
100
AcDb2dVertex
 10
0.0508324795650879
 20
-0.0032052399928944
 30
0.0
 70
8
  0
VERTEX
  5
37A
330
346
100
AcDbEntity
  8
CIVIL-253
100
AcDbVertex
100
AcDb2dVertex
 10
0.0435340570620611
 20
-0.0029083024037391
 30
0.0
 70
8
  0
VERTEX
  5
37B
330
346
100
AcDbEntity
  8
CIVIL-253
100
AcDbVertex
100
AcDb2dVertex
 10
0.0362547371209985
 20
-0.0024039823656494
 30
0.0
 70
8
  0
VERTEX
  5
37C
330
346
100
AcDbEntity
  8
CIVIL-253
100
AcDbVertex
100
AcDb2dVertex
 10
0.0289903861462335
 20
-0.0017845185811893
 30
0.0
 70
8
  0
VERTEX
  5
37D
330
346
100
AcDbEntity
  8
CIVIL-253
100
AcDbVertex
100
AcDb2dVertex
 10
0.021736870543009
 20
-0.0011421497529227
 30
0.0
 70
8
  0
VERTEX
  5
37E
330
346
100
AcDbEntity
  8
CIVIL-253
100
AcDbVertex
100
AcDb2dVertex
 10
0.0144900567142941
 20
-0.0005691145797755
 30
0.0
 70
8
  0
VERTEX
  5
37F
330
346
100
AcDbEntity
  8
CIVIL-253
100
AcDbVertex
100
AcDb2dVertex
 10
0.0072458110653315
 20
-0.0001576517624926
 30
0.0
 70
8
  0
VERTEX
  5
380
330
346
100
AcDbEntity
  8
CIVIL-253
100
AcDbVertex
100
AcDb2dVertex
 10
0.0
 20
-1.819e-12
 30
0.0
 70
8
  0
VERTEX
  5
381
330
346
100
AcDbEntity
  8
CIVIL-253
100
AcDbVertex
100
AcDb2dVertex
 10
0.4852427836099197
 20
-1.819e-12
 30
0.0
 70
16
  0
VERTEX
  5
382
330
346
100
AcDbEntity
  8
CIVIL-253
100
AcDbVertex
100
AcDb2dVertex
 10
0.4545905390659756
 20
0.0057476855126879
 30
0.0
 70
16
  0
VERTEX
  5
383
330
346
100
AcDbEntity
  8
CIVIL-253
100
AcDbVertex
100
AcDb2dVertex
 10
0.3783976606673605
 20
-0.0056316794070881
 30
0.0
 70
16
  0
VERTEX
  5
384
330
346
100
AcDbEntity
  8
CIVIL-253
100
AcDbVertex
100
AcDb2dVertex
 10
0.2505338362207112
 20
0.0039969701083464
 30
0.0
 70
16
  0
VERTEX
  5
385
330
346
100
AcDbEntity
  8
CIVIL-253
100
AcDbVertex
100
AcDb2dVertex
 10
0.1971111770953939
 20
-0.0073823948096106
 30
0.0
 70
16
  0
VERTEX
  5
386
330
346
100
AcDbEntity
  8
CIVIL-253
100
AcDbVertex
100
AcDb2dVertex
 10
0.1174152631574543
 20
0.0066230432148586
 30
0.0
 70
16
  0
VERTEX
  5
387
330
346
100
AcDbEntity
  8
CIVIL-253
100
AcDbVertex
100
AcDb2dVertex
 10
0.0578621941854181
 20
-0.0073823948096106
 30
0.0
 70
16
  0
VERTEX
  5
388
330
346
100
AcDbEntity
  8
CIVIL-253
100
AcDbVertex
100
AcDb2dVertex
 10
0.0193279243708275
 20
-1.819e-12
 30
0.0
 70
16
  0
VERTEX
  5
389
330
346
100
AcDbEntity
  8
CIVIL-253
100
AcDbVertex
100
AcDb2dVertex
 10
0.0
 20
-1.819e-12
 30
0.0
 70
16
  0
SEQEND
  5
38A
330
346
100
AcDbEntity
  8
CIVIL-253
  0
LWPOLYLINE
  5
38B
330
2F2
100
AcDbEntity
  8
CIVIL-253
100
AcDbPolyline
 90
27
 70
0
 10
0.5
 20
-1.819e-12
 10
0.516677296418493
 20
0.0002596725935291
 10
0.5308819971023695
 20
0.0009342959256173
 10
0.5429032773236031
 20
0.0018672783025977
 10
0.5530303123546219
 20
0.0029020280398981
 10
0.5615522774669444
 20
0.0038819534493086
 10
0.5687583479334535
 20
0.0046504628444382
 10
0.5749376990265774
 20
0.0050509645388956
 10
0.580379506018744
 20
0.0049268668426521
 10
0.5853401334898081
 20
0.004177794804491
 10
0.5899447032547869
 20
0.0029282403938851
 10
0.5942855264365791
 20
0.0013589123136626
 10
0.598454914158083
 20
-0.0003494807278912
 10
0.6025451775426518
 20
-0.002016230033405
 10
0.6066486277122749
 20
-0.0034606268945936
 10
0.6108575757907602
 20
-0.0045019626068097
 10
0.6152643329000969
 20
-0.004959528469044
 10
0.6199324110079945
 20
-0.0047157350945781
 10
0.6248101254514041
 20
-0.0039054703502188
 10
0.6298169924139077
 20
-0.0027267414243397
 10
0.6348725280768122
 20
-0.0013775555053144
 10
0.6398962486227902
 20
-5.59197778784e-05
 10
0.6448076702336039
 20
0.0010401585695945
 10
0.6495263090910158
 20
0.0017126723523688
 10
0.6539716813776977
 20
0.001763614382071
 10
0.6580775745233041
 20
0.0010328013395338
 10
0.6604238334593902
 20
8.27194908197e-05
  0
POLYLINE
  5
38C
330
2F2
100
AcDbEntity
  8
CIVIL-253
100
AcDb2dPolyline
 66
1
 10
0.0
 20
0.0
 30
0.0
 70
4
 75
6
  0
VERTEX
  5
38D
330
38C
100
AcDbEntity
  8
CIVIL-253
100
AcDbVertex
100
AcDb2dVertex
 10
1.0
 20
-1.819e-12
 30
0.0
 70
16
  0
VERTEX
  5
38E
330
38C
100
AcDbEntity
  8
CIVIL-253
100
AcDbVertex
100
AcDb2dVertex
 10
1.0
 20
-1.819e-12
 30
0.0
 70
8
  0
VERTEX
  5
38F
330
38C
100
AcDbEntity
  8
CIVIL-253
100
AcDbVertex
100
AcDb2dVertex
 10
1.005569347918024
 20
0.000122587696751
 30
0.0
 70
8
  0
VERTEX
  5
390
330
38C
100
AcDbEntity
  8
CIVIL-253
100
AcDbVertex
100
AcDb2dVertex
 10
1.01124437661474
 20
0.0004418560638442
 30
0.0
 70
8
  0
VERTEX
  5
391
330
38C
100
AcDbEntity
  8
CIVIL-253
100
AcDbVertex
100
AcDb2dVertex
 10
1.017077431942198
 20
0.0008850630110828
 30
0.0
 70
8
  0
VERTEX
  5
392
330
38C
100
AcDbEntity
  8
CIVIL-253
100
AcDbVertex
100
AcDb2dVertex
 10
1.023120859752452
 20
0.0013794664464513
 30
0.0
 70
8
  0
VERTEX
  5
393
330
38C
100
AcDbEntity
  8
CIVIL-253
100
AcDbVertex
100
AcDb2dVertex
 10
1.029427005897558
 20
0.0018523242852098
 30
0.0
 70
8
  0
VERTEX
  5
394
330
38C
100
AcDbEntity
  8
CIVIL-253
100
AcDbVertex
100
AcDb2dVertex
 10
1.036048216229572
 20
0.0022308944353426
 30
0.0
 70
8
  0
VERTEX
  5
395
330
38C
100
AcDbEntity
  8
CIVIL-253
100
AcDbVertex
100
AcDb2dVertex
 10
1.043036836601004
 20
0.0024424348084722
 30
0.0
 70
8
  0
VERTEX
  5
396
330
38C
100
AcDbEntity
  8
CIVIL-253
100
AcDbVertex
100
AcDb2dVertex
 10
1.050445212864359
 20
0.0024142033144017
 30
0.0
 70
8
  0
VERTEX
  5
397
330
38C
100
AcDbEntity
  8
CIVIL-253
100
AcDbVertex
100
AcDb2dVertex
 10
1.058323951078362
 20
0.0020989307995478
 30
0.0
 70
8
  0
VERTEX
  5
398
330
38C
100
AcDbEntity
  8
CIVIL-253
100
AcDbVertex
100
AcDb2dVertex
 10
1.066716698134769
 20
0.0015512398513238
 30
0.0
 70
8
  0
VERTEX
  5
399
330
38C
100
AcDbEntity
  8
CIVIL-253
100
AcDbVertex
100
AcDb2dVertex
 10
1.07566536113154
 20
0.0008512259919371
 30
0.0
 70
8
  0
VERTEX
  5
39A
330
38C
100
AcDbEntity
  8
CIVIL-253
100
AcDbVertex
100
AcDb2dVertex
 10
1.085211847167099
 20
7.89847454143e-05
 30
0.0
 70
8
  0
VERTEX
  5
39B
330
38C
100
AcDbEntity
  8
CIVIL-253
100
AcDbVertex
100
AcDb2dVertex
 10
1.095398063340324
 20
-0.0006853883660369
 30
0.0
 70
8
  0
VERTEX
  5
39C
330
38C
100
AcDbEntity
  8
CIVIL-253
100
AcDbVertex
100
AcDb2dVertex
 10
1.106265916750542
 20
-0.0013617978220282
 30
0.0
 70
8
  0
VERTEX
  5
39D
330
38C
100
AcDbEntity
  8
CIVIL-253
100
AcDbVertex
100
AcDb2dVertex
 10
1.117857314495722
 20
-0.0018701480948948
 30
0.0
 70
8
  0
VERTEX
  5
39E
330
38C
100
AcDbEntity
  8
CIVIL-253
100
AcDbVertex
100
AcDb2dVertex
 10
1.130214163673824
 20
-0.0021303436678863
 30
0.0
 70
8
  0
VERTEX
  5
39F
330
38C
100
AcDbEntity
  8
CIVIL-253
100
AcDbVertex
100
AcDb2dVertex
 10
1.143330334748043
 20
-0.0020893153614452
 30
0.0
 70
8
  0
VERTEX
  5
3A0
330
38C
100
AcDbEntity
  8
CIVIL-253
100
AcDbVertex
100
AcDb2dVertex
 10
1.157007551636977
 20
-0.001802099382985
 30
0.0
 70
8
  0
VERTEX
  5
3A1
330
38C
100
AcDbEntity
  8
CIVIL-253
100
AcDbVertex
100
AcDb2dVertex
 10
1.170999501622643
 20
-0.0013507582953025
 30
0.0
 70
8
  0
VERTEX
  5
3A2
330
38C
100
AcDbEntity
  8
CIVIL-253
100
AcDbVertex
100
AcDb2dVertex
 10
1.185059871987959
 20
-0.0008173546484613
 30
0.0
 70
8
  0
VERTEX
  5
3A3
330
38C
100
AcDbEntity
  8
CIVIL-253
100
AcDbVertex
100
AcDb2dVertex
 10
1.198942350014475
 20
-0.0002839510034391
 30
0.0
 70
8
  0
VERTEX
  5
3A4
330
38C
100
AcDbEntity
  8
CIVIL-253
100
AcDbVertex
100
AcDb2dVertex
 10
1.212400622986024
 20
0.0001673900860624
 30
0.0
 70
8
  0
VERTEX
  5
3A5
330
38C
100
AcDbEntity
  8
CIVIL-253
100
AcDbVertex
100
AcDb2dVertex
 10
1.22518837818461
 20
0.0004546060627035
 30
0.0
 70
8
  0
VERTEX
  5
3A6
330
38C
100
AcDbEntity
  8
CIVIL-253
100
AcDbVertex
100
AcDb2dVertex
 10
1.237059302891792
 20
0.0004956343709637
 30
0.0
 70
8
  0
VERTEX
  5
3A7
330
38C
100
AcDbEntity
  8
CIVIL-253
100
AcDbVertex
100
AcDb2dVertex
 10
1.247840921153055
 20
0.0002371913724346
 30
0.0
 70
8
  0
VERTEX
  5
3A8
330
38C
100
AcDbEntity
  8
CIVIL-253
100
AcDbVertex
100
AcDb2dVertex
 10
1.257656104057787
 20
-0.000258890877376
 30
0.0
 70
8
  0
VERTEX
  5
3A9
330
38C
100
AcDbEntity
  8
CIVIL-253
100
AcDbVertex
100
AcDb2dVertex
 10
1.266701559458397
 20
-0.0009020014113048
 30
0.0
 70
8
  0
VERTEX
  5
3AA
330
38C
100
AcDbEntity
  8
CIVIL-253
100
AcDbVertex
100
AcDb2dVertex
 10
1.275173995205932
 20
-0.0016015292567317
 30
0.0
 70
8
  0
VERTEX
  5
3AB
330
38C
100
AcDbEntity
  8
CIVIL-253
100
AcDbVertex
100
AcDb2dVertex
 10
1.283270119152801
 20
-0.0022668634428555
 30
0.0
 70
8
  0
VERTEX
  5
3AC
330
38C
100
AcDbEntity
  8
CIVIL-253
100
AcDbVertex
100
AcDb2dVertex
 10
1.29118663915051
 20
-0.002807392995237
 30
0.0
 70
8
  0
VERTEX
  5
3AD
330
38C
100
AcDbEntity
  8
CIVIL-253
100
AcDbVertex
100
AcDb2dVertex
 10
1.299120263051007
 20
-0.003132506944894
 30
0.0
 70
8
  0
VERTEX
  5
3AE
330
38C
100
AcDbEntity
  8
CIVIL-253
100
AcDbVertex
100
AcDb2dVertex
 10
1.307267698706254
 20
-0.0031515943192062
 30
0.0
 70
8
  0
VERTEX
  5
3AF
330
38C
100
AcDbEntity
  8
CIVIL-253
100
AcDbVertex
100
AcDb2dVertex
 10
1.315777759918544
 20
-0.0028065273854736
 30
0.0
 70
8
  0
VERTEX
  5
3B0
330
38C
100
AcDbEntity
  8
CIVIL-253
100
AcDbVertex
100
AcDb2dVertex
 10
1.324607684292004
 20
-0.0021691113361157
 30
0.0
 70
8
  0
VERTEX
  5
3B1
330
38C
100
AcDbEntity
  8
CIVIL-253
100
AcDbVertex
100
AcDb2dVertex
 10
1.333666815382912
 20
-0.0013436346162052
 30
0.0
 70
8
  0
VERTEX
  5
3B2
330
38C
100
AcDbEntity
  8
CIVIL-253
100
AcDbVertex
100
AcDb2dVertex
 10
1.342864496744822
 20
-0.0004343856544438
 30
0.0
 70
8
  0
VERTEX
  5
3B3
330
38C
100
AcDbEntity
  8
CIVIL-253
100
AcDbVertex
100
AcDb2dVertex
 10
1.352110071934021
 20
0.0004543471095531
 30
0.0
 70
8
  0
VERTEX
  5
3B4
330
38C
100
AcDbEntity
  8
CIVIL-253
100
AcDbVertex
100
AcDb2dVertex
 10
1.361312884505422
 20
0.0012182752434455
 30
0.0
 70
8
  0
VERTEX
  5
3B5
330
38C
100
AcDbEntity
  8
CIVIL-253
100
AcDbVertex
100
AcDb2dVertex
 10
1.370382278013946
 20
0.001753110309437
 30
0.0
 70
8
  0
VERTEX
  5
3B6
330
38C
100
AcDbEntity
  8
CIVIL-253
100
AcDbVertex
100
AcDb2dVertex
 10
1.379227596014514
 20
0.0019545638715499
 30
0.0
 70
8
  0
VERTEX
  5
3B7
330
38C
100
AcDbEntity
  8
CIVIL-253
100
AcDbVertex
100
AcDb2dVertex
 10
1.387779278182279
 20
0.0017530107743369
 30
0.0
 70
8
  0
VERTEX
  5
3B8
330
38C
100
AcDbEntity
  8
CIVIL-253
100
AcDbVertex
100
AcDb2dVertex
 10
1.396052148672422
 20
0.0012174789590063
 30
0.0
 70
8
  0
VERTEX
  5
3B9
330
38C
100
AcDbEntity
  8
CIVIL-253
100
AcDbVertex
100
AcDb2dVertex
 10
1.404082127759918
 20
0.0004516596545727
 30
0.0
 70
8
  0
VERTEX
  5
3BA
330
38C
100
AcDbEntity
  8
CIVIL-253
100
AcDbVertex
100
AcDb2dVertex
 10
1.41190513571928
 20
-0.000440755919044
 30
0.0
 70
8
  0
VERTEX
  5
3BB
330
38C
100
AcDbEntity
  8
CIVIL-253
100
AcDbVertex
100
AcDb2dVertex
 10
1.419557092825925
 20
-0.0013560765401053
 30
0.0
 70
8
  0
VERTEX
  5
3BC
330
38C
100
AcDbEntity
  8
CIVIL-253
100
AcDbVertex
100
AcDb2dVertex
 10
1.42707391935346
 20
-0.0021906109795964
 30
0.0
 70
8
  0
VERTEX
  5
3BD
330
38C
100
AcDbEntity
  8
CIVIL-253
100
AcDbVertex
100
AcDb2dVertex
 10
1.434491535577308
 20
-0.0028406680212356
 30
0.0
 70
8
  0
VERTEX
  5
3BE
330
38C
100
AcDbEntity
  8
CIVIL-253
100
AcDbVertex
100
AcDb2dVertex
 10
1.441845861772889
 20
-0.0032025564378273
 30
0.0
 70
8
  0
VERTEX
  5
3BF
330
38C
100
AcDbEntity
  8
CIVIL-253
100
AcDbVertex
100
AcDb2dVertex
 10
1.449167520434456
 20
-0.0032052399928944
 30
0.0
 70
8
  0
VERTEX
  5
3C0
330
38C
100
AcDbEntity
  8
CIVIL-253
100
AcDbVertex
100
AcDb2dVertex
 10
1.456465942937938
 20
-0.0029083024037391
 30
0.0
 70
8
  0
VERTEX
  5
3C1
330
38C
100
AcDbEntity
  8
CIVIL-253
100
AcDbVertex
100
AcDb2dVertex
 10
1.463745262878999
 20
-0.0024039823656494
 30
0.0
 70
8
  0
VERTEX
  5
3C2
330
38C
100
AcDbEntity
  8
CIVIL-253
100
AcDbVertex
100
AcDb2dVertex
 10
1.471009613853309
 20
-0.0017845185811893
 30
0.0
 70
8
  0
VERTEX
  5
3C3
330
38C
100
AcDbEntity
  8
CIVIL-253
100
AcDbVertex
100
AcDb2dVertex
 10
1.478263129456534
 20
-0.0011421497529227
 30
0.0
 70
8
  0
VERTEX
  5
3C4
330
38C
100
AcDbEntity
  8
CIVIL-253
100
AcDbVertex
100
AcDb2dVertex
 10
1.485509943285251
 20
-0.0005691145797755
 30
0.0
 70
8
  0
VERTEX
  5
3C5
330
38C
100
AcDbEntity
  8
CIVIL-253
100
AcDbVertex
100
AcDb2dVertex
 10
1.492754188934213
 20
-0.0001576517624926
 30
0.0
 70
8
  0
VERTEX
  5
3C6
330
38C
100
AcDbEntity
  8
CIVIL-253
100
AcDbVertex
100
AcDb2dVertex
 10
1.5
 20
-1.819e-12
 30
0.0
 70
8
  0
VERTEX
  5
3C7
330
38C
100
AcDbEntity
  8
CIVIL-253
100
AcDbVertex
100
AcDb2dVertex
 10
1.014757216389625
 20
-1.819e-12
 30
0.0
 70
16
  0
VERTEX
  5
3C8
330
38C
100
AcDbEntity
  8
CIVIL-253
100
AcDbVertex
100
AcDb2dVertex
 10
1.045409460933569
 20
0.0057476855126879
 30
0.0
 70
16
  0
VERTEX
  5
3C9
330
38C
100
AcDbEntity
  8
CIVIL-253
100
AcDbVertex
100
AcDb2dVertex
 10
1.121602339332184
 20
-0.0056316794070881
 30
0.0
 70
16
  0
VERTEX
  5
3CA
330
38C
100
AcDbEntity
  8
CIVIL-253
100
AcDbVertex
100
AcDb2dVertex
 10
1.249466163778834
 20
0.0039969701083464
 30
0.0
 70
16
  0
VERTEX
  5
3CB
330
38C
100
AcDbEntity
  8
CIVIL-253
100
AcDbVertex
100
AcDb2dVertex
 10
1.302888822904149
 20
-0.0073823948096106
 30
0.0
 70
16
  0
VERTEX
  5
3CC
330
38C
100
AcDbEntity
  8
CIVIL-253
100
AcDbVertex
100
AcDb2dVertex
 10
1.38258473684209
 20
0.0066230432148586
 30
0.0
 70
16
  0
VERTEX
  5
3CD
330
38C
100
AcDbEntity
  8
CIVIL-253
100
AcDbVertex
100
AcDb2dVertex
 10
1.442137805814127
 20
-0.0073823948096106
 30
0.0
 70
16
  0
VERTEX
  5
3CE
330
38C
100
AcDbEntity
  8
CIVIL-253
100
AcDbVertex
100
AcDb2dVertex
 10
1.48067207562917
 20
-1.819e-12
 30
0.0
 70
16
  0
VERTEX
  5
3CF
330
38C
100
AcDbEntity
  8
CIVIL-253
100
AcDbVertex
100
AcDb2dVertex
 10
1.5
 20
-1.819e-12
 30
0.0
 70
16
  0
SEQEND
  5
3D0
330
38C
100
AcDbEntity
  8
CIVIL-253
  0
LWPOLYLINE
  5
3D1
330
2F2
100
AcDbEntity
  8
CIVIL-253
100
AcDbPolyline
 90
26
 70
0
 10
0.8243433427833224
 20
-0.000154002027557
 10
0.8270188209298794
 20
0.0020529468438326
 10
0.8313991846166571
 20
0.0035749452490563
 10
0.8367746869976143
 20
0.0040707370990276
 10
0.8429880944631802
 20
0.0037810710236954
 10
0.8498821734042394
 20
0.0029466956493707
 10
0.8572996902103112
 20
0.0018083596096403
 10
0.8650834112718258
 20
0.0006068115326343
 10
0.8730761029796665
 20
-0.0004171999535174
 10
0.8811205317238091
 20
-0.0010229262170469
 10
0.8890746799829685
 20
-0.0010344571783207
 10
0.8968573945944625
 20
-0.0005352369444154
 10
0.9044027384825309
 20
0.0003264518218202
 10
0.9116447745723236
 20
0.0014023264648131
 10
0.9185175657889884
 20
0.0025441043271712
 10
0.9249551750576754
 20
0.0036035027496837
 10
0.9308916653030792
 20
0.0044322390713205
 10
0.936261099450803
 20
0.0048820306365087
 10
0.9410934581906076
 20
0.0048494298807782
 10
0.9458023932752438
 20
0.0044103296004323
 10
0.9508974742216196
 20
0.0036854576919723
 10
0.9568882705480064
 20
0.0027955420500803
 10
0.9642843517717663
 20
0.0018613105676195
 10
0.9735952874093527
 20
0.0010034911338153
 10
0.9853306469799465
 20
0.0003428116469877
 10
1.0
 20
-1.819e-12
  0
ENDBLK
  5
3D2
330
2F2
100
AcDbEntity
  8
0
100
AcDbBlockEnd
  0
BLOCK
  5
3D4
330
3D3
100
AcDbEntity
  8
0
100
AcDbBlockBegin
  2
*U4
 70
1
 10
0.0
 20
0.0
 30
0.0
  3
*U4
  1

  0
INSERT
  5
3D5
330
3D3
100
AcDbEntity
  8
CIVIL-DIM
  6
ByBlock
347
ED
 62
0
370
-2
440
16777216
100
AcDbBlockReference
  2
*U5
 10
910259.8158995723
 20
-387124.371578013
 30
0.0
  0
INSERT
  5
3D6
330
3D3
100
AcDbEntity
  8
CIVIL-DIM
  6
ByBlock
347
ED
 62
0
370
-2
440
16777216
100
AcDbBlockReference
  2
*U5
 10
910124.4590462092
 20
-387202.5198937381
 30
0.0
 50
60.0
  0
INSERT
  5
3D7
330
3D3
100
AcDbEntity
  8
CIVIL-DIM
  6
ByBlock
347
ED
 62
0
370
-2
440
16777216
100
AcDbBlockReference
  2
*U5
 10
910124.4590462085
 20
-387358.8165251894
 30
0.0
 41
0.9999999999999998
 42
0.9999999999999998
 43
0.9999999999999998
 50
120.0
  0
INSERT
  5
3D8
330
3D3
100
AcDbEntity
  8
CIVIL-DIM
  6
ByBlock
347
ED
 62
0
370
-2
440
16777216
100
AcDbBlockReference
  2
*U5
 10
910259.8158995709
 20
-387436.9648409157
 30
0.0
 50
180.0
  0
INSERT
  5
3D9
330
3D3
100
AcDbEntity
  8
CIVIL-DIM
  6
ByBlock
347
ED
 62
0
370
-2
440
16777216
100
AcDbBlockReference
  2
*U5
 10
910395.1727529345
 20
-387358.8165251906
 30
0.0
 50
239.9999999999999
  0
INSERT
  5
3DA
330
3D3
100
AcDbEntity
  8
CIVIL-DIM
  6
ByBlock
347
ED
 62
0
370
-2
440
16777216
100
AcDbBlockReference
  2
*U5
 10
910395.1727529349
 20
-387202.5198937392
 30
0.0
 50
300.0
  0
ENDBLK
  5
3DB
330
3D3
100
AcDbEntity
  8
0
100
AcDbBlockEnd
  0
BLOCK
  5
3DD
330
3DC
100
AcDbEntity
  8
0
100
AcDbBlockBegin
  2
*U5
 70
1
 10
0.0
 20
0.0
 30
0.0
  3
*U5
  1

  0
LWPOLYLINE
  5
3DE
330
3DC
100
AcDbEntity
  8
CIVIL-FERRO-CORTE
100
AcDbPolyline
 90
2
 70
1
 43
8.53448275862069
 10
-4.267241379310345
 20
0.0
 42
1.0
 10
4.267241379310345
 20
0.0
 42
1.0
  0
ENDBLK
  5
3DF
330
3DC
100
AcDbEntity
  8
0
100
AcDbBlockEnd
  0
BLOCK
  5
3E1
330
3E0
100
AcDbEntity
  8
0
100
AcDbBlockBegin
  2
*D6
 70
1
 10
0.0
 20
0.0
 30
0.0
  3
*D6
  1

  0
LINE
  5
3E2
330
3E0
100
AcDbEntity
  8
CIVIL-DIM
 62
1
370
-2
440
16777216
100
AcDbLine
 10
6931.34633569748
 20
7300.581889433296
 30
0.0
 11
6658.941378110583
 21
7300.581889433296
 31
0.0
  0
LINE
  5
3E3
330
3E0
100
AcDbEntity
  8
CIVIL-DIM
 62
1
370
-2
440
16777216
100
AcDbLine
 10
6931.34633569748
 20
6850.581889433296
 30
0.0
 11
6658.941378110583
 21
6850.581889433296
 31
0.0
  0
LINE
  5
3E4
330
3E0
100
AcDbEntity
  8
CIVIL-DIM
 62
1
440
16777216
100
AcDbLine
 10
6676.941378110583
 20
7318.581889433296
 30
0.0
 11
6676.941378110583
 21
6832.581889433297
 31
0.0
  0
INSERT
  5
3E5
330
3E0
100
AcDbEntity
  8
CIVIL-DIM
 62
1
440
16777216
100
AcDbBlockReference
  2
_ArchTick
 10
6676.941378110583
 20
7300.581889433296
 30
0.0
 41
15.0
 42
15.0
 43
15.0
 50
90.0
  0
INSERT
  5
3E6
330
3E0
100
AcDbEntity
  8
CIVIL-DIM
 62
1
440
16777216
100
AcDbBlockReference
  2
_ArchTick
 10
6676.941378110583
 20
6850.581889433296
 30
0.0
 41
15.0
 42
15.0
 43
15.0
 50
270.0
  0
MTEXT
  5
3E7
330
3E0
100
AcDbEntity
  8
CIVIL-DIM
 62
2
440
16777216
100
AcDbMText
 10
6656.941378110584
 20
7075.581889433293
 30
0.0
 40
20.0
 41
0.0
 46
0.0
 71
5
  1
%%C45
  7
80CL-1_10
 11
1e-16
 21
1.0
 31
0.0
  0
POINT
  5
3E8
330
3E0
100
AcDbEntity
  8
Defpoints
 62
0
440
16777216
100
AcDbPoint
 10
6951.346335697479
 20
7300.581889433296
 30
0.0
  0
POINT
  5
3E9
330
3E0
100
AcDbEntity
  8
Defpoints
 62
0
440
16777216
100
AcDbPoint
 10
6951.346335697479
 20
6850.581889433296
 30
0.0
  0
POINT
  5
3EA
330
3E0
100
AcDbEntity
  8
Defpoints
 62
0
440
16777216
100
AcDbPoint
 10
6676.941378110583
 20
6850.581889433296
 30
0.0
  0
ENDBLK
  5
3EB
330
3E0
100
AcDbEntity
  8
0
100
AcDbBlockEnd
  0
BLOCK
  5
3ED
330
3EC
100
AcDbEntity
  8
0
100
AcDbBlockBegin
  2
*D7
 70
1
 10
0.0
 20
0.0
 30
0.0
  3
*D7
  1

  0
LINE
  5
3EE
330
3EC
100
AcDbEntity
  8
CIVIL-DIM
 62
1
370
-2
440
16777216
100
AcDbLine
 10
7473.694969465516
 20
7240.774409765633
 30
0.0
 11
7713.428864983405
 21
7240.774409765633
 31
0.0
  0
LINE
  5
3EF
330
3EC
100
AcDbEntity
  8
CIVIL-DIM
 62
1
370
-2
440
16777216
100
AcDbLine
 10
7471.346335697479
 20
6910.581889433294
 30
0.0
 11
7713.428864983405
 21
6910.581889433294
 31
0.0
  0
LINE
  5
3F0
330
3EC
100
AcDbEntity
  8
CIVIL-DIM
 62
1
440
16777216
100
AcDbLine
 10
7695.428864983404
 20
7258.774409765634
 30
0.0
 11
7695.428864983404
 21
6892.581889433296
 31
0.0
  0
INSERT
  5
3F1
330
3EC
100
AcDbEntity
  8
CIVIL-DIM
 62
1
440
16777216
100
AcDbBlockReference
  2
_ArchTick
 10
7695.428864983404
 20
7240.774409765633
 30
0.0
 41
15.0
 42
15.0
 43
15.0
 50
90.0
  0
INSERT
  5
3F2
330
3EC
100
AcDbEntity
  8
CIVIL-DIM
 62
1
440
16777216
100
AcDbBlockReference
  2
_ArchTick
 10
7695.428864983404
 20
6910.581889433294
 30
0.0
 41
15.0
 42
15.0
 43
15.0
 50
270.0
  0
MTEXT
  5
3F3
330
3EC
100
AcDbEntity
  8
CIVIL-DIM
 62
2
440
16777216
100
AcDbMText
 10
7675.428864983404
 20
7075.678149599458
 30
0.0
 40
20.0
 41
0.0
 46
0.0
 71
5
  1
%%C33
  7
80CL-1_10
 11
1e-16
 21
1.0
 31
0.0
  0
POINT
  5
3F4
330
3EC
100
AcDbEntity
  8
Defpoints
 62
0
440
16777216
100
AcDbPoint
 10
7453.694969465516
 20
7240.774409765633
 30
0.0
  0
POINT
  5
3F5
330
3EC
100
AcDbEntity
  8
Defpoints
 62
0
440
16777216
100
AcDbPoint
 10
7451.346335697479
 20
6910.581889433294
 30
0.0
  0
POINT
  5
3F6
330
3EC
100
AcDbEntity
  8
Defpoints
 62
0
440
16777216
100
AcDbPoint
 10
7695.428864983404
 20
6910.581889433294
 30
0.0
  0
ENDBLK
  5
3F7
330
3EC
100
AcDbEntity
  8
0
100
AcDbBlockEnd
  0
BLOCK
  5
3F9
330
3F8
100
AcDbEntity
  8
0
100
AcDbBlockBegin
  2
*D8
 70
1
 10
0.0
 20
0.0
 30
0.0
  3
*D8
  1

  0
LINE
  5
3FA
330
3F8
100
AcDbEntity
  8
CIVIL-DIM
 62
1
370
-2
440
16777216
100
AcDbLine
 10
6897.905406067639
 20
6623.081889432495
 30
0.0
 11
6658.941378110589
 21
6623.081889432495
 31
0.0
  0
LINE
  5
3FB
330
3F8
100
AcDbEntity
  8
CIVIL-DIM
 62
1
370
-2
440
16777216
100
AcDbLine
 10
6897.905406067639
 20
6223.081889432497
 30
0.0
 11
6658.941378110589
 21
6223.081889432497
 31
0.0
  0
LINE
  5
3FC
330
3F8
100
AcDbEntity
  8
CIVIL-DIM
 62
1
440
16777216
100
AcDbLine
 10
6676.941378110591
 20
6641.081889432496
 30
0.0
 11
6676.941378110591
 21
6205.081889432495
 31
0.0
  0
INSERT
  5
3FD
330
3F8
100
AcDbEntity
  8
CIVIL-DIM
 62
1
440
16777216
100
AcDbBlockReference
  2
_ArchTick
 10
6676.941378110591
 20
6623.081889432495
 30
0.0
 41
15.0
 42
15.0
 43
15.0
 50
90.0
  0
INSERT
  5
3FE
330
3F8
100
AcDbEntity
  8
CIVIL-DIM
 62
1
440
16777216
100
AcDbBlockReference
  2
_ArchTick
 10
6676.941378110591
 20
6223.081889432497
 30
0.0
 41
15.0
 42
15.0
 43
15.0
 50
270.0
  0
MTEXT
  5
3FF
330
3F8
100
AcDbEntity
  8
CIVIL-DIM
 62
2
440
16777216
100
AcDbMText
 10
6656.941378110591
 20
6423.081889432491
 30
0.0
 40
20.0
 41
0.0
 46
0.0
 71
5
  1
%%C40
  7
80CL-1_10
 11
1e-16
 21
1.0
 31
0.0
  0
POINT
  5
400
330
3F8
100
AcDbEntity
  8
Defpoints
 62
0
440
16777216
100
AcDbPoint
 10
6917.905406067639
 20
6623.081889432495
 30
0.0
  0
POINT
  5
401
330
3F8
100
AcDbEntity
  8
Defpoints
 62
0
440
16777216
100
AcDbPoint
 10
6917.905406067639
 20
6223.081889432497
 30
0.0
  0
POINT
  5
402
330
3F8
100
AcDbEntity
  8
Defpoints
 62
0
440
16777216
100
AcDbPoint
 10
6676.941378110591
 20
6223.081889432497
 30
0.0
  0
ENDBLK
  5
403
330
3F8
100
AcDbEntity
  8
0
100
AcDbBlockEnd
  0
BLOCK
  5
405
330
404
100
AcDbEntity
  8
0
100
AcDbBlockBegin
  2
*D9
 70
1
 10
0.0
 20
0.0
 30
0.0
  3
*D9
  1

  0
LINE
  5
406
330
404
100
AcDbEntity
  8
CIVIL-DIM
 62
1
370
-2
440
16777216
100
AcDbLine
 10
7387.905406067639
 20
6563.081889432496
 30
0.0
 11
7577.487935352772
 21
6563.081889432496
 31
0.0
  0
LINE
  5
407
330
404
100
AcDbEntity
  8
CIVIL-DIM
 62
1
370
-2
440
16777216
100
AcDbLine
 10
7387.905406067639
 20
6283.081889432494
 30
0.0
 11
7577.487935352772
 21
6283.081889432494
 31
0.0
  0
LINE
  5
408
330
404
100
AcDbEntity
  8
CIVIL-DIM
 62
1
440
16777216
100
AcDbLine
 10
7559.487935352773
 20
6581.081889432495
 30
0.0
 11
7559.487935352773
 21
6265.081889432495
 31
0.0
  0
INSERT
  5
409
330
404
100
AcDbEntity
  8
CIVIL-DIM
 62
1
440
16777216
100
AcDbBlockReference
  2
_ArchTick
 10
7559.487935352773
 20
6563.081889432496
 30
0.0
 41
15.0
 42
15.0
 43
15.0
 50
90.0
  0
INSERT
  5
40A
330
404
100
AcDbEntity
  8
CIVIL-DIM
 62
1
440
16777216
100
AcDbBlockReference
  2
_ArchTick
 10
7559.487935352773
 20
6283.081889432494
 30
0.0
 41
15.0
 42
15.0
 43
15.0
 50
270.0
  0
MTEXT
  5
40B
330
404
100
AcDbEntity
  8
CIVIL-DIM
 62
2
440
16777216
100
AcDbMText
 10
7539.487935352773
 20
6423.081889432491
 30
0.0
 40
20.0
 41
0.0
 46
0.0
 71
5
  1
%%C28
  7
80CL-1_10
 11
1e-16
 21
1.0
 31
0.0
  0
POINT
  5
40C
330
404
100
AcDbEntity
  8
Defpoints
 62
0
440
16777216
100
AcDbPoint
 10
7367.905406067639
 20
6563.081889432496
 30
0.0
  0
POINT
  5
40D
330
404
100
AcDbEntity
  8
Defpoints
 62
0
440
16777216
100
AcDbPoint
 10
7367.905406067639
 20
6283.081889432494
 30
0.0
  0
POINT
  5
40E
330
404
100
AcDbEntity
  8
Defpoints
 62
0
440
16777216
100
AcDbPoint
 10
7559.487935352773
 20
6283.081889432494
 30
0.0
  0
ENDBLK
  5
40F
330
404
100
AcDbEntity
  8
0
100
AcDbBlockEnd
  0
BLOCK
  5
411
330
410
100
AcDbEntity
  8
0
100
AcDbBlockBegin
  2
*D10
 70
1
 10
0.0
 20
0.0
 30
0.0
  3
*D10
  1

  0
LINE
  5
412
330
410
100
AcDbEntity
  8
CIVIL-DIM
 62
1
370
-2
440
16777216
100
AcDbLine
 10
7405.342902838491
 20
21372.22681253614
 30
0.0
 11
8187.379413070408
 21
21372.22681253614
 31
0.0
  0
LINE
  5
413
330
410
100
AcDbEntity
  8
CIVIL-DIM
 62
1
370
-2
440
16777216
100
AcDbLine
 10
7365.342902838491
 20
23022.2268125359
 30
0.0
 11
8187.379413070408
 21
23022.2268125359
 31
0.0
  0
LINE
  5
414
330
410
100
AcDbEntity
  8
CIVIL-DIM
 62
1
440
16777216
100
AcDbLine
 10
8097.379413070406
 20
21282.22681253614
 30
0.0
 11
8097.379413070404
 21
23112.2268125359
 31
0.0
  0
INSERT
  5
415
330
410
100
AcDbEntity
  8
CIVIL-DIM
 62
1
440
16777216
100
AcDbBlockReference
  2
_ArchTick
 10
8097.379413070406
 20
21372.22681253614
 30
0.0
 41
75.0
 42
75.0
 43
75.0
 50
270.0
  0
INSERT
  5
416
330
410
100
AcDbEntity
  8
CIVIL-DIM
 62
1
440
16777216
100
AcDbBlockReference
  2
_ArchTick
 10
8097.379413070404
 20
23022.2268125359
 30
0.0
 41
75.0
 42
75.0
 43
75.0
 50
90.0
  0
MTEXT
  5
417
330
410
100
AcDbEntity
  8
CIVIL-DIM
 62
2
440
16777216
100
AcDbMText
 10
7996.322114298242
 20
22197.22681253602
 30
0.0
 40
100.0
 41
0.0
 46
0.0
 71
5
  1
165
  7
ARIAL NORMAL 50
 11
1e-16
 21
1.0
 31
0.0
  0
POINT
  5
418
330
410
100
AcDbEntity
  8
Defpoints
 62
0
440
16777216
100
AcDbPoint
 10
7305.342902838489
 20
21372.22681253614
 30
-4.3078e-12
  0
POINT
  5
419
330
410
100
AcDbEntity
  8
Defpoints
 62
0
440
16777216
100
AcDbPoint
 10
7265.34290283849
 20
23022.2268125359
 30
-4.3078e-12
  0
POINT
  5
41A
330
410
100
AcDbEntity
  8
Defpoints
 62
0
440
16777216
100
AcDbPoint
 10
8097.379413070404
 20
23022.2268125359
 30
0.0
  0
ENDBLK
  5
41B
330
410
100
AcDbEntity
  8
0
100
AcDbBlockEnd
  0
BLOCK
  5
41D
330
41C
100
AcDbEntity
  8
0
100
AcDbBlockBegin
  2
*D11
 70
1
 10
0.0
 20
0.0
 30
0.0
  3
*D11
  1

  0
LINE
  5
41E
330
41C
100
AcDbEntity
  8
CIVIL-DIM
 62
1
370
-2
440
16777216
100
AcDbLine
 10
7694.354188620351
 20
21372.2268125359
 30
0.0
 11
8187.379413070392
 21
21372.2268125359
 31
0.0
  0
LINE
  5
41F
330
41C
100
AcDbEntity
  8
CIVIL-DIM
 62
1
370
-2
440
16777216
100
AcDbLine
 10
7694.354188620351
 20
21272.22681253591
 30
0.0
 11
8187.379413070392
 21
21272.22681253591
 31
0.0
  0
LINE
  5
420
330
41C
100
AcDbEntity
  8
CIVIL-DIM
 62
1
440
16777216
100
AcDbLine
 10
8097.37941307039
 20
21462.22681253591
 30
0.0
 11
8097.37941307039
 21
21272.22681253591
 31
0.0
  0
LINE
  5
421
330
41C
100
AcDbEntity
  8
CIVIL-DIM
 62
1
440
16777216
100
AcDbLine
 10
8097.37941307039
 20
21272.22681253591
 30
0.0
 11
8097.37941307039
 21
20888.73431594654
 31
0.0
  0
INSERT
  5
422
330
41C
100
AcDbEntity
  8
CIVIL-DIM
 62
1
440
16777216
100
AcDbBlockReference
  2
_ArchTick
 10
8097.37941307039
 20
21372.2268125359
 30
0.0
 41
75.0
 42
75.0
 43
75.0
 50
90.0
  0
INSERT
  5
423
330
41C
100
AcDbEntity
  8
CIVIL-DIM
 62
1
440
16777216
100
AcDbBlockReference
  2
_ArchTick
 10
8097.37941307039
 20
21272.22681253591
 30
0.0
 41
75.0
 42
75.0
 43
75.0
 50
270.0
  0
MTEXT
  5
424
330
41C
100
AcDbEntity
  8
CIVIL-DIM
 62
2
440
16777216
100
AcDbMText
 10
7996.322114298227
 20
21005.48056424122
 30
0.0
 40
100.0
 41
0.0
 46
0.0
 71
5
  1
10
  7
ARIAL NORMAL 50
 11
1e-16
 21
1.0
 31
0.0
  0
POINT
  5
425
330
41C
100
AcDbEntity
  8
Defpoints
 62
0
440
16777216
100
AcDbPoint
 10
7594.35418862035
 20
21372.2268125359
 30
4.3078e-12
  0
POINT
  5
426
330
41C
100
AcDbEntity
  8
Defpoints
 62
0
440
16777216
100
AcDbPoint
 10
7594.35418862035
 20
21272.22681253591
 30
0.0
  0
POINT
  5
427
330
41C
100
AcDbEntity
  8
Defpoints
 62
0
440
16777216
100
AcDbPoint
 10
8097.37941307039
 20
21272.22681253591
 30
0.0
  0
ENDBLK
  5
428
330
41C
100
AcDbEntity
  8
0
100
AcDbBlockEnd
  0
BLOCK
  5
42A
330
429
100
AcDbEntity
  8
0
100
AcDbBlockBegin
  2
*D12
 70
1
 10
0.0
 20
0.0
 30
0.0
  3
*D12
  1

  0
LINE
  5
42B
330
429
100
AcDbEntity
  8
CIVIL-DIM
 62
1
370
-2
440
16777216
100
AcDbLine
 10
7352.84290283849
 20
8772.226812535899
 30
0.0
 11
7983.740473403831
 21
8772.226812535899
 31
0.0
  0
LINE
  5
42C
330
429
100
AcDbEntity
  8
CIVIL-DIM
 62
1
370
-2
440
16777216
100
AcDbLine
 10
8942.866440088728
 20
8822.2268125359
 30
0.0
 11
7803.740473403832
 21
8822.2268125359
 31
0.0
  0
LINE
  5
42D
330
429
100
AcDbEntity
  8
CIVIL-DIM
 62
1
440
16777216
100
AcDbLine
 10
7893.740473403832
 20
8822.2268125359
 30
0.0
 11
7893.740473403832
 21
8897.226812535899
 31
0.0
  0
LINE
  5
42E
330
429
100
AcDbEntity
  8
CIVIL-DIM
 62
1
440
16777216
100
AcDbLine
 10
7893.740473403832
 20
8772.226812535899
 30
0.0
 11
7893.740473403832
 21
8455.923947597288
 31
0.0
  0
LINE
  5
42F
330
429
100
AcDbEntity
  8
CIVIL-DIM
 62
1
440
16777216
100
AcDbLine
 10
7893.740473403832
 20
8822.2268125359
 30
0.0
 11
7893.740473403832
 21
8772.226812535899
 31
0.0
  0
INSERT
  5
430
330
429
100
AcDbEntity
  8
CIVIL-DIM
 62
1
440
16777216
100
AcDbBlockReference
  2
_ArchTick
 10
7893.740473403832
 20
8822.2268125359
 30
0.0
 41
75.0
 42
75.0
 43
75.0
 50
270.0
  0
INSERT
  5
431
330
429
100
AcDbEntity
  8
CIVIL-DIM
 62
1
440
16777216
100
AcDbBlockReference
  2
_ArchTick
 10
7893.740473403832
 20
8772.226812535899
 30
0.0
 41
75.0
 42
75.0
 43
75.0
 50
90.0
  0
MTEXT
  5
432
330
429
100
AcDbEntity
  8
CIVIL-DIM
 62
2
440
16777216
100
AcDbMText
 10
7792.887813103696
 20
8539.07538006659
 30
0.0
 40
100.0
 41
0.0
 46
0.0
 71
5
  1
5
  7
ARIAL NORMAL 50
 11
1e-16
 21
1.0
 31
0.0
  0
POINT
  5
433
330
429
100
AcDbEntity
  8
Defpoints
 62
0
440
16777216
100
AcDbPoint
 10
7252.842902838491
 20
8772.226812535899
 30
0.0
  0
POINT
  5
434
330
429
100
AcDbEntity
  8
Defpoints
 62
0
440
16777216
100
AcDbPoint
 10
9042.866440088728
 20
8822.2268125359
 30
0.0
  0
POINT
  5
435
330
429
100
AcDbEntity
  8
Defpoints
 62
0
440
16777216
100
AcDbPoint
 10
7893.740473403832
 20
8822.2268125359
 30
0.0
  0
ENDBLK
  5
436
330
429
100
AcDbEntity
  8
0
100
AcDbBlockEnd
  0
BLOCK
  5
438
330
437
100
AcDbEntity
  8
0
100
AcDbBlockBegin
  2
*D13
 70
1
 10
0.0
 20
0.0
 30
0.0
  3
*D13
  1

  0
LINE
  5
439
330
437
100
AcDbEntity
  8
CIVIL-DIM
 62
1
370
-2
440
16777216
100
AcDbLine
 10
6795.34290283849
 20
12272.2268125359
 30
0.0
 11
6010.342902824549
 21
12272.2268125359
 31
0.0
  0
LINE
  5
43A
330
437
100
AcDbEntity
  8
CIVIL-DIM
 62
1
370
-2
440
16777216
100
AcDbLine
 10
6500.34290283849
 20
21272.22681253591
 30
0.0
 11
6010.342902824549
 21
21272.22681253591
 31
0.0
  0
LINE
  5
43B
330
437
100
AcDbEntity
  8
CIVIL-DIM
 62
1
440
16777216
100
AcDbLine
 10
6100.342902824551
 20
12182.2268125359
 30
0.0
 11
6100.342902824549
 21
21362.2268125359
 31
0.0
  0
INSERT
  5
43C
330
437
100
AcDbEntity
  8
CIVIL-DIM
 62
1
440
16777216
100
AcDbBlockReference
  2
_ArchTick
 10
6100.342902824551
 20
12272.2268125359
 30
0.0
 41
75.0
 42
75.0
 43
75.0
 50
270.0
  0
INSERT
  5
43D
330
437
100
AcDbEntity
  8
CIVIL-DIM
 62
1
440
16777216
100
AcDbBlockReference
  2
_ArchTick
 10
6100.342902824549
 20
21272.22681253591
 30
0.0
 41
75.0
 42
75.0
 43
75.0
 50
90.0
  0
MTEXT
  5
43E
330
437
100
AcDbEntity
  8
CIVIL-DIM
 62
2
440
16777216
100
AcDbMText
 10
5999.285604052387
 20
16772.22681253589
 30
0.0
 40
100.0
 41
0.0
 46
0.0
 71
5
  1
900
  7
ARIAL NORMAL 50
 11
1e-16
 21
1.0
 31
0.0
  0
MTEXT
  5
43F
330
437
100
AcDbEntity
  8
CIVIL-DIM
 62
2
440
16777216
100
AcDbMText
 10
6215.929533111047
 20
16772.22681253589
 30
0.0
 40
100.0
 41
0.0
 46
0.0
 71
5
  1
(VER NOTA 9)
  7
ARIAL NORMAL 50
 11
1e-16
 21
1.0
 31
0.0
  0
POINT
  5
440
330
437
100
AcDbEntity
  8
Defpoints
 62
0
440
16777216
100
AcDbPoint
 10
6895.34290283849
 20
12272.2268125359
 30
-4.3078e-12
  0
POINT
  5
441
330
437
100
AcDbEntity
  8
Defpoints
 62
0
440
16777216
100
AcDbPoint
 10
6600.34290283849
 20
21272.22681253591
 30
-4.3078e-12
  0
POINT
  5
442
330
437
100
AcDbEntity
  8
Defpoints
 62
0
440
16777216
100
AcDbPoint
 10
6100.342902824549
 20
21272.22681253591
 30
0.0
  0
ENDBLK
  5
443
330
437
100
AcDbEntity
  8
0
100
AcDbBlockEnd
  0
BLOCK
  5
445
330
444
100
AcDbEntity
  8
0
100
AcDbBlockBegin
  2
*D14
 70
1
 10
0.0
 20
0.0
 30
0.0
  3
*D14
  1

  0
LINE
  5
446
330
444
100
AcDbEntity
  8
CIVIL-DIM
 62
1
370
-2
440
16777216
100
AcDbLine
 10
6822.842902838489
 20
8772.226812535897
 30
0.0
 11
6010.342902822657
 21
8772.226812535897
 31
0.0
  0
LINE
  5
447
330
444
100
AcDbEntity
  8
CIVIL-DIM
 62
1
370
-2
440
16777216
100
AcDbLine
 10
6795.008569206348
 20
12272.2268125359
 30
0.0
 11
6010.342902822657
 21
12272.2268125359
 31
0.0
  0
LINE
  5
448
330
444
100
AcDbEntity
  8
CIVIL-DIM
 62
1
440
16777216
100
AcDbLine
 10
6100.342902822657
 20
8682.226812535899
 30
0.0
 11
6100.342902822657
 21
12362.2268125359
 31
0.0
  0
INSERT
  5
449
330
444
100
AcDbEntity
  8
CIVIL-DIM
 62
1
440
16777216
100
AcDbBlockReference
  2
_ArchTick
 10
6100.342902822657
 20
8772.226812535897
 30
0.0
 41
75.0
 42
75.0
 43
75.0
 50
270.0
  0
INSERT
  5
44A
330
444
100
AcDbEntity
  8
CIVIL-DIM
 62
1
440
16777216
100
AcDbBlockReference
  2
_ArchTick
 10
6100.342902822657
 20
12272.2268125359
 30
0.0
 41
75.0
 42
75.0
 43
75.0
 50
90.0
  0
MTEXT
  5
44B
330
444
100
AcDbEntity
  8
CIVIL-DIM
 62
2
440
16777216
100
AcDbMText
 10
5999.251497638486
 20
10522.22681253589
 30
0.0
 40
100.0
 41
0.0
 46
0.0
 71
5
  1
350
  7
ARIAL NORMAL 50
 11
1e-16
 21
1.0
 31
0.0
  0
POINT
  5
44C
330
444
100
AcDbEntity
  8
Defpoints
 62
0
440
16777216
100
AcDbPoint
 10
6922.842902838489
 20
8772.226812535897
 30
0.0
  0
POINT
  5
44D
330
444
100
AcDbEntity
  8
Defpoints
 62
0
440
16777216
100
AcDbPoint
 10
6895.008569206348
 20
12272.2268125359
 30
0.0
  0
POINT
  5
44E
330
444
100
AcDbEntity
  8
Defpoints
 62
0
440
16777216
100
AcDbPoint
 10
6100.342902822657
 20
12272.2268125359
 30
0.0
  0
ENDBLK
  5
44F
330
444
100
AcDbEntity
  8
0
100
AcDbBlockEnd
  0
BLOCK
  5
451
330
450
100
AcDbEntity
  8
0
100
AcDbBlockBegin
  2
*D15
 70
1
 10
0.0
 20
0.0
 30
0.0
  3
*D15
  1

  0
LINE
  5
452
330
450
100
AcDbEntity
  8
CIVIL-DIM
 62
1
370
-2
440
16777216
100
AcDbLine
 10
10572.54092668207
 20
21222.22681253591
 30
0.0
 11
10879.63543175651
 21
21222.22681253591
 31
0.0
  0
LINE
  5
453
330
450
100
AcDbEntity
  8
CIVIL-DIM
 62
1
370
-2
440
16777216
100
AcDbLine
 10
10572.54092668207
 20
21022.22681253591
 30
0.0
 11
10879.63543175651
 21
21022.22681253591
 31
0.0
  0
LINE
  5
454
330
450
100
AcDbEntity
  8
CIVIL-DIM
 62
1
440
16777216
100
AcDbLine
 10
10789.63543175651
 20
21312.22681253591
 30
0.0
 11
10789.63543175651
 21
20932.2268125359
 31
0.0
  0
MTEXT
  5
455
330
450
100
AcDbEntity
  8
CIVIL-DIM
 62
2
440
16777216
100
AcDbMText
 10
11089.63543103845
 20
21122.2268125359
 30
0.0
 40
100.0
 41
0.0
 46
0.0
 71
5
  1
15\P(TÍP.)
  7
ARIAL NORMAL 50
 11
1e-16
 21
1.0
 31
0.0
  0
INSERT
  5
456
330
450
100
AcDbEntity
  8
CIVIL-DIM
 62
1
440
16777216
100
AcDbBlockReference
  2
_ArchTick
 10
10789.63543175651
 20
21222.22681253591
 30
0.0
 41
75.0
 42
75.0
 43
75.0
 50
90.0
  0
INSERT
  5
457
330
450
100
AcDbEntity
  8
CIVIL-DIM
 62
1
440
16777216
100
AcDbBlockReference
  2
_ArchTick
 10
10789.63543175651
 20
21022.22681253591
 30
0.0
 41
75.0
 42
75.0
 43
75.0
 50
270.0
  0
POINT
  5
458
330
450
100
AcDbEntity
  8
Defpoints
 62
0
440
16777216
100
AcDbPoint
 10
10472.54092668207
 20
21222.22681253591
 30
0.0
  0
POINT
  5
459
330
450
100
AcDbEntity
  8
Defpoints
 62
0
440
16777216
100
AcDbPoint
 10
10472.54092668207
 20
21022.22681253591
 30
0.0
  0
POINT
  5
45A
330
450
100
AcDbEntity
  8
Defpoints
 62
0
440
16777216
100
AcDbPoint
 10
10789.63543175651
 20
21022.22681253591
 30
0.0
  0
ENDBLK
  5
45B
330
450
100
AcDbEntity
  8
0
100
AcDbBlockEnd
  0
BLOCK
  5
45D
330
45C
100
AcDbEntity
  8
0
100
AcDbBlockBegin
  2
*D16
 70
1
 10
0.0
 20
0.0
 30
0.0
  3
*D16
  1

  0
LINE
  5
45E
330
45C
100
AcDbEntity
  8
CIVIL-DIM
 62
1
370
-2
440
16777216
100
AcDbLine
 10
10142.54092668207
 20
21422.2268125359
 30
0.0
 11
10142.54092668207
 21
21765.06670206226
 31
0.0
  0
LINE
  5
45F
330
45C
100
AcDbEntity
  8
CIVIL-DIM
 62
1
370
-2
440
16777216
100
AcDbLine
 10
10472.54092668207
 20
21422.2268125359
 30
0.0
 11
10472.54092668207
 21
21765.06670206226
 31
0.0
  0
LINE
  5
460
330
45C
100
AcDbEntity
  8
CIVIL-DIM
 62
1
440
16777216
100
AcDbLine
 10
10052.54092668206
 20
21675.06670206226
 30
0.0
 11
10562.54092668207
 21
21675.06670206226
 31
0.0
  0
MTEXT
  5
461
330
45C
100
AcDbEntity
  8
CIVIL-DIM
 62
2
440
16777216
100
AcDbMText
 10
10306.27204005444
 20
21890.06670206226
 30
0.0
 40
100.0
 41
0.0
 46
0.0
 71
5
  1
 %%C33
  7
ARIAL NORMAL 50
  0
INSERT
  5
462
330
45C
100
AcDbEntity
  8
CIVIL-DIM
 62
1
440
16777216
100
AcDbBlockReference
  2
_ArchTick
 10
10142.54092668207
 20
21675.06670206226
 30
0.0
 41
75.0
 42
75.0
 43
75.0
 50
180.0
  0
INSERT
  5
463
330
45C
100
AcDbEntity
  8
CIVIL-DIM
 62
1
440
16777216
100
AcDbBlockReference
  2
_ArchTick
 10
10472.54092668207
 20
21675.06670206226
 30
0.0
 41
75.0
 42
75.0
 43
75.0
  0
POINT
  5
464
330
45C
100
AcDbEntity
  8
Defpoints
 62
0
440
16777216
100
AcDbPoint
 10
10142.54092668207
 20
21322.2268125359
 30
0.0
  0
POINT
  5
465
330
45C
100
AcDbEntity
  8
Defpoints
 62
0
440
16777216
100
AcDbPoint
 10
10472.54092668207
 20
21322.2268125359
 30
0.0
  0
POINT
  5
466
330
45C
100
AcDbEntity
  8
Defpoints
 62
0
440
16777216
100
AcDbPoint
 10
10472.54092668207
 20
21675.06670206226
 30
0.0
  0
ENDBLK
  5
467
330
45C
100
AcDbEntity
  8
0
100
AcDbBlockEnd
  0
BLOCK
  5
469
330
468
100
AcDbEntity
  8
0
100
AcDbBlockBegin
  2
*D17
 70
1
 10
0.0
 20
0.0
 30
0.0
  3
*D17
  1

  0
LINE
  5
46A
330
468
100
AcDbEntity
  8
CIVIL-DIM
 62
1
370
-2
440
16777216
100
AcDbLine
 10
9979.80509037924
 20
12022.22681253566
 30
0.0
 11
10286.89959545368
 21
12022.22681253566
 31
0.0
  0
LINE
  5
46B
330
468
100
AcDbEntity
  8
CIVIL-DIM
 62
1
370
-2
440
16777216
100
AcDbLine
 10
9979.80509037924
 20
11822.22681253566
 30
0.0
 11
10286.89959545368
 21
11822.22681253566
 31
0.0
  0
LINE
  5
46C
330
468
100
AcDbEntity
  8
CIVIL-DIM
 62
1
440
16777216
100
AcDbLine
 10
10196.89959545367
 20
12112.22681253566
 30
0.0
 11
10196.89959545367
 21
11732.22681253566
 31
0.0
  0
MTEXT
  5
46D
330
468
100
AcDbEntity
  8
CIVIL-DIM
 62
2
440
16777216
100
AcDbMText
 10
10496.89959473562
 20
11922.22681253566
 30
0.0
 40
100.0
 41
0.0
 46
0.0
 71
5
  1
15\P(TÍP.)
  7
ARIAL NORMAL 50
 11
1e-16
 21
1.0
 31
0.0
  0
INSERT
  5
46E
330
468
100
AcDbEntity
  8
CIVIL-DIM
 62
1
440
16777216
100
AcDbBlockReference
  2
_ArchTick
 10
10196.89959545367
 20
12022.22681253566
 30
0.0
 41
75.0
 42
75.0
 43
75.0
 50
90.0
  0
INSERT
  5
46F
330
468
100
AcDbEntity
  8
CIVIL-DIM
 62
1
440
16777216
100
AcDbBlockReference
  2
_ArchTick
 10
10196.89959545367
 20
11822.22681253566
 30
0.0
 41
75.0
 42
75.0
 43
75.0
 50
270.0
  0
POINT
  5
470
330
468
100
AcDbEntity
  8
Defpoints
 62
0
440
16777216
100
AcDbPoint
 10
9879.80509037924
 20
12022.22681253566
 30
0.0
  0
POINT
  5
471
330
468
100
AcDbEntity
  8
Defpoints
 62
0
440
16777216
100
AcDbPoint
 10
9879.80509037924
 20
11822.22681253566
 30
0.0
  0
POINT
  5
472
330
468
100
AcDbEntity
  8
Defpoints
 62
0
440
16777216
100
AcDbPoint
 10
10196.89959545367
 20
11822.22681253566
 30
0.0
  0
ENDBLK
  5
473
330
468
100
AcDbEntity
  8
0
100
AcDbBlockEnd
  0
BLOCK
  5
475
330
474
100
AcDbEntity
  8
0
100
AcDbBlockBegin
  2
*D18
 70
1
 10
0.0
 20
0.0
 30
0.0
  3
*D18
  1

  0
LINE
  5
476
330
474
100
AcDbEntity
  8
CIVIL-DIM
 62
1
370
-2
440
16777216
100
AcDbLine
 10
9627.305090379681
 20
12322.22681253554
 30
0.0
 11
9627.305090379681
 21
12665.06670206203
 31
0.0
  0
LINE
  5
477
330
474
100
AcDbEntity
  8
CIVIL-DIM
 62
1
370
-2
440
16777216
100
AcDbLine
 10
9907.305090379687
 20
12322.22681253578
 30
0.0
 11
9907.305090379687
 21
12665.06670206203
 31
0.0
  0
LINE
  5
478
330
474
100
AcDbEntity
  8
CIVIL-DIM
 62
1
440
16777216
100
AcDbLine
 10
9537.30509037968
 20
12575.06670206203
 30
0.0
 11
9997.305090379683
 21
12575.06670206203
 31
0.0
  0
MTEXT
  5
479
330
474
100
AcDbEntity
  8
CIVIL-DIM
 62
2
440
16777216
100
AcDbMText
 10
9713.536203751608
 20
12790.06670206203
 30
0.0
 40
100.0
 41
0.0
 46
0.0
 71
5
  1
 %%C28
  7
ARIAL NORMAL 50
  0
INSERT
  5
47A
330
474
100
AcDbEntity
  8
CIVIL-DIM
 62
1
440
16777216
100
AcDbBlockReference
  2
_ArchTick
 10
9627.305090379681
 20
12575.06670206203
 30
0.0
 41
75.0
 42
75.0
 43
75.0
 50
180.0
  0
INSERT
  5
47B
330
474
100
AcDbEntity
  8
CIVIL-DIM
 62
1
440
16777216
100
AcDbBlockReference
  2
_ArchTick
 10
9907.305090379687
 20
12575.06670206203
 30
0.0
 41
75.0
 42
75.0
 43
75.0
  0
POINT
  5
47C
330
474
100
AcDbEntity
  8
Defpoints
 62
0
440
16777216
100
AcDbPoint
 10
9627.305090379681
 20
12222.22681253554
 30
0.0
  0
POINT
  5
47D
330
474
100
AcDbEntity
  8
Defpoints
 62
0
440
16777216
100
AcDbPoint
 10
9907.305090379687
 20
12222.22681253578
 30
0.0
  0
POINT
  5
47E
330
474
100
AcDbEntity
  8
Defpoints
 62
0
440
16777216
100
AcDbPoint
 10
9907.305090379687
 20
12575.06670206203
 30
0.0
  0
ENDBLK
  5
47F
330
474
100
AcDbEntity
  8
0
100
AcDbBlockEnd
  0
BLOCK
  5
481
330
480
100
AcDbEntity
  8
0
100
AcDbBlockBegin
  2
*D19
 70
1
 10
0.0
 20
0.0
 30
0.0
  3
*D19
  1

  0
LINE
  5
482
330
480
100
AcDbEntity
  8
CIVIL-DIM
 62
1
370
-2
440
16777216
100
AcDbLine
 10
7694.354188620351
 20
21272.22681253591
 30
0.0
 11
8541.410359325144
 21
21272.22681253591
 31
0.0
  0
LINE
  5
483
330
480
100
AcDbEntity
  8
CIVIL-DIM
 62
1
370
-2
440
16777216
100
AcDbLine
 10
7694.354178625509
 20
23072.2268125359
 30
0.0
 11
8541.410359325144
 21
23072.22681253591
 31
0.0
  0
LINE
  5
484
330
480
100
AcDbEntity
  8
CIVIL-DIM
 62
1
440
16777216
100
AcDbLine
 10
8451.410359325144
 20
21182.22681253591
 30
0.0
 11
8451.410359325144
 21
23162.22681253591
 31
0.0
  0
INSERT
  5
485
330
480
100
AcDbEntity
  8
CIVIL-DIM
 62
1
440
16777216
100
AcDbBlockReference
  2
_ArchTick
 10
8451.410359325144
 20
21272.22681253591
 30
0.0
 41
75.0
 42
75.0
 43
75.0
 50
270.0
  0
INSERT
  5
486
330
480
100
AcDbEntity
  8
CIVIL-DIM
 62
1
440
16777216
100
AcDbBlockReference
  2
_ArchTick
 10
8451.410359325144
 20
23072.22681253591
 30
0.0
 41
75.0
 42
75.0
 43
75.0
 50
90.0
  0
MTEXT
  5
487
330
480
100
AcDbEntity
  8
CIVIL-DIM
 62
2
440
16777216
100
AcDbMText
 10
8350.353060552981
 20
22172.2268125359
 30
0.0
 40
100.0
 41
0.0
 46
0.0
 71
5
  1
180
  7
ARIAL NORMAL 50
 11
1e-16
 21
1.0
 31
0.0
  0
POINT
  5
488
330
480
100
AcDbEntity
  8
Defpoints
 62
0
440
16777216
100
AcDbPoint
 10
7594.35418862035
 20
21272.22681253591
 30
-4.3078e-12
  0
POINT
  5
489
330
480
100
AcDbEntity
  8
Defpoints
 62
0
440
16777216
100
AcDbPoint
 10
7594.354178625509
 20
23072.2268125359
 30
-4.3078e-12
  0
POINT
  5
48A
330
480
100
AcDbEntity
  8
Defpoints
 62
0
440
16777216
100
AcDbPoint
 10
8451.410359325144
 20
23072.22681253591
 30
0.0
  0
ENDBLK
  5
48B
330
480
100
AcDbEntity
  8
0
100
AcDbBlockEnd
  0
BLOCK
  5
48D
330
48C
100
AcDbEntity
  8
0
100
AcDbBlockBegin
  2
*D20
 70
1
 10
0.0
 20
0.0
 30
0.0
  3
*D20
  1

  0
LINE
  5
48E
330
48C
100
AcDbEntity
  8
CIVIL-DIM
 62
1
370
-2
440
16777216
100
AcDbLine
 10
8942.866440090591
 20
13772.2268125359
 30
0.0
 11
7923.949092883457
 21
13772.2268125359
 31
0.0
  0
LINE
  5
48F
330
48C
100
AcDbEntity
  8
CIVIL-DIM
 62
1
370
-2
440
16777216
100
AcDbLine
 10
8485.8773516923
 20
12272.2268125359
 30
0.0
 11
7923.949092883457
 21
12272.2268125359
 31
0.0
  0
LINE
  5
490
330
48C
100
AcDbEntity
  8
CIVIL-DIM
 62
1
440
16777216
100
AcDbLine
 10
8013.949092883455
 20
13862.2268125359
 30
0.0
 11
8013.949092883455
 21
12182.2268125359
 31
0.0
  0
INSERT
  5
491
330
48C
100
AcDbEntity
  8
CIVIL-DIM
 62
1
440
16777216
100
AcDbBlockReference
  2
_ArchTick
 10
8013.949092883455
 20
13772.2268125359
 30
0.0
 41
75.0
 42
75.0
 43
75.0
 50
90.0
  0
INSERT
  5
492
330
48C
100
AcDbEntity
  8
CIVIL-DIM
 62
1
440
16777216
100
AcDbBlockReference
  2
_ArchTick
 10
8013.949092883455
 20
12272.2268125359
 30
0.0
 41
75.0
 42
75.0
 43
75.0
 50
270.0
  0
MTEXT
  5
493
330
48C
100
AcDbEntity
  8
CIVIL-DIM
 62
2
440
16777216
100
AcDbMText
 10
7912.89179411129
 20
13022.22681253589
 30
0.0
 40
100.0
 41
0.0
 46
0.0
 71
5
  1
150
  7
ARIAL NORMAL 50
 11
1e-16
 21
1.0
 31
0.0
  0
POINT
  5
494
330
48C
100
AcDbEntity
  8
Defpoints
 62
0
440
16777216
100
AcDbPoint
 10
9042.866440090593
 20
13772.2268125359
 30
0.0
  0
POINT
  5
495
330
48C
100
AcDbEntity
  8
Defpoints
 62
0
440
16777216
100
AcDbPoint
 10
8585.8773516923
 20
12272.2268125359
 30
0.0
  0
POINT
  5
496
330
48C
100
AcDbEntity
  8
Defpoints
 62
0
440
16777216
100
AcDbPoint
 10
8013.949092883455
 20
12272.2268125359
 30
0.0
  0
ENDBLK
  5
497
330
48C
100
AcDbEntity
  8
0
100
AcDbBlockEnd
  0
BLOCK
  5
49B
330
498
100
AcDbEntity
  8
0
100
AcDbBlockBegin
  2
G$CFA953293
 70
0
 10
0.0
 20
0.0
 30
0.0
  3
G$CFA953293
  1

  0
POLYLINE
  5
49C
330
498
100
AcDbEntity
  8
CIVIL-253
100
AcDb2dPolyline
 66
1
 10
0.0
 20
0.0
 30
0.0
 70
4
 75
6
  0
VERTEX
  5
49D
330
49C
100
AcDbEntity
  8
CIVIL-253
100
AcDbVertex
100
AcDb2dVertex
 10
0.0
 20
0.0
 30
0.0
 70
16
  0
VERTEX
  5
49E
330
49C
100
AcDbEntity
  8
CIVIL-253
100
AcDbVertex
100
AcDb2dVertex
 10
0.0
 20
0.0
 30
0.0
 70
8
  0
VERTEX
  5
49F
330
49C
100
AcDbEntity
  8
CIVIL-253
100
AcDbVertex
100
AcDb2dVertex
 10
-19.40727930013963
 20
3.464823684225848
 30
0.0
 70
8
  0
VERTEX
  5
4A0
330
49C
100
AcDbEntity
  8
CIVIL-253
100
AcDbVertex
100
AcDb2dVertex
 10
-35.01400369623298
 20
5.797686538926427
 30
0.0
 70
8
  0
VERTEX
  5
4A1
330
49C
100
AcDbEntity
  8
CIVIL-253
100
AcDbVertex
100
AcDb2dVertex
 10
-47.34050432398362
 20
7.244812547696708
 30
0.0
 70
8
  0
VERTEX
  5
4A2
330
49C
100
AcDbEntity
  8
CIVIL-253
100
AcDbVertex
100
AcDb2dVertex
 10
-56.90711231545719
 20
8.052425693676922
 30
0.0
 70
8
  0
VERTEX
  5
4A3
330
49C
100
AcDbEntity
  8
CIVIL-253
100
AcDbVertex
100
AcDb2dVertex
 10
-64.2341588072668
 20
8.466749959779918
 30
0.0
 70
8
  0
VERTEX
  5
4A4
330
49C
100
AcDbEntity
  8
CIVIL-253
100
AcDbVertex
100
AcDb2dVertex
 10
-69.84197493329702
 20
8.734009329600667
 30
0.0
 70
8
  0
VERTEX
  5
4A5
330
49C
100
AcDbEntity
  8
CIVIL-253
100
AcDbVertex
100
AcDb2dVertex
 10
-74.250891826523
 20
9.100427786506767
 30
0.0
 70
8
  0
VERTEX
  5
4A6
330
49C
100
AcDbEntity
  8
CIVIL-253
100
AcDbVertex
100
AcDb2dVertex
 10
-77.98124062355781
 20
9.812229312956331
 30
0.0
 70
8
  0
VERTEX
  5
4A7
330
49C
100
AcDbEntity
  8
CIVIL-253
100
AcDbVertex
100
AcDb2dVertex
 10
-81.46923316144238
 20
11.04804074384446
 30
0.0
 70
8
  0
VERTEX
  5
4A8
330
49C
100
AcDbEntity
  8
CIVIL-253
100
AcDbVertex
100
AcDb2dVertex
 10
-84.81460409348072
 20
12.71610031380987
 30
0.0
 70
8
  0
VERTEX
  5
4A9
330
49C
100
AcDbEntity
  8
CIVIL-253
100
AcDbVertex
100
AcDb2dVertex
 10
-88.0329687797712
 20
14.65704910901877
 30
0.0
 70
8
  0
VERTEX
  5
4AA
330
49C
100
AcDbEntity
  8
CIVIL-253
100
AcDbVertex
100
AcDb2dVertex
 10
-91.13994257586457
 20
16.71152821586474
 30
0.0
 70
8
  0
VERTEX
  5
4AB
330
49C
100
AcDbEntity
  8
CIVIL-253
100
AcDbVertex
100
AcDb2dVertex
 10
-94.15114084004016
 20
18.72017872005926
 30
0.0
 70
8
  0
VERTEX
  5
4AC
330
49C
100
AcDbEntity
  8
CIVIL-253
100
AcDbVertex
100
AcDb2dVertex
 10
-97.08217893148685
 20
20.52364170776855
 30
0.0
 70
8
  0
VERTEX
  5
4AD
330
49C
100
AcDbEntity
  8
CIVIL-253
100
AcDbVertex
100
AcDb2dVertex
 10
-99.94867220666492
 20
21.96255826493143
 30
0.0
 70
8
  0
VERTEX
  5
4AE
330
49C
100
AcDbEntity
  8
CIVIL-253
100
AcDbVertex
100
AcDb2dVertex
 10
-102.7662360238537
 20
22.87756947771413
 30
0.0
 70
8
  0
VERTEX
  5
4AF
330
49C
100
AcDbEntity
  8
CIVIL-253
100
AcDbVertex
100
AcDb2dVertex
 10
-105.5482302253949
 20
23.16469278684963
 30
0.0
 70
8
  0
VERTEX
  5
4B0
330
49C
100
AcDbEntity
  8
CIVIL-253
100
AcDbVertex
100
AcDb2dVertex
 10
-108.2989925980655
 20
22.94145105520329
 30
0.0
 70
8
  0
VERTEX
  5
4B1
330
49C
100
AcDbEntity
  8
CIVIL-253
100
AcDbVertex
100
AcDb2dVertex
 10
-111.0206054108857
 20
22.38074350043462
 30
0.0
 70
8
  0
VERTEX
  5
4B2
330
49C
100
AcDbEntity
  8
CIVIL-253
100
AcDbVertex
100
AcDb2dVertex
 10
-113.7151509365139
 20
21.65546933997575
 30
0.0
 70
8
  0
VERTEX
  5
4B3
330
49C
100
AcDbEntity
  8
CIVIL-253
100
AcDbVertex
100
AcDb2dVertex
 10
-116.3847114421514
 20
20.93852779148619
 30
0.0
 70
8
  0
VERTEX
  5
4B4
330
49C
100
AcDbEntity
  8
CIVIL-253
100
AcDbVertex
100
AcDb2dVertex
 10
-119.031369201366
 20
20.4028180721707
 30
0.0
 70
8
  0
VERTEX
  5
4B5
330
49C
100
AcDbEntity
  8
CIVIL-253
100
AcDbVertex
100
AcDb2dVertex
 10
-121.657206483178
 20
20.22123940014353
 30
0.0
 70
8
  0
VERTEX
  5
4B6
330
49C
100
AcDbEntity
  8
CIVIL-253
100
AcDbVertex
100
AcDb2dVertex
 10
-124.2643055575172
 20
20.56669099283681
 30
0.0
 70
8
  0
VERTEX
  5
4B7
330
49C
100
AcDbEntity
  8
CIVIL-253
100
AcDbVertex
100
AcDb2dVertex
 10
-126.8783454534059
 20
21.54975196481246
 30
0.0
 70
8
  0
VERTEX
  5
4B8
330
49C
100
AcDbEntity
  8
CIVIL-253
100
AcDbVertex
100
AcDb2dVertex
 10
-129.6193922235034
 20
23.0317210175599
 30
0.0
 70
8
  0
VERTEX
  5
4B9
330
49C
100
AcDbEntity
  8
CIVIL-253
100
AcDbVertex
100
AcDb2dVertex
 10
-132.6311086768328
 20
24.81157675015311
 30
0.0
 70
8
  0
VERTEX
  5
4BA
330
49C
100
AcDbEntity
  8
CIVIL-253
100
AcDbVertex
100
AcDb2dVertex
 10
-136.0571576233269
 20
26.68829776098391
 30
0.0
 70
8
  0
VERTEX
  5
4BB
330
49C
100
AcDbEntity
  8
CIVIL-253
100
AcDbVertex
100
AcDb2dVertex
 10
-140.0412018738279
 20
28.46086264867154
 30
0.0
 70
8
  0
VERTEX
  5
4BC
330
49C
100
AcDbEntity
  8
CIVIL-253
100
AcDbVertex
100
AcDb2dVertex
 10
-144.7269042373591
 20
29.92825001228993
 30
0.0
 70
8
  0
VERTEX
  5
4BD
330
49C
100
AcDbEntity
  8
CIVIL-253
100
AcDbVertex
100
AcDb2dVertex
 10
-150.2579275256721
 20
30.88943845023095
 30
0.0
 70
8
  0
VERTEX
  5
4BE
330
49C
100
AcDbEntity
  8
CIVIL-253
100
AcDbVertex
100
AcDb2dVertex
 10
-156.7779345450617
 20
31.14340656088643
 30
0.0
 70
8
  0
VERTEX
  5
4BF
330
49C
100
AcDbEntity
  8
CIVIL-253
100
AcDbVertex
100
AcDb2dVertex
 10
-164.3705551350649
 20
30.61342594173766
 30
0.0
 70
8
  0
VERTEX
  5
4C0
330
49C
100
AcDbEntity
  8
CIVIL-253
100
AcDbVertex
100
AcDb2dVertex
 10
-172.8792872299891
 20
29.71994018207624
 30
0.0
 70
8
  0
VERTEX
  5
4C1
330
49C
100
AcDbEntity
  8
CIVIL-253
100
AcDbVertex
100
AcDb2dVertex
 10
-182.0875957946555
 20
29.00768587096536
 30
0.0
 70
8
  0
VERTEX
  5
4C2
330
49C
100
AcDbEntity
  8
CIVIL-253
100
AcDbVertex
100
AcDb2dVertex
 10
-191.7789457929757
 20
29.0213995956492
 30
0.0
 70
8
  0
VERTEX
  5
4C3
330
49C
100
AcDbEntity
  8
CIVIL-253
100
AcDbVertex
100
AcDb2dVertex
 10
-201.7368021870425
 20
30.30581794496356
 30
0.0
 70
8
  0
VERTEX
  5
4C4
330
49C
100
AcDbEntity
  8
CIVIL-253
100
AcDbVertex
100
AcDb2dVertex
 10
-211.7446299407675
 20
33.40567750706214
 30
0.0
 70
8
  0
VERTEX
  5
4C5
330
49C
100
AcDbEntity
  8
CIVIL-253
100
AcDbVertex
100
AcDb2dVertex
 10
-221.5858940162434
 20
38.86571486987122
 30
0.0
 70
8
  0
VERTEX
  5
4C6
330
49C
100
AcDbEntity
  8
CIVIL-253
100
AcDbVertex
100
AcDb2dVertex
 10
-231.0440593773819
 20
47.23066662177187
 30
0.0
 70
8
  0
VERTEX
  5
4C7
330
49C
100
AcDbEntity
  8
CIVIL-253
100
AcDbVertex
100
AcDb2dVertex
 10
-57.28266790265479
 20
10.96767669309883
 30
0.0
 70
16
  0
VERTEX
  5
4C8
330
49C
100
AcDbEntity
  8
CIVIL-253
100
AcDbVertex
100
AcDb2dVertex
 10
-79.6691015602846
 20
3.501754077433361
 30
0.0
 70
16
  0
VERTEX
  5
4C9
330
49C
100
AcDbEntity
  8
CIVIL-253
100
AcDbVertex
100
AcDb2dVertex
 10
-103.1215864259138
 20
30.16572156820986
 30
0.0
 70
16
  0
VERTEX
  5
4CA
330
49C
100
AcDbEntity
  8
CIVIL-253
100
AcDbVertex
100
AcDb2dVertex
 10
-124.4419688755442
 20
13.10077651487518
 30
0.0
 70
16
  0
VERTEX
  5
4CB
330
49C
100
AcDbEntity
  8
CIVIL-253
100
AcDbVertex
100
AcDb2dVertex
 10
-144.6963714188314
 20
40.83131832976504
 30
0.0
 70
16
  0
VERTEX
  5
4CC
330
49C
100
AcDbEntity
  8
CIVIL-253
100
AcDbVertex
100
AcDb2dVertex
 10
-206.5255589550361
 20
20.56669913076803
 30
0.0
 70
16
  0
VERTEX
  5
4CD
330
49C
100
AcDbEntity
  8
CIVIL-253
100
AcDbVertex
100
AcDb2dVertex
 10
-231.0440593773819
 20
47.23066662177187
 30
0.0
 70
16
  0
SEQEND
  5
4CE
330
49C
100
AcDbEntity
  8
CIVIL-253
  0
LWPOLYLINE
  5
4CF
330
498
100
AcDbEntity
  8
CIVIL-253
100
AcDbPolyline
 90
26
 70
0
 10
0.0
 20
-162.2655826104164
 10
-19.40727930013963
 20
-158.8007589261906
 10
-35.01400369623298
 20
-156.46789607149
 10
-47.34050432398362
 20
-155.0207700627197
 10
-56.90711231545719
 20
-154.2131569167395
 10
-64.2341588072668
 20
-153.798832650409
 10
-69.84197493329702
 20
-153.5315732805884
 10
-74.250891826523
 20
-153.1651548239097
 10
-77.98124062355781
 20
-152.4533532972327
 10
-81.46923316144238
 20
-151.217541866572
 10
-84.81460409348072
 20
-149.5494822966066
 10
-88.0329687797712
 20
-147.6085335013977
 10
-91.13994257586457
 20
-145.5540543945517
 10
-94.15114084004016
 20
-143.5454038901298
 10
-97.08217893148685
 20
-141.7419409024205
 10
-99.94867220666492
 20
-140.303024345485
 10
-102.7662360238537
 20
-139.3880131327023
 10
-105.5482302253949
 20
-139.1008898235668
 10
-108.2989925980655
 20
-139.3241315549858
 10
-111.0206054108857
 20
-139.8848391099818
 10
-113.7151509365139
 20
-140.6101132704407
 10
-116.3847114421514
 20
-141.3270548189301
 10
-119.031369201366
 20
-141.8627645382457
 10
-121.657206483178
 20
-142.0443432102729
 10
-124.2643055575172
 20
-141.6988916175796
 10
-124.7622622277049
 20
-141.5116252455846
  0
POLYLINE
  5
4D0
330
498
100
AcDbEntity
  8
CIVIL-253
100
AcDb2dPolyline
 66
1
 10
0.0
 20
0.0
 30
0.0
 70
4
 75
6
  0
VERTEX
  5
4D1
330
4D0
100
AcDbEntity
  8
CIVIL-253
100
AcDbVertex
100
AcDb2dVertex
 10
-171.1220005408904
 20
-361.3902758884251
 30
0.0
 70
16
  0
VERTEX
  5
4D2
330
4D0
100
AcDbEntity
  8
CIVIL-253
100
AcDbVertex
100
AcDb2dVertex
 10
-171.1220005408904
 20
-361.3902758884251
 30
0.0
 70
8
  0
VERTEX
  5
4D3
330
4D0
100
AcDbEntity
  8
CIVIL-253
100
AcDbVertex
100
AcDb2dVertex
 10
-184.9696996159764
 20
-357.3903397780214
 30
0.0
 70
8
  0
VERTEX
  5
4D4
330
4D0
100
AcDbEntity
  8
CIVIL-253
100
AcDbVertex
100
AcDb2dVertex
 10
-196.7986599156574
 20
-354.5640407462542
 30
0.0
 70
8
  0
VERTEX
  5
4D5
330
4D0
100
AcDbEntity
  8
CIVIL-253
100
AcDbVertex
100
AcDb2dVertex
 10
-206.8444295073277
 20
-352.6379766265109
 30
0.0
 70
8
  0
VERTEX
  5
4D6
330
4D0
100
AcDbEntity
  8
CIVIL-253
100
AcDbVertex
100
AcDb2dVertex
 10
-215.3425564538338
 20
-351.3387452524057
 30
0.0
 70
8
  0
VERTEX
  5
4D7
330
4D0
100
AcDbEntity
  8
CIVIL-253
100
AcDbVertex
100
AcDb2dVertex
 10
-222.5285888207509
 20
-350.3929444568712
 30
0.0
 70
8
  0
VERTEX
  5
4D8
330
4D0
100
AcDbEntity
  8
CIVIL-253
100
AcDbVertex
100
AcDb2dVertex
 10
-228.638074673654
 20
-349.527172073067
 30
0.0
 70
8
  0
VERTEX
  5
4D9
330
4D0
100
AcDbEntity
  8
CIVIL-253
100
AcDbVertex
100
AcDb2dVertex
 10
-233.90656207539
 20
-348.4680259348352
 30
0.0
 70
8
  0
VERTEX
  5
4DA
330
4D0
100
AcDbEntity
  8
CIVIL-253
100
AcDbVertex
100
AcDb2dVertex
 10
-238.5695990924432
 20
-346.9421038751079
 30
0.0
 70
8
  0
VERTEX
  5
4DB
330
4D0
100
AcDbEntity
  8
CIVIL-253
100
AcDbVertex
100
AcDb2dVertex
 10
-242.9043919719334
 20
-344.7466288132546
 30
0.0
 70
8
  0
VERTEX
  5
4DC
330
4D0
100
AcDbEntity
  8
CIVIL-253
100
AcDbVertex
100
AcDb2dVertex
 10
-247.3547796917046
 20
-341.961324015756
 30
0.0
 70
8
  0
VERTEX
  5
4DD
330
4D0
100
AcDbEntity
  8
CIVIL-253
100
AcDbVertex
100
AcDb2dVertex
 10
-252.4062594138741
 20
-338.7365378348477
 30
0.0
 70
8
  0
VERTEX
  5
4DE
330
4D0
100
AcDbEntity
  8
CIVIL-253
100
AcDbVertex
100
AcDb2dVertex
 10
-258.5443282987399
 20
-335.2226186223106
 30
0.0
 70
8
  0
VERTEX
  5
4DF
330
4D0
100
AcDbEntity
  8
CIVIL-253
100
AcDbVertex
100
AcDb2dVertex
 10
-266.2544835084191
 20
-331.5699147308351
 30
0.0
 70
8
  0
VERTEX
  5
4E0
330
4D0
100
AcDbEntity
  8
CIVIL-253
100
AcDbVertex
100
AcDb2dVertex
 10
-276.0222222041193
 20
-327.928774512884
 30
0.0
 70
8
  0
VERTEX
  5
4E1
330
4D0
100
AcDbEntity
  8
CIVIL-253
100
AcDbVertex
100
AcDb2dVertex
 10
-288.3330415452292
 20
-324.4495463204657
 30
0.0
 70
8
  0
VERTEX
  5
4E2
330
4D0
100
AcDbEntity
  8
CIVIL-253
100
AcDbVertex
100
AcDb2dVertex
 10
-303.6724386947753
 20
-321.2825785062705
 30
0.0
 70
8
  0
VERTEX
  5
4E3
330
4D0
100
AcDbEntity
  8
CIVIL-253
100
AcDbVertex
100
AcDb2dVertex
 10
-210.9502258290377
 20
-348.9159060068232
 30
0.0
 70
16
  0
VERTEX
  5
4E4
330
4D0
100
AcDbEntity
  8
CIVIL-253
100
AcDbVertex
100
AcDb2dVertex
 10
-242.5152238447481
 20
-354.8373368162174
 30
0.0
 70
16
  0
VERTEX
  5
4E5
330
4D0
100
AcDbEntity
  8
CIVIL-253
100
AcDbVertex
100
AcDb2dVertex
 10
-258.2977228530581
 20
-329.1778358607189
 30
0.0
 70
16
  0
VERTEX
  5
4E6
330
4D0
100
AcDbEntity
  8
CIVIL-253
100
AcDbVertex
100
AcDb2dVertex
 10
-303.6724386947753
 20
-321.2825785062705
 30
0.0
 70
16
  0
SEQEND
  5
4E7
330
4D0
100
AcDbEntity
  8
CIVIL-253
  0
LWPOLYLINE
  5
4E8
330
498
100
AcDbEntity
  8
CIVIL-253
100
AcDbPolyline
 90
36
 70
0
 10
-0.0770010128690046
 20
-412.2576674869833
 10
1.026473422825801
 20
-413.5954065602618
 10
1.787472625437658
 20
-415.7855884036505
 10
2.035368550423299
 20
-418.4733395941293
 10
1.890535512757196
 20
-421.5800433269121
 10
1.473347825594828
 20
-425.0270827974417
 10
0.9041798057296546
 20
-428.7358412004778
 10
0.3034057672266499
 20
-432.6277017312349
 10
-0.2085999758492107
 20
-436.6240475851554
 10
-0.5114631076139631
 20
-440.6462619572264
 10
-0.5172285882508731
 20
-444.6233360868061
 10
-0.2676184712981922
 20
-448.5146933925533
 10
0.1632259118196089
 20
-452.2873653365875
 10
0.7011632333160378
 20
-455.9083833814836
 10
1.272052164495105
 20
-459.3447789898163
 10
1.801751375751335
 20
-462.5635836241597
 10
2.216119536569749
 20
-465.5318287468617
 10
2.441015319163851
 20
-468.2165458207236
 10
2.424714941298587
 20
-470.6327251906258
 10
2.205164801125645
 20
-472.987192732944
 10
1.842728846895622
 20
-475.5347332061318
 10
1.397771025949622
 20
-478.5301313693253
 10
0.9306552847192506
 20
-482.2281719812052
 10
0.5017455678171246
 20
-486.8836397999984
 10
0.1714058244033367
 20
-492.7513195852951
 10
0.0
 20
-500.0859960953221
 10
0.0612938492849935
 20
-502.8706700543351
 10
0.2209280328315799
 20
-505.7081844026923
 10
0.4425315064509051
 20
-508.6247120664211
 10
0.6897332241351251
 20
-511.6464259715484
 10
0.9261621435143752
 20
-514.799499044102
 10
1.115447218580811
 20
-518.110104210109
 10
1.221217405145579
 20
-521.604414395824
 10
1.207101658110331
 20
-525.3086025275023
 10
1.0494654006834
 20
-529.2479716345042
 10
0.7756199265713803
 20
-533.4443451627066
  0
LWPOLYLINE
  5
4E9
330
498
100
AcDbEntity
  8
CIVIL-253
100
AcDbPolyline
 90
161
 70
0
 10
-0.3303779403722729
 20
-411.9504993225291
 10
-2.215328619968204
 20
-410.7749257639168
 10
-4.523000338849668
 20
-409.9618334114436
 10
-7.148014819904346
 20
-409.4043697923551
 10
-9.984993786929408
 20
-408.9956824336693
 10
-12.92855896463152
 20
-408.6289188624048
 10
-15.87333207407937
 20
-408.1972266055799
 10
-18.71393483907013
 20
-407.5937531904402
 10
-21.37769058936101
 20
-406.7372557460656
 10
-23.92272906672588
 20
-405.6489298104678
 10
-26.43988162162714
 20
-404.3755805239468
 10
-29.01997960270819
 20
-402.9640130265761
 10
-31.75385435861244
 20
-401.4610324582008
 10
-34.7323372379833
 20
-399.9134439595763
 10
-38.04625959037365
 20
-398.3680526700937
 10
-41.78645276442694
 20
-396.8716637307352
 10
-46.01714672844535
 20
-395.4578917237086
 10
-50.69616593755199
 20
-394.1075890049888
 10
-55.75473346380022
 20
-392.7884173720031
 10
-61.1240723837909
 20
-391.4680386237705
 10
-66.7354057677585
 20
-390.1141145577185
 10
-72.51995669230381
 20
-388.6943069726385
 10
-78.4089482303898
 20
-387.176277665958
 10
-84.33360345497931
 20
-385.5276884366958
 10
-90.24488131944963
 20
-383.7279964311619
 10
-94.0580870319536
 20
-382.4902353908328
 10
-102.166650680374
 20
-379.793653609795
 10
-108.276418852256
 20
-377.7358705758615
 10
-114.5516271353699
 20
-375.6689249810279
 10
-121.0419138660654
 20
-373.6312507160164
 10
-127.7969173825113
 20
-371.6612816720044
 10
-134.8662760210572
 20
-369.7974517403963
 10
-142.2262442729334
 20
-368.0744260391293
 10
-149.5595412425245
 20
-366.5117945988641
 10
-156.4755021881865
 20
-365.1253786777033
 10
-162.5834623646369
 20
-363.9309995337498
 10
-167.492757031141
 20
-362.9444784246516
 10
-170.8127214451451
 20
-362.1816366087387
 10
-172.1526908622763
 20
-361.6582953441139
 10
-171.1220005408904
 20
-361.3902758884251
 10
-167.4776582049162
 20
-361.3803517243923
 10
-161.567361438756
 20
-361.5791052311578
 10
-153.8864802951138
 20
-361.9240710120266
 10
-144.9303848221461
 20
-362.3527836703033
 10
-135.1944450716473
 20
-362.8027778097476
 10
-125.1740310954119
 20
-363.2115880338915
 10
-115.3645129434153
 20
-363.5167489458126
 10
-106.261260667452
 20
-363.6557951492705
 10
-98.2551119504933
 20
-363.5781344339648
 10
-92.03228218120783
 20
-363.3112663271731
 10
-91.31877500385598
 20
-363.2806673365394
 10
-85.32042567003371
 20
-362.7721675793509
 10
-80.12823979333916
 20
-362.0614088852108
 10
-75.61039321535645
 20
-361.1571649767029
 10
-71.63506178130774
 20
-360.0682095766388
 10
-68.07042133277717
 20
-358.8033164076023
 10
-64.78464771498693
 20
-357.371259192405
 10
-61.66078153819398
 20
-355.7877617311078
 10
-58.64132249553222
 20
-354.0963481327708
 10
-55.68363504789886
 20
-352.3474925846131
 10
-52.74508365437213
 20
-350.5916692731716
 10
-49.78303277675877
 20
-348.8793523854383
 10
-46.75484687595599
 20
-347.2610161074953
 10
-43.61789041195152
 20
-345.787134626562
 10
-40.32952784655207
 20
-344.5081821291751
 10
-36.86439804187104
 20
-343.4578516109923
 10
-33.26623747489066
 20
-342.602711301879
 10
-29.59605701926193
 20
-341.8925482405939
 10
-25.91486755682126
 20
-341.2771494661229
 10
-22.28367996303859
 20
-340.7063020167698
 10
-18.76350511338387
 20
-340.1297929310658
 10
-15.4153538896935
 20
-339.4974092486791
 10
-12.30023716652795
 20
-338.7589380074587
 10
-9.471408677200087
 20
-337.8721064341335
 10
-6.951093577299616
 20
-336.8264025068584
 10
-4.753759880259165
 20
-335.6192543913039
 10
-2.893875594963901
 20
-334.2480902526859
 10
0.0413597463193582
 20
-330.2979128250172
 10
0.5164006706763759
 20
-329.1247833569741
 10
0.8818071919449721
 20
-327.0718367841709
 10
0.8563361770939077
 20
-324.84915064083
 10
0.5200792857067427
 20
-322.489831212124
 10
-0.0279598880297272
 20
-320.0341204067172
 10
-0.6887777517476934
 20
-317.5222601337282
 10
-1.363370711260356
 20
-314.9944923022758
 10
-1.952735174199913
 20
-312.4910588210241
 10
-2.357867546379564
 20
-310.0522015993192
 10
-2.479764233612513
 20
-307.7181625453704
 10
-2.250981302495345
 20
-305.5147839907022
 10
-1.730313446387298
 20
-303.4103099514596
 10
-1.008115015793007
 20
-301.358584866648
 10
-0.1747403630361077
 20
-299.3134531743635
 10
0.6794561577407876
 20
-297.2287593136116
 10
1.464120197852025
 20
-295.0583477227155
 10
2.088897403154986
 20
-292.7560628402261
 10
2.463433422235537
 20
-290.2757491046941
 10
2.525482270357314
 20
-287.5548456086108
 10
2.325231423128568
 20
-284.4651700620488
 10
1.940976725563814
 20
-280.8621348287943
 10
1.451014020858564
 20
-276.601152272633
 10
0.9336391522083431
 20
-271.5376347571237
 10
0.467147963718162
 20
-265.5269946465069
 10
0.1298362976740464
 20
-258.4246443045686
 10
0.0
 20
-250.0859960953221
 10
0.0612938492849935
 20
-247.3013221363089
 10
0.2209280328315799
 20
-244.4638077879517
 10
0.4425315064509051
 20
-241.5472801239957
 10
0.6897332241351251
 20
-238.5255662190957
 10
0.9261621435143752
 20
-235.3724931463148
 10
1.115447218580811
 20
-232.0618879803078
 10
1.221217405145579
 20
-228.5675777945926
 10
1.207101658110331
 20
-224.8633896631418
 10
1.0494654006834
 20
-220.9240205559126
 10
0.7756199265713803
 20
-216.7276470279376
 10
0.4256129968780443
 20
-212.2533155295514
 10
0.0394923736166675
 20
-207.4800725115438
 10
-0.3426941821089713
 20
-202.3869644249316
 10
-0.6808989101045883
 20
-196.9530377198225
 10
-0.9350740465379203
 20
-191.1573388472334
 10
-1.065171833033673
 20
-184.9789142581812
 10
-1.044657679813099
 20
-178.4208287210731
 10
-0.9010496905830224
 20
-171.5822202768322
 10
-0.6753791467417614
 20
-164.5862452837718
 10
-0.4086773233211717
 20
-157.5560601013421
 10
-0.1419755008100765
 20
-150.6148210878564
 10
0.0836950439406792
 20
-143.8856846020826
 10
0.2273030322612612
 20
-137.4918070030162
 10
0.2478171863913303
 20
-131.5563446491978
 10
0.118595687126799
 20
-126.1655355185667
 10
-0.1294454377784859
 20
-121.2579440662011
 10
-0.4510007047429099
 20
-116.7352163661235
 10
-0.800764627456374
 20
-112.4989984921285
 10
-1.133431720518274
 20
-108.4509365186932
 10
-1.403696496709017
 20
-104.4926765198397
 10
-1.566253471537493
 20
-100.5258645695903
 10
-1.575797158693601
 20
-96.45214674196723
 10
-1.403263691827303
 20
-92.19711613604883
 10
-1.084555667148379
 20
-87.78215394909238
 10
-0.6718173071931233
 20
-83.25258840386596
 10
-0.2171928263123846
 20
-78.65374772268295
 10
0.2271735556860221
 20
-74.03096012808417
 10
0.6091376226322609
 20
-69.4295538426104
 10
0.8765551556280113
 20
-64.89485708834763
 10
0.9772819366844488
 20
-60.47219808783665
 10
0.8765053880779305
 20
-56.19635700395519
 10
0.6087394804126234
 20
-52.05992175888241
 10
0.2258298281958559
 20
-48.04493221513439
 10
-0.2203779586125165
 20
-44.13342823545463
 10
-0.6780382691431442
 20
-40.30744968235921
 10
-1.095305488888698
 20
-36.54903641836428
 10
-1.420334009708311
 20
-32.84022830644062
 10
-1.601278218004154
 20
-29.16306520864964
 10
-1.602619995537678
 20
-25.50223587786604
 10
-1.454151200960041
 20
-21.85302462635263
 10
-1.201991181915218
 20
-18.21336465582135
 10
-0.8922592896851709
 20
-14.58118916843887
 10
-0.5710748755518579
 20
-10.95443136682661
 10
-0.2845572889782488
 20
-7.331024452469137
 10
-0.0788258803368081
 20
-3.70890162798787
 10
0.0
 20
-0.0859960953221162
 10
0.0
 20
-0.0859960953221162
  0
ENDBLK
  5
4EA
330
498
100
AcDbEntity
  8
0
100
AcDbBlockEnd
  0
BLOCK
  5
4EC
330
4EB
100
AcDbEntity
  8
0
100
AcDbBlockBegin
  2
*U22
 70
1
 10
0.0
 20
0.0
 30
0.0
  3
*U22
  1

  0
LWPOLYLINE
  5
4ED
330
4EB
100
AcDbEntity
  8
CIVIL-FERRO-CORTE
100
AcDbPolyline
 90
2
 70
1
 43
6.114130434782607
 10
3.057065217391026
 20
0.0
 42
1.0
 10
-3.057065217391026
 20
0.0
 42
1.0
  0
ENDBLK
  5
4EE
330
4EB
100
AcDbEntity
  8
0
100
AcDbBlockEnd
  0
BLOCK
  5
4F0
330
4EF
100
AcDbEntity
  8
0
100
AcDbBlockBegin
  2
*U23
 70
1
 10
0.0
 20
0.0
 30
0.0
  3
*U23
  1

  0
INSERT
  5
4F1
330
4EF
100
AcDbEntity
  8
0
  6
ByBlock
347
ED
 62
0
370
-2
440
16777216
100
AcDbBlockReference
  2
*U22
 10
6917.905406066218
 20
5307.38652158808
 30
0.0
  0
INSERT
  5
4F2
330
4EF
100
AcDbEntity
  8
0
  6
ByBlock
347
ED
 62
0
370
-2
440
16777216
100
AcDbBlockReference
  2
*U22
 10
7033.18992991968
 20
5373.946072466636
 30
0.0
 41
0.9999999999999998
 42
0.9999999999999998
 43
0.9999999999999998
 50
60.0
  0
INSERT
  5
4F3
330
4EF
100
AcDbEntity
  8
0
  6
ByBlock
347
ED
 62
0
370
-2
440
16777216
100
AcDbBlockReference
  2
*U22
 10
7033.189929921099
 20
5507.065174226207
 30
0.0
 50
120.0
  0
INSERT
  5
4F4
330
4EF
100
AcDbEntity
  8
0
  6
ByBlock
347
ED
 62
0
370
-2
440
16777216
100
AcDbBlockReference
  2
*U22
 10
6917.905406069055
 20
5573.624725107222
 30
0.0
 50
180.0
  0
INSERT
  5
4F5
330
4EF
100
AcDbEntity
  8
0
  6
ByBlock
347
ED
 62
0
370
-2
440
16777216
100
AcDbBlockReference
  2
*U22
 10
6802.620882215591
 20
5507.065174228665
 30
0.0
 50
240.0
  0
INSERT
  5
4F6
330
4EF
100
AcDbEntity
  8
0
  6
ByBlock
347
ED
 62
0
370
-2
440
16777216
100
AcDbBlockReference
  2
*U22
 10
6802.620882214171
 20
5373.946072469094
 30
0.0
 50
300.0
  0
ENDBLK
  5
4F7
330
4EF
100
AcDbEntity
  8
0
100
AcDbBlockEnd
  0
BLOCK
  5
5ED
330
5EC
100
AcDbEntity
  8
0
100
AcDbBlockBegin
  2
*U24
 70
1
 10
0.0
 20
0.0
 30
0.0
  3
*U24
  1

  0
INSERT
  5
5EE
330
5EC
100
AcDbEntity
  8
CIVIL-DIM
  6
ByBlock
347
ED
 62
0
370
-2
440
16777216
100
AcDbBlockReference
  2
*U25
 10
910259.8158995723
 20
-387124.371578013
 30
0.0
  0
INSERT
  5
5EF
330
5EC
100
AcDbEntity
  8
CIVIL-DIM
  6
ByBlock
347
ED
 62
0
370
-2
440
16777216
100
AcDbBlockReference
  2
*U25
 10
910124.4590462092
 20
-387202.5198937381
 30
0.0
 50
60.0
  0
INSERT
  5
5F0
330
5EC
100
AcDbEntity
  8
CIVIL-DIM
  6
ByBlock
347
ED
 62
0
370
-2
440
16777216
100
AcDbBlockReference
  2
*U25
 10
910124.4590462085
 20
-387358.8165251894
 30
0.0
 41
0.9999999999999998
 42
0.9999999999999998
 43
0.9999999999999998
 50
120.0
  0
INSERT
  5
5F1
330
5EC
100
AcDbEntity
  8
CIVIL-DIM
  6
ByBlock
347
ED
 62
0
370
-2
440
16777216
100
AcDbBlockReference
  2
*U25
 10
910259.8158995709
 20
-387436.9648409157
 30
0.0
 50
180.0
  0
INSERT
  5
5F2
330
5EC
100
AcDbEntity
  8
CIVIL-DIM
  6
ByBlock
347
ED
 62
0
370
-2
440
16777216
100
AcDbBlockReference
  2
*U25
 10
910395.1727529345
 20
-387358.8165251906
 30
0.0
 50
239.9999999999999
  0
INSERT
  5
5F3
330
5EC
100
AcDbEntity
  8
CIVIL-DIM
  6
ByBlock
347
ED
 62
0
370
-2
440
16777216
100
AcDbBlockReference
  2
*U25
 10
910395.1727529349
 20
-387202.5198937392
 30
0.0
 50
300.0
  0
ENDBLK
  5
5F4
330
5EC
100
AcDbEntity
  8
0
100
AcDbBlockEnd
  0
BLOCK
  5
5F8
330
5F7
100
AcDbEntity
  8
0
100
AcDbBlockBegin
  2
*U25
 70
1
 10
0.0
 20
0.0
 30
0.0
  3
*U25
  1

  0
LWPOLYLINE
  5
5F9
330
5F7
100
AcDbEntity
  8
CIVIL-FERRO-CORTE
100
AcDbPolyline
 90
2
 70
1
 43
8.53448275862069
 10
-4.267241379310345
 20
0.0
 42
1.0
 10
4.267241379310345
 20
0.0
 42
1.0
  0
ENDBLK
  5
5FA
330
5F7
100
AcDbEntity
  8
0
100
AcDbBlockEnd
  0
BLOCK
  5
5FC
330
5FB
100
AcDbEntity
  8
0
100
AcDbBlockBegin
  2
*U26
 70
1
 10
0.0
 20
0.0
 30
0.0
  3
*U26
  1

  0
LWPOLYLINE
  5
5FD
330
5FB
100
AcDbEntity
  8
CIVIL-FERRO-CORTE
100
AcDbPolyline
 90
2
 70
1
 43
6.114130434782607
 10
3.057065217391026
 20
0.0
 42
1.0
 10
-3.057065217391026
 20
0.0
 42
1.0
  0
ENDBLK
  5
5FE
330
5FB
100
AcDbEntity
  8
0
100
AcDbBlockEnd
  0
BLOCK
  5
600
330
5FF
100
AcDbEntity
  8
0
100
AcDbBlockBegin
  2
*U27
 70
1
 10
0.0
 20
0.0
 30
0.0
  3
*U27
  1

  0
INSERT
  5
601
330
5FF
100
AcDbEntity
  8
0
  6
ByBlock
347
ED
 62
0
370
-2
440
16777216
100
AcDbBlockReference
  2
*U26
 10
6917.905406066218
 20
5307.38652158808
 30
0.0
  0
INSERT
  5
602
330
5FF
100
AcDbEntity
  8
0
  6
ByBlock
347
ED
 62
0
370
-2
440
16777216
100
AcDbBlockReference
  2
*U26
 10
7033.18992991968
 20
5373.946072466636
 30
0.0
 41
0.9999999999999998
 42
0.9999999999999998
 43
0.9999999999999998
 50
60.0
  0
INSERT
  5
603
330
5FF
100
AcDbEntity
  8
0
  6
ByBlock
347
ED
 62
0
370
-2
440
16777216
100
AcDbBlockReference
  2
*U26
 10
7033.189929921099
 20
5507.065174226207
 30
0.0
 50
120.0
  0
INSERT
  5
604
330
5FF
100
AcDbEntity
  8
0
  6
ByBlock
347
ED
 62
0
370
-2
440
16777216
100
AcDbBlockReference
  2
*U26
 10
6917.905406069055
 20
5573.624725107222
 30
0.0
 50
180.0
  0
INSERT
  5
605
330
5FF
100
AcDbEntity
  8
0
  6
ByBlock
347
ED
 62
0
370
-2
440
16777216
100
AcDbBlockReference
  2
*U26
 10
6802.620882215591
 20
5507.065174228665
 30
0.0
 50
240.0
  0
INSERT
  5
606
330
5FF
100
AcDbEntity
  8
0
  6
ByBlock
347
ED
 62
0
370
-2
440
16777216
100
AcDbBlockReference
  2
*U26
 10
6802.620882214171
 20
5373.946072469094
 30
0.0
 50
300.0
  0
ENDBLK
  5
607
330
5FF
100
AcDbEntity
  8
0
100
AcDbBlockEnd
  0
BLOCK
  5
619
330
618
100
AcDbEntity
  8
0
100
AcDbBlockBegin
  2
*D28
 70
1
 10
0.0
 20
0.0
 30
0.0
  3
*D28
  1

  0
LINE
  5
7F1
330
618
100
AcDbEntity
  8
CIVIL-DIM
 62
1
370
-2
440
16777216
100
AcDbLine
 10
4445.898282278864
 20
1840.726491497665
 30
0.0
 11
4173.493324691975
 21
1840.726491497665
 31
0.0
  0
LINE
  5
7F2
330
618
100
AcDbEntity
  8
CIVIL-DIM
 62
1
370
-2
440
16777216
100
AcDbLine
 10
4445.898282278864
 20
1390.726491497664
 30
0.0
 11
4173.493324691975
 21
1390.726491497664
 31
0.0
  0
LINE
  5
7F3
330
618
100
AcDbEntity
  8
CIVIL-DIM
 62
1
440
16777216
100
AcDbLine
 10
4191.493324691974
 20
1858.726491497664
 30
0.0
 11
4191.493324691974
 21
1372.726491497664
 31
0.0
  0
INSERT
  5
7F4
330
618
100
AcDbEntity
  8
CIVIL-DIM
 62
1
440
16777216
100
AcDbBlockReference
  2
_ArchTick
 10
4191.493324691974
 20
1840.726491497665
 30
0.0
 41
15.0
 42
15.0
 43
15.0
 50
90.0
  0
INSERT
  5
7F5
330
618
100
AcDbEntity
  8
CIVIL-DIM
 62
1
440
16777216
100
AcDbBlockReference
  2
_ArchTick
 10
4191.493324691974
 20
1390.726491497664
 30
0.0
 41
15.0
 42
15.0
 43
15.0
 50
270.0
  0
MTEXT
  5
7F6
330
618
100
AcDbEntity
  8
CIVIL-DIM
 62
2
440
16777216
100
AcDbMText
 10
4171.493324691975
 20
1615.726491497663
 30
0.0
 40
20.0
 41
0.0
 46
0.0
 71
5
  1
%%C45
  7
80CL-1_10
 11
1e-16
 21
1.0
 31
0.0
  0
POINT
  5
7F7
330
618
100
AcDbEntity
  8
Defpoints
 62
0
440
16777216
100
AcDbPoint
 10
4465.898282278865
 20
1840.726491497665
 30
0.0
  0
POINT
  5
7F8
330
618
100
AcDbEntity
  8
Defpoints
 62
0
440
16777216
100
AcDbPoint
 10
4465.898282278865
 20
1390.726491497664
 30
0.0
  0
POINT
  5
7F9
330
618
100
AcDbEntity
  8
Defpoints
 62
0
440
16777216
100
AcDbPoint
 10
4191.493324691974
 20
1390.726491497664
 30
0.0
  0
ENDBLK
  5
61A
330
618
100
AcDbEntity
  8
0
100
AcDbBlockEnd
  0
BLOCK
  5
625
330
624
100
AcDbEntity
  8
0
100
AcDbBlockBegin
  2
*D29
 70
1
 10
0.0
 20
0.0
 30
0.0
  3
*D29
  1

  0
LINE
  5
7FA
330
624
100
AcDbEntity
  8
CIVIL-DIM
 62
1
370
-2
440
16777216
100
AcDbLine
 10
4988.246916046902
 20
1780.919011830002
 30
0.0
 11
5227.980811564801
 21
1780.919011830002
 31
0.0
  0
LINE
  5
7FB
330
624
100
AcDbEntity
  8
CIVIL-DIM
 62
1
370
-2
440
16777216
100
AcDbLine
 10
4985.898282278864
 20
1450.726491497664
 30
0.0
 11
5227.980811564801
 21
1450.726491497664
 31
0.0
  0
LINE
  5
7FC
330
624
100
AcDbEntity
  8
CIVIL-DIM
 62
1
440
16777216
100
AcDbLine
 10
5209.9808115648
 20
1798.919011830002
 30
0.0
 11
5209.9808115648
 21
1432.726491497664
 31
0.0
  0
INSERT
  5
7FD
330
624
100
AcDbEntity
  8
CIVIL-DIM
 62
1
440
16777216
100
AcDbBlockReference
  2
_ArchTick
 10
5209.9808115648
 20
1780.919011830002
 30
0.0
 41
15.0
 42
15.0
 43
15.0
 50
90.0
  0
INSERT
  5
7FE
330
624
100
AcDbEntity
  8
CIVIL-DIM
 62
1
440
16777216
100
AcDbBlockReference
  2
_ArchTick
 10
5209.9808115648
 20
1450.726491497664
 30
0.0
 41
15.0
 42
15.0
 43
15.0
 50
270.0
  0
MTEXT
  5
7FF
330
624
100
AcDbEntity
  8
CIVIL-DIM
 62
2
440
16777216
100
AcDbMText
 10
5189.9808115648
 20
1615.822751663831
 30
0.0
 40
20.0
 41
0.0
 46
0.0
 71
5
  1
%%C33
  7
80CL-1_10
 11
1e-16
 21
1.0
 31
0.0
  0
POINT
  5
800
330
624
100
AcDbEntity
  8
Defpoints
 62
0
440
16777216
100
AcDbPoint
 10
4968.246916046902
 20
1780.919011830002
 30
0.0
  0
POINT
  5
801
330
624
100
AcDbEntity
  8
Defpoints
 62
0
440
16777216
100
AcDbPoint
 10
4965.898282278865
 20
1450.726491497664
 30
0.0
  0
POINT
  5
802
330
624
100
AcDbEntity
  8
Defpoints
 62
0
440
16777216
100
AcDbPoint
 10
5209.9808115648
 20
1450.726491497664
 30
0.0
  0
ENDBLK
  5
626
330
624
100
AcDbEntity
  8
0
100
AcDbBlockEnd
  0
BLOCK
  5
631
330
630
100
AcDbEntity
  8
0
100
AcDbBlockBegin
  2
*D30
 70
1
 10
0.0
 20
0.0
 30
0.0
  3
*D30
  1

  0
LINE
  5
803
330
630
100
AcDbEntity
  8
CIVIL-DIM
 62
1
370
-2
440
16777216
100
AcDbLine
 10
4412.457352649025
 20
1163.226491496863
 30
0.0
 11
4173.493324691986
 21
1163.226491496863
 31
0.0
  0
LINE
  5
804
330
630
100
AcDbEntity
  8
CIVIL-DIM
 62
1
370
-2
440
16777216
100
AcDbLine
 10
4412.457352649025
 20
763.2264914968638
 30
0.0
 11
4173.493324691986
 21
763.2264914968637
 31
0.0
  0
LINE
  5
805
330
630
100
AcDbEntity
  8
CIVIL-DIM
 62
1
440
16777216
100
AcDbLine
 10
4191.493324691986
 20
1181.226491496863
 30
0.0
 11
4191.493324691986
 21
745.2264914968638
 31
0.0
  0
INSERT
  5
806
330
630
100
AcDbEntity
  8
CIVIL-DIM
 62
1
440
16777216
100
AcDbBlockReference
  2
_ArchTick
 10
4191.493324691986
 20
1163.226491496863
 30
0.0
 41
15.0
 42
15.0
 43
15.0
 50
90.0
  0
INSERT
  5
807
330
630
100
AcDbEntity
  8
CIVIL-DIM
 62
1
440
16777216
100
AcDbBlockReference
  2
_ArchTick
 10
4191.493324691986
 20
763.2264914968637
 30
0.0
 41
15.0
 42
15.0
 43
15.0
 50
270.0
  0
MTEXT
  5
808
330
630
100
AcDbEntity
  8
CIVIL-DIM
 62
2
440
16777216
100
AcDbMText
 10
4171.493324691986
 20
963.2264914968622
 30
0.0
 40
20.0
 41
0.0
 46
0.0
 71
5
  1
%%C40
  7
80CL-1_10
 11
1e-16
 21
1.0
 31
0.0
  0
POINT
  5
809
330
630
100
AcDbEntity
  8
Defpoints
 62
0
440
16777216
100
AcDbPoint
 10
4432.457352649024
 20
1163.226491496863
 30
0.0
  0
POINT
  5
80A
330
630
100
AcDbEntity
  8
Defpoints
 62
0
440
16777216
100
AcDbPoint
 10
4432.457352649024
 20
763.2264914968638
 30
0.0
  0
POINT
  5
80B
330
630
100
AcDbEntity
  8
Defpoints
 62
0
440
16777216
100
AcDbPoint
 10
4191.493324691986
 20
763.2264914968637
 30
0.0
  0
ENDBLK
  5
632
330
630
100
AcDbEntity
  8
0
100
AcDbBlockEnd
  0
BLOCK
  5
63D
330
63C
100
AcDbEntity
  8
0
100
AcDbBlockBegin
  2
*D31
 70
1
 10
0.0
 20
0.0
 30
0.0
  3
*D31
  1

  0
LINE
  5
80C
330
63C
100
AcDbEntity
  8
CIVIL-DIM
 62
1
370
-2
440
16777216
100
AcDbLine
 10
4902.457352649025
 20
1103.226491496863
 30
0.0
 11
5092.039881934167
 21
1103.226491496863
 31
0.0
  0
LINE
  5
80D
330
63C
100
AcDbEntity
  8
CIVIL-DIM
 62
1
370
-2
440
16777216
100
AcDbLine
 10
4902.457352649025
 20
823.2264914968638
 30
0.0
 11
5092.039881934167
 21
823.2264914968638
 31
0.0
  0
LINE
  5
80E
330
63C
100
AcDbEntity
  8
CIVIL-DIM
 62
1
440
16777216
100
AcDbLine
 10
5074.039881934167
 20
1121.226491496863
 30
0.0
 11
5074.039881934167
 21
805.2264914968638
 31
0.0
  0
INSERT
  5
80F
330
63C
100
AcDbEntity
  8
CIVIL-DIM
 62
1
440
16777216
100
AcDbBlockReference
  2
_ArchTick
 10
5074.039881934167
 20
1103.226491496863
 30
0.0
 41
15.0
 42
15.0
 43
15.0
 50
90.0
  0
INSERT
  5
810
330
63C
100
AcDbEntity
  8
CIVIL-DIM
 62
1
440
16777216
100
AcDbBlockReference
  2
_ArchTick
 10
5074.039881934167
 20
823.2264914968638
 30
0.0
 41
15.0
 42
15.0
 43
15.0
 50
270.0
  0
MTEXT
  5
811
330
63C
100
AcDbEntity
  8
CIVIL-DIM
 62
2
440
16777216
100
AcDbMText
 10
5054.039881934166
 20
963.2264914968619
 30
0.0
 40
20.0
 41
0.0
 46
0.0
 71
5
  1
%%C28
  7
80CL-1_10
 11
1e-16
 21
1.0
 31
0.0
  0
POINT
  5
812
330
63C
100
AcDbEntity
  8
Defpoints
 62
0
440
16777216
100
AcDbPoint
 10
4882.457352649025
 20
1103.226491496863
 30
0.0
  0
POINT
  5
813
330
63C
100
AcDbEntity
  8
Defpoints
 62
0
440
16777216
100
AcDbPoint
 10
4882.457352649025
 20
823.2264914968638
 30
0.0
  0
POINT
  5
814
330
63C
100
AcDbEntity
  8
Defpoints
 62
0
440
16777216
100
AcDbPoint
 10
5074.039881934167
 20
823.2264914968638
 30
0.0
  0
ENDBLK
  5
63E
330
63C
100
AcDbEntity
  8
0
100
AcDbBlockEnd
  0
BLOCK
  5
649
330
648
100
AcDbEntity
  8
0
100
AcDbBlockBegin
  2
*D32
 70
1
 10
0.0
 20
0.0
 30
0.0
  3
*D32
  1

  0
LINE
  5
6EC
330
648
100
AcDbEntity
  8
CIVIL-DIM
 62
1
370
-2
440
16777216
100
AcDbLine
 10
4919.894849419875
 20
15912.37141460051
 30
0.0
 11
5701.931359651797
 21
15912.37141460051
 31
0.0
  0
LINE
  5
6ED
330
648
100
AcDbEntity
  8
CIVIL-DIM
 62
1
370
-2
440
16777216
100
AcDbLine
 10
4879.894849419876
 20
17562.37141460027
 30
0.0
 11
5701.931359651797
 21
17562.37141460027
 31
0.0
  0
LINE
  5
6EE
330
648
100
AcDbEntity
  8
CIVIL-DIM
 62
1
440
16777216
100
AcDbLine
 10
5611.931359651797
 20
15822.37141460051
 30
0.0
 11
5611.931359651797
 21
17652.37141460026
 31
0.0
  0
INSERT
  5
6EF
330
648
100
AcDbEntity
  8
CIVIL-DIM
 62
1
440
16777216
100
AcDbBlockReference
  2
_ArchTick
 10
5611.931359651797
 20
15912.37141460051
 30
0.0
 41
75.0
 42
75.0
 43
75.0
 50
270.0
  0
INSERT
  5
6F0
330
648
100
AcDbEntity
  8
CIVIL-DIM
 62
1
440
16777216
100
AcDbBlockReference
  2
_ArchTick
 10
5611.931359651797
 20
17562.37141460027
 30
0.0
 41
75.0
 42
75.0
 43
75.0
 50
90.0
  0
MTEXT
  5
6F1
330
648
100
AcDbEntity
  8
CIVIL-DIM
 62
2
440
16777216
100
AcDbMText
 10
5510.874060879633
 20
16737.37141460039
 30
0.0
 40
100.0
 41
0.0
 46
0.0
 71
5
  1
165
  7
ARIAL NORMAL 50
 11
1e-16
 21
1.0
 31
0.0
  0
POINT
  5
6F2
330
648
100
AcDbEntity
  8
Defpoints
 62
0
440
16777216
100
AcDbPoint
 10
4819.894849419876
 20
15912.37141460051
 30
-4.3078e-12
  0
POINT
  5
6F3
330
648
100
AcDbEntity
  8
Defpoints
 62
0
440
16777216
100
AcDbPoint
 10
4779.894849419876
 20
17562.37141460027
 30
-4.3078e-12
  0
POINT
  5
6F4
330
648
100
AcDbEntity
  8
Defpoints
 62
0
440
16777216
100
AcDbPoint
 10
5611.931359651797
 20
17562.37141460027
 30
0.0
  0
ENDBLK
  5
64A
330
648
100
AcDbEntity
  8
0
100
AcDbBlockEnd
  0
BLOCK
  5
655
330
654
100
AcDbEntity
  8
0
100
AcDbBlockBegin
  2
*D33
 70
1
 10
0.0
 20
0.0
 30
0.0
  3
*D33
  1

  0
LINE
  5
6F5
330
654
100
AcDbEntity
  8
CIVIL-DIM
 62
1
370
-2
440
16777216
100
AcDbLine
 10
5208.906135201736
 20
15912.37141460027
 30
0.0
 11
5701.931359651779
 21
15912.37141460027
 31
0.0
  0
LINE
  5
6F6
330
654
100
AcDbEntity
  8
CIVIL-DIM
 62
1
370
-2
440
16777216
100
AcDbLine
 10
5208.906135201736
 20
15812.37141460027
 30
0.0
 11
5701.931359651779
 21
15812.37141460027
 31
0.0
  0
LINE
  5
6F7
330
654
100
AcDbEntity
  8
CIVIL-DIM
 62
1
440
16777216
100
AcDbLine
 10
5611.931359651778
 20
16002.37141460028
 30
0.0
 11
5611.931359651778
 21
15812.37141460027
 31
0.0
  0
LINE
  5
6F8
330
654
100
AcDbEntity
  8
CIVIL-DIM
 62
1
440
16777216
100
AcDbLine
 10
5611.931359651778
 20
15812.37141460027
 30
0.0
 11
5611.931359651778
 21
15428.87891801091
 31
0.0
  0
INSERT
  5
6F9
330
654
100
AcDbEntity
  8
CIVIL-DIM
 62
1
440
16777216
100
AcDbBlockReference
  2
_ArchTick
 10
5611.931359651778
 20
15912.37141460027
 30
0.0
 41
75.0
 42
75.0
 43
75.0
 50
90.0
  0
INSERT
  5
6FA
330
654
100
AcDbEntity
  8
CIVIL-DIM
 62
1
440
16777216
100
AcDbBlockReference
  2
_ArchTick
 10
5611.931359651778
 20
15812.37141460027
 30
0.0
 41
75.0
 42
75.0
 43
75.0
 50
270.0
  0
MTEXT
  5
6FB
330
654
100
AcDbEntity
  8
CIVIL-DIM
 62
2
440
16777216
100
AcDbMText
 10
5510.874060879613
 20
15545.62516630559
 30
0.0
 40
100.0
 41
0.0
 46
0.0
 71
5
  1
10
  7
ARIAL NORMAL 50
 11
1e-16
 21
1.0
 31
0.0
  0
POINT
  5
6FC
330
654
100
AcDbEntity
  8
Defpoints
 62
0
440
16777216
100
AcDbPoint
 10
5108.906135201736
 20
15912.37141460027
 30
4.3078e-12
  0
POINT
  5
6FD
330
654
100
AcDbEntity
  8
Defpoints
 62
0
440
16777216
100
AcDbPoint
 10
5108.906135201736
 20
15812.37141460027
 30
0.0
  0
POINT
  5
6FE
330
654
100
AcDbEntity
  8
Defpoints
 62
0
440
16777216
100
AcDbPoint
 10
5611.931359651778
 20
15812.37141460027
 30
0.0
  0
ENDBLK
  5
656
330
654
100
AcDbEntity
  8
0
100
AcDbBlockEnd
  0
BLOCK
  5
662
330
661
100
AcDbEntity
  8
0
100
AcDbBlockBegin
  2
*D34
 70
1
 10
0.0
 20
0.0
 30
0.0
  3
*D34
  1

  0
LINE
  5
6FF
330
661
100
AcDbEntity
  8
CIVIL-DIM
 62
1
370
-2
440
16777216
100
AcDbLine
 10
4867.394849419876
 20
3312.371414600268
 30
0.0
 11
5498.292419985221
 21
3312.371414600269
 31
0.0
  0
LINE
  5
700
330
661
100
AcDbEntity
  8
CIVIL-DIM
 62
1
370
-2
440
16777216
100
AcDbLine
 10
6457.418386670116
 20
3362.371414600268
 30
0.0
 11
5318.292419985223
 21
3362.371414600268
 31
0.0
  0
LINE
  5
701
330
661
100
AcDbEntity
  8
CIVIL-DIM
 62
1
440
16777216
100
AcDbLine
 10
5408.292419985222
 20
3362.371414600268
 30
0.0
 11
5408.292419985222
 21
3437.371414600268
 31
0.0
  0
LINE
  5
702
330
661
100
AcDbEntity
  8
CIVIL-DIM
 62
1
440
16777216
100
AcDbLine
 10
5408.292419985222
 20
3312.371414600269
 30
0.0
 11
5408.292419985222
 21
2996.06854966166
 31
0.0
  0
LINE
  5
703
330
661
100
AcDbEntity
  8
CIVIL-DIM
 62
1
440
16777216
100
AcDbLine
 10
5408.292419985222
 20
3362.371414600268
 30
0.0
 11
5408.292419985222
 21
3312.371414600269
 31
0.0
  0
INSERT
  5
704
330
661
100
AcDbEntity
  8
CIVIL-DIM
 62
1
440
16777216
100
AcDbBlockReference
  2
_ArchTick
 10
5408.292419985222
 20
3362.371414600268
 30
0.0
 41
75.0
 42
75.0
 43
75.0
 50
270.0
  0
INSERT
  5
705
330
661
100
AcDbEntity
  8
CIVIL-DIM
 62
1
440
16777216
100
AcDbBlockReference
  2
_ArchTick
 10
5408.292419985222
 20
3312.371414600269
 30
0.0
 41
75.0
 42
75.0
 43
75.0
 50
90.0
  0
MTEXT
  5
706
330
661
100
AcDbEntity
  8
CIVIL-DIM
 62
2
440
16777216
100
AcDbMText
 10
5307.439759685085
 20
3079.219982130962
 30
0.0
 40
100.0
 41
0.0
 46
0.0
 71
5
  1
5
  7
ARIAL NORMAL 50
 11
1e-16
 21
1.0
 31
0.0
  0
POINT
  5
707
330
661
100
AcDbEntity
  8
Defpoints
 62
0
440
16777216
100
AcDbPoint
 10
4767.394849419876
 20
3312.371414600268
 30
0.0
  0
POINT
  5
708
330
661
100
AcDbEntity
  8
Defpoints
 62
0
440
16777216
100
AcDbPoint
 10
6557.418386670116
 20
3362.371414600268
 30
0.0
  0
POINT
  5
709
330
661
100
AcDbEntity
  8
Defpoints
 62
0
440
16777216
100
AcDbPoint
 10
5408.292419985222
 20
3362.371414600268
 30
0.0
  0
ENDBLK
  5
663
330
661
100
AcDbEntity
  8
0
100
AcDbBlockEnd
  0
BLOCK
  5
670
330
66F
100
AcDbEntity
  8
0
100
AcDbBlockBegin
  2
*D35
 70
1
 10
0.0
 20
0.0
 30
0.0
  3
*D35
  1

  0
LINE
  5
70A
330
66F
100
AcDbEntity
  8
CIVIL-DIM
 62
1
370
-2
440
16777216
100
AcDbLine
 10
4309.894849419875
 20
6812.37141460027
 30
0.0
 11
3524.894849405943
 21
6812.37141460027
 31
0.0
  0
LINE
  5
70B
330
66F
100
AcDbEntity
  8
CIVIL-DIM
 62
1
370
-2
440
16777216
100
AcDbLine
 10
4014.894849419873
 20
15812.37141460027
 30
0.0
 11
3524.894849405941
 21
15812.37141460027
 31
0.0
  0
LINE
  5
70C
330
66F
100
AcDbEntity
  8
CIVIL-DIM
 62
1
440
16777216
100
AcDbLine
 10
3614.894849405942
 20
6722.371414600272
 30
0.0
 11
3614.894849405942
 21
15902.37141460027
 31
0.0
  0
INSERT
  5
70D
330
66F
100
AcDbEntity
  8
CIVIL-DIM
 62
1
440
16777216
100
AcDbBlockReference
  2
_ArchTick
 10
3614.894849405942
 20
6812.37141460027
 30
0.0
 41
75.0
 42
75.0
 43
75.0
 50
270.0
  0
INSERT
  5
70E
330
66F
100
AcDbEntity
  8
CIVIL-DIM
 62
1
440
16777216
100
AcDbBlockReference
  2
_ArchTick
 10
3614.894849405942
 20
15812.37141460027
 30
0.0
 41
75.0
 42
75.0
 43
75.0
 50
90.0
  0
MTEXT
  5
70F
330
66F
100
AcDbEntity
  8
CIVIL-DIM
 62
2
440
16777216
100
AcDbMText
 10
3513.837550633776
 20
11312.37141460027
 30
0.0
 40
100.0
 41
0.0
 46
0.0
 71
5
  1
900
  7
ARIAL NORMAL 50
 11
1e-16
 21
1.0
 31
0.0
  0
MTEXT
  5
710
330
66F
100
AcDbEntity
  8
CIVIL-DIM
 62
2
440
16777216
100
AcDbMText
 10
3730.481479692438
 20
11312.37141460027
 30
0.0
 40
100.0
 41
0.0
 46
0.0
 71
5
  1
(VER NOTA 9)
  7
ARIAL NORMAL 50
 11
1e-16
 21
1.0
 31
0.0
  0
POINT
  5
711
330
66F
100
AcDbEntity
  8
Defpoints
 62
0
440
16777216
100
AcDbPoint
 10
4409.894849419876
 20
6812.37141460027
 30
-4.3078e-12
  0
POINT
  5
712
330
66F
100
AcDbEntity
  8
Defpoints
 62
0
440
16777216
100
AcDbPoint
 10
4114.894849419875
 20
15812.37141460027
 30
-4.3078e-12
  0
POINT
  5
713
330
66F
100
AcDbEntity
  8
Defpoints
 62
0
440
16777216
100
AcDbPoint
 10
3614.894849405942
 20
15812.37141460027
 30
0.0
  0
ENDBLK
  5
671
330
66F
100
AcDbEntity
  8
0
100
AcDbBlockEnd
  0
BLOCK
  5
67D
330
67C
100
AcDbEntity
  8
0
100
AcDbBlockBegin
  2
*D36
 70
1
 10
0.0
 20
0.0
 30
0.0
  3
*D36
  1

  0
LINE
  5
714
330
67C
100
AcDbEntity
  8
CIVIL-DIM
 62
1
370
-2
440
16777216
100
AcDbLine
 10
4337.394849419875
 20
3312.371414600267
 30
0.0
 11
3524.894849404049
 21
3312.371414600267
 31
0.0
  0
LINE
  5
715
330
67C
100
AcDbEntity
  8
CIVIL-DIM
 62
1
370
-2
440
16777216
100
AcDbLine
 10
4309.560515787733
 20
6812.37141460027
 30
0.0
 11
3524.894849404049
 21
6812.37141460027
 31
0.0
  0
LINE
  5
716
330
67C
100
AcDbEntity
  8
CIVIL-DIM
 62
1
440
16777216
100
AcDbLine
 10
3614.894849404049
 20
3222.371414600267
 30
0.0
 11
3614.894849404049
 21
6902.371414600271
 31
0.0
  0
INSERT
  5
717
330
67C
100
AcDbEntity
  8
CIVIL-DIM
 62
1
440
16777216
100
AcDbBlockReference
  2
_ArchTick
 10
3614.894849404049
 20
3312.371414600267
 30
0.0
 41
75.0
 42
75.0
 43
75.0
 50
270.0
  0
INSERT
  5
718
330
67C
100
AcDbEntity
  8
CIVIL-DIM
 62
1
440
16777216
100
AcDbBlockReference
  2
_ArchTick
 10
3614.894849404049
 20
6812.37141460027
 30
0.0
 41
75.0
 42
75.0
 43
75.0
 50
90.0
  0
MTEXT
  5
719
330
67C
100
AcDbEntity
  8
CIVIL-DIM
 62
2
440
16777216
100
AcDbMText
 10
3513.803444219875
 20
5062.371414600266
 30
0.0
 40
100.0
 41
0.0
 46
0.0
 71
5
  1
350
  7
ARIAL NORMAL 50
 11
1e-16
 21
1.0
 31
0.0
  0
POINT
  5
71A
330
67C
100
AcDbEntity
  8
Defpoints
 62
0
440
16777216
100
AcDbPoint
 10
4437.394849419876
 20
3312.371414600267
 30
0.0
  0
POINT
  5
71B
330
67C
100
AcDbEntity
  8
Defpoints
 62
0
440
16777216
100
AcDbPoint
 10
4409.560515787734
 20
6812.37141460027
 30
0.0
  0
POINT
  5
71C
330
67C
100
AcDbEntity
  8
Defpoints
 62
0
440
16777216
100
AcDbPoint
 10
3614.894849404049
 20
6812.37141460027
 30
0.0
  0
ENDBLK
  5
67E
330
67C
100
AcDbEntity
  8
0
100
AcDbBlockEnd
  0
BLOCK
  5
689
330
688
100
AcDbEntity
  8
0
100
AcDbBlockBegin
  2
*D37
 70
1
 10
0.0
 20
0.0
 30
0.0
  3
*D37
  1

  0
LINE
  5
71D
330
688
100
AcDbEntity
  8
CIVIL-DIM
 62
1
370
-2
440
16777216
100
AcDbLine
 10
8087.092873263459
 20
15762.37141460028
 30
0.0
 11
8394.187378337905
 21
15762.37141460028
 31
0.0
  0
LINE
  5
71E
330
688
100
AcDbEntity
  8
CIVIL-DIM
 62
1
370
-2
440
16777216
100
AcDbLine
 10
8087.092873263459
 20
15562.37141460028
 30
0.0
 11
8394.187378337905
 21
15562.37141460028
 31
0.0
  0
LINE
  5
71F
330
688
100
AcDbEntity
  8
CIVIL-DIM
 62
1
440
16777216
100
AcDbLine
 10
8304.187378337905
 20
15852.37141460027
 30
0.0
 11
8304.187378337905
 21
15472.37141460027
 31
0.0
  0
MTEXT
  5
720
330
688
100
AcDbEntity
  8
CIVIL-DIM
 62
2
440
16777216
100
AcDbMText
 10
8604.187377619843
 20
15662.37141460027
 30
0.0
 40
100.0
 41
0.0
 46
0.0
 71
5
  1
15\P(TÍP.)
  7
ARIAL NORMAL 50
 11
1e-16
 21
1.0
 31
0.0
  0
INSERT
  5
721
330
688
100
AcDbEntity
  8
CIVIL-DIM
 62
1
440
16777216
100
AcDbBlockReference
  2
_ArchTick
 10
8304.187378337905
 20
15762.37141460028
 30
0.0
 41
75.0
 42
75.0
 43
75.0
 50
90.0
  0
INSERT
  5
722
330
688
100
AcDbEntity
  8
CIVIL-DIM
 62
1
440
16777216
100
AcDbBlockReference
  2
_ArchTick
 10
8304.187378337905
 20
15562.37141460028
 30
0.0
 41
75.0
 42
75.0
 43
75.0
 50
270.0
  0
POINT
  5
723
330
688
100
AcDbEntity
  8
Defpoints
 62
0
440
16777216
100
AcDbPoint
 10
7987.09287326346
 20
15762.37141460028
 30
0.0
  0
POINT
  5
724
330
688
100
AcDbEntity
  8
Defpoints
 62
0
440
16777216
100
AcDbPoint
 10
7987.09287326346
 20
15562.37141460028
 30
0.0
  0
POINT
  5
725
330
688
100
AcDbEntity
  8
Defpoints
 62
0
440
16777216
100
AcDbPoint
 10
8304.187378337905
 20
15562.37141460028
 30
0.0
  0
ENDBLK
  5
68A
330
688
100
AcDbEntity
  8
0
100
AcDbBlockEnd
  0
BLOCK
  5
695
330
694
100
AcDbEntity
  8
0
100
AcDbBlockBegin
  2
*D38
 70
1
 10
0.0
 20
0.0
 30
0.0
  3
*D38
  1

  0
LINE
  5
726
330
694
100
AcDbEntity
  8
CIVIL-DIM
 62
1
370
-2
440
16777216
100
AcDbLine
 10
7657.092873263455
 20
15962.37141460027
 30
0.0
 11
7657.092873263455
 21
16305.21130412663
 31
0.0
  0
LINE
  5
727
330
694
100
AcDbEntity
  8
CIVIL-DIM
 62
1
370
-2
440
16777216
100
AcDbLine
 10
7987.092873263455
 20
15962.37141460027
 30
0.0
 11
7987.092873263455
 21
16305.21130412663
 31
0.0
  0
LINE
  5
728
330
694
100
AcDbEntity
  8
CIVIL-DIM
 62
1
440
16777216
100
AcDbLine
 10
7567.092873263456
 20
16215.21130412664
 30
0.0
 11
8077.092873263456
 21
16215.21130412664
 31
0.0
  0
MTEXT
  5
729
330
694
100
AcDbEntity
  8
CIVIL-DIM
 62
2
440
16777216
100
AcDbMText
 10
7820.823986635827
 20
16430.21130412663
 30
0.0
 40
100.0
 41
0.0
 46
0.0
 71
5
  1
 %%C33
  7
ARIAL NORMAL 50
  0
INSERT
  5
72A
330
694
100
AcDbEntity
  8
CIVIL-DIM
 62
1
440
16777216
100
AcDbBlockReference
  2
_ArchTick
 10
7657.092873263455
 20
16215.21130412664
 30
0.0
 41
75.0
 42
75.0
 43
75.0
 50
180.0
  0
INSERT
  5
72B
330
694
100
AcDbEntity
  8
CIVIL-DIM
 62
1
440
16777216
100
AcDbBlockReference
  2
_ArchTick
 10
7987.092873263455
 20
16215.21130412664
 30
0.0
 41
75.0
 42
75.0
 43
75.0
  0
POINT
  5
72C
330
694
100
AcDbEntity
  8
Defpoints
 62
0
440
16777216
100
AcDbPoint
 10
7657.092873263455
 20
15862.37141460027
 30
0.0
  0
POINT
  5
72D
330
694
100
AcDbEntity
  8
Defpoints
 62
0
440
16777216
100
AcDbPoint
 10
7987.092873263455
 20
15862.37141460027
 30
0.0
  0
POINT
  5
72E
330
694
100
AcDbEntity
  8
Defpoints
 62
0
440
16777216
100
AcDbPoint
 10
7987.092873263455
 20
16215.21130412664
 30
0.0
  0
ENDBLK
  5
696
330
694
100
AcDbEntity
  8
0
100
AcDbBlockEnd
  0
BLOCK
  5
6A1
330
6A0
100
AcDbEntity
  8
0
100
AcDbBlockBegin
  2
*D39
 70
1
 10
0.0
 20
0.0
 30
0.0
  3
*D39
  1

  0
LINE
  5
72F
330
6A0
100
AcDbEntity
  8
CIVIL-DIM
 62
1
370
-2
440
16777216
100
AcDbLine
 10
7494.357036960626
 20
6562.371414600038
 30
0.0
 11
7801.451542035072
 21
6562.371414600038
 31
0.0
  0
LINE
  5
730
330
6A0
100
AcDbEntity
  8
CIVIL-DIM
 62
1
370
-2
440
16777216
100
AcDbLine
 10
7494.357036960626
 20
6362.371414600037
 30
0.0
 11
7801.451542035072
 21
6362.371414600037
 31
0.0
  0
LINE
  5
731
330
6A0
100
AcDbEntity
  8
CIVIL-DIM
 62
1
440
16777216
100
AcDbLine
 10
7711.451542035071
 20
6652.371414600037
 30
0.0
 11
7711.451542035071
 21
6272.371414600037
 31
0.0
  0
MTEXT
  5
732
330
6A0
100
AcDbEntity
  8
CIVIL-DIM
 62
2
440
16777216
100
AcDbMText
 10
8011.451541317008
 20
6462.371414600034
 30
0.0
 40
100.0
 41
0.0
 46
0.0
 71
5
  1
15\P(TÍP.)
  7
ARIAL NORMAL 50
 11
1e-16
 21
1.0
 31
0.0
  0
INSERT
  5
733
330
6A0
100
AcDbEntity
  8
CIVIL-DIM
 62
1
440
16777216
100
AcDbBlockReference
  2
_ArchTick
 10
7711.451542035071
 20
6562.371414600038
 30
0.0
 41
75.0
 42
75.0
 43
75.0
 50
90.0
  0
INSERT
  5
734
330
6A0
100
AcDbEntity
  8
CIVIL-DIM
 62
1
440
16777216
100
AcDbBlockReference
  2
_ArchTick
 10
7711.451542035071
 20
6362.371414600037
 30
0.0
 41
75.0
 42
75.0
 43
75.0
 50
270.0
  0
POINT
  5
735
330
6A0
100
AcDbEntity
  8
Defpoints
 62
0
440
16777216
100
AcDbPoint
 10
7394.357036960626
 20
6562.371414600038
 30
0.0
  0
POINT
  5
736
330
6A0
100
AcDbEntity
  8
Defpoints
 62
0
440
16777216
100
AcDbPoint
 10
7394.357036960626
 20
6362.371414600037
 30
0.0
  0
POINT
  5
737
330
6A0
100
AcDbEntity
  8
Defpoints
 62
0
440
16777216
100
AcDbPoint
 10
7711.451542035071
 20
6362.371414600037
 30
0.0
  0
ENDBLK
  5
6A2
330
6A0
100
AcDbEntity
  8
0
100
AcDbBlockEnd
  0
BLOCK
  5
6AD
330
6AC
100
AcDbEntity
  8
0
100
AcDbBlockBegin
  2
*D40
 70
1
 10
0.0
 20
0.0
 30
0.0
  3
*D40
  1

  0
LINE
  5
738
330
6AC
100
AcDbEntity
  8
CIVIL-DIM
 62
1
370
-2
440
16777216
100
AcDbLine
 10
7141.85703696107
 20
6862.371414599912
 30
0.0
 11
7141.85703696107
 21
7205.2113041264
 31
0.0
  0
LINE
  5
739
330
6AC
100
AcDbEntity
  8
CIVIL-DIM
 62
1
370
-2
440
16777216
100
AcDbLine
 10
7421.857036961073
 20
6862.371414600158
 30
0.0
 11
7421.857036961073
 21
7205.2113041264
 31
0.0
  0
LINE
  5
73A
330
6AC
100
AcDbEntity
  8
CIVIL-DIM
 62
1
440
16777216
100
AcDbLine
 10
7051.857036961068
 20
7115.211304126401
 30
0.0
 11
7511.857036961072
 21
7115.211304126401
 31
0.0
  0
MTEXT
  5
73B
330
6AC
100
AcDbEntity
  8
CIVIL-DIM
 62
2
440
16777216
100
AcDbMText
 10
7228.088150332993
 20
7330.2113041264
 30
0.0
 40
100.0
 41
0.0
 46
0.0
 71
5
  1
 %%C28
  7
ARIAL NORMAL 50
  0
INSERT
  5
73C
330
6AC
100
AcDbEntity
  8
CIVIL-DIM
 62
1
440
16777216
100
AcDbBlockReference
  2
_ArchTick
 10
7141.85703696107
 20
7115.211304126401
 30
0.0
 41
75.0
 42
75.0
 43
75.0
 50
180.0
  0
INSERT
  5
73D
330
6AC
100
AcDbEntity
  8
CIVIL-DIM
 62
1
440
16777216
100
AcDbBlockReference
  2
_ArchTick
 10
7421.857036961073
 20
7115.211304126401
 30
0.0
 41
75.0
 42
75.0
 43
75.0
  0
POINT
  5
73E
330
6AC
100
AcDbEntity
  8
Defpoints
 62
0
440
16777216
100
AcDbPoint
 10
7141.85703696107
 20
6762.371414599911
 30
0.0
  0
POINT
  5
73F
330
6AC
100
AcDbEntity
  8
Defpoints
 62
0
440
16777216
100
AcDbPoint
 10
7421.857036961073
 20
6762.371414600157
 30
0.0
  0
POINT
  5
740
330
6AC
100
AcDbEntity
  8
Defpoints
 62
0
440
16777216
100
AcDbPoint
 10
7421.857036961073
 20
7115.211304126401
 30
0.0
  0
ENDBLK
  5
6AE
330
6AC
100
AcDbEntity
  8
0
100
AcDbBlockEnd
  0
BLOCK
  5
6B9
330
6B8
100
AcDbEntity
  8
0
100
AcDbBlockBegin
  2
*D41
 70
1
 10
0.0
 20
0.0
 30
0.0
  3
*D41
  1

  0
LINE
  5
741
330
6B8
100
AcDbEntity
  8
CIVIL-DIM
 62
1
370
-2
440
16777216
100
AcDbLine
 10
5208.906135201736
 20
15812.37141460027
 30
0.0
 11
6055.962305906534
 21
15812.37141460027
 31
0.0
  0
LINE
  5
742
330
6B8
100
AcDbEntity
  8
CIVIL-DIM
 62
1
370
-2
440
16777216
100
AcDbLine
 10
5208.906125206896
 20
17612.37141460027
 30
0.0
 11
6055.962305906534
 21
17612.37141460027
 31
0.0
  0
LINE
  5
743
330
6B8
100
AcDbEntity
  8
CIVIL-DIM
 62
1
440
16777216
100
AcDbLine
 10
5965.962305906534
 20
15722.37141460028
 30
0.0
 11
5965.962305906534
 21
17702.37141460027
 31
0.0
  0
INSERT
  5
744
330
6B8
100
AcDbEntity
  8
CIVIL-DIM
 62
1
440
16777216
100
AcDbBlockReference
  2
_ArchTick
 10
5965.962305906534
 20
15812.37141460027
 30
0.0
 41
75.0
 42
75.0
 43
75.0
 50
270.0
  0
INSERT
  5
745
330
6B8
100
AcDbEntity
  8
CIVIL-DIM
 62
1
440
16777216
100
AcDbBlockReference
  2
_ArchTick
 10
5965.962305906534
 20
17612.37141460027
 30
0.0
 41
75.0
 42
75.0
 43
75.0
 50
90.0
  0
MTEXT
  5
746
330
6B8
100
AcDbEntity
  8
CIVIL-DIM
 62
2
440
16777216
100
AcDbMText
 10
5864.90500713437
 20
16712.37141460027
 30
0.0
 40
100.0
 41
0.0
 46
0.0
 71
5
  1
180
  7
ARIAL NORMAL 50
 11
1e-16
 21
1.0
 31
0.0
  0
POINT
  5
747
330
6B8
100
AcDbEntity
  8
Defpoints
 62
0
440
16777216
100
AcDbPoint
 10
5108.906135201736
 20
15812.37141460027
 30
-4.3078e-12
  0
POINT
  5
748
330
6B8
100
AcDbEntity
  8
Defpoints
 62
0
440
16777216
100
AcDbPoint
 10
5108.906125206896
 20
17612.37141460027
 30
-4.3078e-12
  0
POINT
  5
749
330
6B8
100
AcDbEntity
  8
Defpoints
 62
0
440
16777216
100
AcDbPoint
 10
5965.962305906534
 20
17612.37141460027
 30
0.0
  0
ENDBLK
  5
6BA
330
6B8
100
AcDbEntity
  8
0
100
AcDbBlockEnd
  0
BLOCK
  5
74B
330
74A
100
AcDbEntity
  8
0
100
AcDbBlockBegin
  2
*D42
 70
1
 10
0.0
 20
0.0
 30
0.0
  3
*D42
  1

  0
LINE
  5
74D
330
74A
100
AcDbEntity
  8
CIVIL-DIM
 62
1
370
-2
440
16777216
100
AcDbLine
 10
6457.418386671979
 20
8312.371414600271
 30
0.0
 11
5438.501039464847
 21
8312.371414600271
 31
0.0
  0
LINE
  5
74E
330
74A
100
AcDbEntity
  8
CIVIL-DIM
 62
1
370
-2
440
16777216
100
AcDbLine
 10
6000.429298273685
 20
6812.371414600272
 30
0.0
 11
5438.501039464847
 21
6812.371414600272
 31
0.0
  0
LINE
  5
74F
330
74A
100
AcDbEntity
  8
CIVIL-DIM
 62
1
440
16777216
100
AcDbLine
 10
5528.501039464847
 20
8402.371414600271
 30
0.0
 11
5528.501039464847
 21
6722.371414600272
 31
0.0
  0
INSERT
  5
750
330
74A
100
AcDbEntity
  8
CIVIL-DIM
 62
1
440
16777216
100
AcDbBlockReference
  2
_ArchTick
 10
5528.501039464847
 20
8312.371414600271
 30
0.0
 41
75.0
 42
75.0
 43
75.0
 50
90.0
  0
INSERT
  5
751
330
74A
100
AcDbEntity
  8
CIVIL-DIM
 62
1
440
16777216
100
AcDbBlockReference
  2
_ArchTick
 10
5528.501039464847
 20
6812.371414600272
 30
0.0
 41
75.0
 42
75.0
 43
75.0
 50
270.0
  0
MTEXT
  5
752
330
74A
100
AcDbEntity
  8
CIVIL-DIM
 62
2
440
16777216
100
AcDbMText
 10
5427.443740692679
 20
7562.371414600268
 30
0.0
 40
100.0
 41
0.0
 46
0.0
 71
5
  1
150
  7
ARIAL NORMAL 50
 11
1e-16
 21
1.0
 31
0.0
  0
POINT
  5
753
330
74A
100
AcDbEntity
  8
Defpoints
 62
0
440
16777216
100
AcDbPoint
 10
6557.418386671979
 20
8312.371414600271
 30
0.0
  0
POINT
  5
754
330
74A
100
AcDbEntity
  8
Defpoints
 62
0
440
16777216
100
AcDbPoint
 10
6100.429298273684
 20
6812.371414600272
 30
0.0
  0
POINT
  5
755
330
74A
100
AcDbEntity
  8
Defpoints
 62
0
440
16777216
100
AcDbPoint
 10
5528.501039464847
 20
6812.371414600272
 30
0.0
  0
ENDBLK
  5
74C
330
74A
100
AcDbEntity
  8
0
100
AcDbBlockEnd
  0
BLOCK
  5
89D
330
89C
100
AcDbEntity
  8
0
100
AcDbBlockBegin
  2
*D1
 70
1
 10
0.0
 20
0.0
 30
0.0
  3
*D1
  1

  0
LINE
  5
89F
330
89C
100
AcDbEntity
  8
0
 62
1
100
AcDbLine
 10
-20.0
 20
225.0
 30
0.0
 11
-393.0
 21
225.0
 31
0.0
  0
LINE
  5
8A0
330
89C
100
AcDbEntity
  8
0
 62
1
100
AcDbLine
 10
-20.0
 20
-225.0
 30
0.0
 11
-393.0
 21
-225.0
 31
0.0
  0
INSERT
  5
8A1
330
89C
100
AcDbEntity
  8
0
 62
1
100
AcDbBlockReference
  2
_ArchTick
 10
-375.0
 20
225.0
 30
0.0
 41
15.0
 42
15.0
 50
270.0
  0
INSERT
  5
8A3
330
89C
100
AcDbEntity
  8
0
 62
1
100
AcDbBlockReference
  2
_ArchTick
 10
-375.0
 20
-225.0
 30
0.0
 41
15.0
 42
15.0
 50
90.0
  0
LINE
  5
8A5
330
89C
100
AcDbEntity
  8
0
 62
1
100
AcDbLine
 10
-375.0
 20
225.0
 30
0.0
 11
-375.0
 21
-225.0
 31
0.0
  0
MTEXT
  5
8A6
330
89C
100
AcDbEntity
  8
0
 62
2
100
AcDbMText
 10
-357.5
 20
0.0
 30
0.0
 40
15.0
 71
5
  1
%%c45
  7
80CL-1_10
 50
90.0
  0
POINT
  5
8A7
330
89C
100
AcDbEntity
  8
Defpoints
100
AcDbPoint
 10
-375.0
 20
225.0
 30
0.0
  0
POINT
  5
8A8
330
89C
100
AcDbEntity
  8
Defpoints
100
AcDbPoint
 10
0.0
 20
225.0
 30
0.0
  0
POINT
  5
8A9
330
89C
100
AcDbEntity
  8
Defpoints
100
AcDbPoint
 10
0.0
 20
-225.0
 30
0.0
  0
ENDBLK
  5
89E
330
89C
100
AcDbEntity
  8
0
100
AcDbBlockEnd
  0
BLOCK
  5
8C6
330
8C5
100
AcDbEntity
  8
0
100
AcDbBlockBegin
  2
*D2
 70
1
 10
0.0
 20
0.0
 30
0.0
  3
*D2
  1

  0
LINE
  5
8C8
330
8C5
100
AcDbEntity
  8
0
 62
1
100
AcDbLine
 10
980.0
 20
177.5
 30
0.0
 11
654.5
 21
177.5
 31
0.0
  0
LINE
  5
8C9
330
8C5
100
AcDbEntity
  8
0
 62
1
100
AcDbLine
 10
980.0
 20
-177.5
 30
0.0
 11
654.5
 21
-177.5
 31
0.0
  0
INSERT
  5
8CA
330
8C5
100
AcDbEntity
  8
0
 62
1
100
AcDbBlockReference
  2
_ArchTick
 10
672.5
 20
177.5
 30
0.0
 41
15.0
 42
15.0
 50
270.0
  0
INSERT
  5
8CC
330
8C5
100
AcDbEntity
  8
0
 62
1
100
AcDbBlockReference
  2
_ArchTick
 10
672.5
 20
-177.5
 30
0.0
 41
15.0
 42
15.0
 50
90.0
  0
LINE
  5
8CE
330
8C5
100
AcDbEntity
  8
0
 62
1
100
AcDbLine
 10
672.5
 20
177.5
 30
0.0
 11
672.5
 21
-177.5
 31
0.0
  0
MTEXT
  5
8CF
330
8C5
100
AcDbEntity
  8
0
 62
2
100
AcDbMText
 10
692.5
 20
0.0
 30
0.0
 40
20.0
 71
5
  1
%%c35,5
  7
80CL-1_10
 50
90.0
  0
POINT
  5
8D0
330
8C5
100
AcDbEntity
  8
Defpoints
100
AcDbPoint
 10
672.5
 20
177.5
 30
0.0
  0
POINT
  5
8D1
330
8C5
100
AcDbEntity
  8
Defpoints
100
AcDbPoint
 10
1000.0
 20
177.5
 30
0.0
  0
POINT
  5
8D2
330
8C5
100
AcDbEntity
  8
Defpoints
100
AcDbPoint
 10
1000.0
 20
-177.5
 30
0.0
  0
ENDBLK
  5
8C7
330
8C5
100
AcDbEntity
  8
0
100
AcDbBlockEnd
  0
ENDSEC
  0
SECTION
  2
ENTITIES
  0
HATCH
  5
597
330
1F
100
AcDbEntity
  8
CIVIL-254
100
AcDbHatch
 10
0.0
 20
0.0
 30
0.0
210
0.0
220
0.0
230
1.0
  2
SOLID
 70
1
 71
0
 91
1
 92
1
 93
1
 72
2
 10
4432.457352649019
 20
963.2264914968708
 40
200.0000000000073
 50
0.0
 51
360.0
 73
1
 97
0
 75
1
 76
1
 98
1
 10
4419.826264782368
 20
969.4468279516896
450
0
451
0
460
0.0
461
0.0
452
0
462
1.0
453
2
463
0
 63
5
421
255
463
1
 63
2
421
16776960
470
LINEAR
1001
GradientColor1ACI
1070
5
1001
GradientColor2ACI
1070
2
1001
ACAD
1010
0.0
1020
0.0
1030
0.0
  0
LEADER
  5
598
330
1F
100
AcDbEntity
  8
CIVIL-DIM
100
AcDbLeader
  3
TICK-1_25
 73
3
 76
3
 10
4432.457352649456
 20
1074.345593256767
 30
0.0
 10
4547.595255862073
 20
1165.468518245348
 30
0.0
 10
4621.950179665431
 20
1165.468518245348
 30
0.0
1001
ACAD
1000
DSTYLE
1002
{
1070
41
1040
1.25
1070
147
1040
1.0
1070
77
1070
0
1002
}
  0
TEXT
  5
599
330
1F
100
AcDbEntity
  8
CIVIL-TX2
100
AcDbText
 10
4551.274583253903
 20
1175.388689659476
 30
0.0
 40
20.0
  1
6 N2
  7
ARIAL NORMAL 12.5
100
AcDbText
  0
HATCH
  5
59A
330
1F
100
AcDbEntity
  8
CIVIL-254
100
AcDbHatch
 10
0.0
 20
0.0
 30
0.0
210
0.0
220
0.0
230
1.0
  2
SOLID
 70
1
 71
0
 91
1
 92
7
 72
1
 73
1
 93
2
 10
4690.89828227793
 20
1615.726491497664
 42
1.0
 10
4240.898282277931
 20
1615.726491497664
 42
1.0
 97
0
 75
1
 76
1
 47
1.742157860706917
 98
1
 10
4396.76144622599
 20
1594.942164944319
450
0
451
0
460
0.0
461
0.0
452
0
462
1.0
453
2
463
0
 63
5
421
255
463
1
 63
2
421
16776960
470
LINEAR
1001
GradientColor1ACI
1070
5
1001
GradientColor2ACI
1070
2
1001
ACAD
1010
566731961.1573902
1020
6930177364.943507
1030
0.0
  0
CIRCLE
  5
59B
330
1F
100
AcDbEntity
  8
FERRO_05
100
AcDbCircle
 10
4465.898282278863
 20
1615.726491497664
 30
0.0
 40
165.0
  0
DIMENSION
  5
59C
330
1F
100
AcDbEntity
  8
CIVIL-DIM
100
AcDbDimension
280
0
  2
*D28
  3
TICK-1_10
 10
4191.493324691974
 20
1390.726491497664
 30
0.0
 11
4171.493324691975
 21
1615.726491497663
 31
0.0
 70
32
 71
5
 42
45.00000000000002
 73
0
 74
0
 75
0
  1
%%C<>
100
AcDbAlignedDimension
 13
4465.898282278863
 23
1840.726491497664
 33
0.0
 14
4465.898282278863
 24
1390.726491497664
 34
0.0
 50
90.0
100
AcDbRotatedDimension
  0
DIMENSION
  5
59D
330
1F
100
AcDbEntity
  8
CIVIL-DIM
100
AcDbDimension
280
0
  2
*D29
  3
TICK-1_10
 10
5209.9808115648
 20
1450.726491497664
 30
0.0
 11
5189.9808115648
 21
1615.822751663831
 31
0.0
 70
32
 71
5
 42
33.01925203323374
 73
0
 74
0
 75
0
  1
%%C<>
100
AcDbAlignedDimension
 13
4968.2469160469
 23
1780.919011830001
 33
0.0
 14
4965.898282278863
 24
1450.726491497664
 34
0.0
 50
90.0
100
AcDbRotatedDimension
1001
ACAD
1000
DSTYLE
1002
{
1070
271
1070
0
1002
}
  0
TEXT
  5
59E
330
1F
100
AcDbEntity
  8
CIVIL-TX2
100
AcDbText
 10
4584.715512883263
 20
1944.191043334476
 30
0.0
 40
20.0
  1
6 N1/N2
  7
ARIAL NORMAL 12.5
100
AcDbText
  0
LEADER
  5
59F
330
1F
100
AcDbEntity
  8
CIVIL-DIM
100
AcDbLeader
  3
TICK-1_25
 73
3
 76
3
 10
4465.89828227946
 20
1772.023122949073
 30
0.0
 10
4581.036185491432
 20
1934.270871920346
 30
0.0
 10
4722.899526158765
 20
1934.270871920346
 30
0.0
1001
ACAD
1000
DSTYLE
1002
{
1070
41
1040
1.25
1070
147
1040
1.0
1070
77
1070
0
1002
}
  0
INSERT
  5
5A0
102
{ACAD_REACTORS
330
614
102
}
330
1F
100
AcDbEntity
  8
CIVIL-DIM
100
AcDbBlockReference
  2
*U24
 10
-905793.9176172927
 20
388896.394700962
 30
-4.902e-12
  0
DIMENSION
  5
5A1
330
1F
100
AcDbEntity
  8
CIVIL-DIM
100
AcDbDimension
280
0
  2
*D30
  3
TICK-1_10
 10
4191.493324691986
 20
763.2264914968637
 30
0.0
 11
4171.493324691986
 21
963.2264914968622
 31
0.0
 70
32
 71
5
 42
39.99999999999996
 73
0
 74
0
 75
0
  1
%%C<>
100
AcDbAlignedDimension
 13
4432.457352649023
 23
1163.226491496863
 33
0.0
 14
4432.457352649023
 24
763.2264914968637
 34
0.0
 50
90.0
100
AcDbRotatedDimension
  0
CIRCLE
  5
5A2
330
1F
100
AcDbEntity
  8
FERRO_05
100
AcDbCircle
 10
4965.898282278863
 20
1615.726491497664
 30
0.0
 40
165.0
  0
ARC
  5
5A3
330
1F
100
AcDbEntity
  8
FERRO_05
100
AcDbCircle
 10
4964.3049964872
 20
1679.920364694162
 30
0.0
 40
100.8187173134919
100
AcDbArc
 50
348.8647207835787
 51
89.0944900494736
  0
TEXT
  5
5A4
330
1F
100
AcDbEntity
  8
CIVIL-TX2
100
AcDbText
 10
4878.378192808569
 20
1799.391541896328
 30
0.0
 40
20.0
  1
ESPIRAL N3
  7
ARIAL NORMAL 12.5
100
AcDbText
  0
CIRCLE
  5
5A5
330
1F
100
AcDbEntity
  8
FERRO_05
100
AcDbCircle
 10
4882.457352649023
 20
963.2264914968634
 30
0.0
 40
140.0
  0
ARC
  5
5A6
330
1F
100
AcDbEntity
  8
FERRO_05
100
AcDbCircle
 10
4865.484767801302
 20
977.269769585995
 30
0.0
 40
126.7083107708714
100
AcDbArc
 50
357.6599196934185
 51
83.63120178182056
  0
DIMENSION
  5
5A7
330
1F
100
AcDbEntity
  8
CIVIL-DIM
100
AcDbDimension
280
0
  2
*D31
  3
TICK-1_10
 10
5074.039881934167
 20
823.2264914968638
 30
0.0
 11
5054.039881934166
 21
963.2264914968619
 31
0.0
 70
32
 71
5
 42
27.99999999999996
 73
0
 74
0
 75
0
  1
%%C<>
100
AcDbAlignedDimension
 13
4882.457352649023
 23
1103.226491496863
 33
0.0
 14
4882.457352649023
 24
823.2264914968634
 34
0.0
 50
90.0
100
AcDbRotatedDimension
  0
TEXT
  5
5A8
330
1F
100
AcDbEntity
  8
CIVIL-TX2
100
AcDbText
 10
4796.024482244031
 20
1137.544539405317
 30
0.0
 40
20.0
  1
ESPIRAL N4
  7
ARIAL NORMAL 12.5
100
AcDbText
  0
LINE
  5
5A9
330
1F
100
AcDbEntity
  8
CIVIL-FERRO-VISTA
100
AcDbLine
 10
4474.894849420103
 20
8312.371414602701
 30
0.0
 11
4474.894849420103
 21
3362.371414602704
 31
0.0
  0
LINE
  5
5AA
330
1F
100
AcDbEntity
  8
CIVIL-FERRO-VISTA
100
AcDbLine
 10
4754.894849420105
 20
8312.37141460027
 30
0.0
 11
4754.894849420105
 21
3362.371414600267
 31
0.0
  0
HATCH
  5
5AB
330
1F
100
AcDbEntity
  8
CIVIL-254
100
AcDbHatch
 10
0.0
 20
0.0
 30
0.0
210
0.0
220
0.0
230
1.0
  2
SOLID
 70
1
 71
0
 91
12
 92
7
 72
1
 73
1
 93
10
 10
5108.906124287715
 20
17562.37141460027
 42
0.0
 10
4779.894849419874
 20
17562.37141460027
 42
0.0
 10
4779.894849419874
 20
15912.37141460047
 42
0.0
 10
4839.894849419874
 20
15912.3714146005
 42
0.0
 10
4839.894849419874
 20
15862.37141460027
 42
0.0
 10
5108.906126765762
 20
15862.37141460027
 42
0.0
 10
5108.906074166578
 20
16487.22983350618
 42
-0.5773502881393121
 10
5181.652222587128
 20
16529.22984728706
 42
0.0
 10
5036.159967962074
 20
16613.22985080307
 42
0.5773502699198354
 10
5108.906074166579
 20
16655.22982933737
 42
0.0
 97
0
 92
7
 72
0
 73
1
 93
4
 10
5108.906126765762
 20
15862.37141460027
 10
4839.894849419874
 20
15862.37141460027
 10
4839.894849419874
 20
15812.37141460027
 10
5108.906130974649
 20
15812.37141460027
 97
0
 92
23
 72
0
 73
1
 93
4
 10
4839.894849419874
 20
15912.3714146005
 10
4779.894849419874
 20
15912.37141460047
 10
4779.894849419874
 20
15862.37141460027
 10
4839.894849419874
 20
15862.37141460027
 97
0
 92
23
 72
0
 73
1
 93
4
 10
4839.894849419874
 20
15862.37141460027
 10
4779.894849419874
 20
15862.37141460027
 10
4779.894849419874
 20
15812.37141460027
 10
4839.894849419874
 20
15812.37141460027
 97
0
 92
23
 72
0
 73
1
 93
4
 10
4779.894849419874
 20
15862.37141460027
 10
4449.894849419875
 20
15862.37141460027
 10
4614.894849419874
 20
15812.37141460027
 10
4779.894849419874
 20
15812.37141460027
 97
0
 92
23
 72
0
 73
1
 93
4
 10
4779.894849419874
 20
15912.37141460047
 10
4449.894849419874
 20
15912.3714146003
 10
4449.894849419874
 20
15862.37141460027
 10
4779.894849419874
 20
15862.37141460027
 97
0
 92
22
 72
0
 73
1
 93
4
 10
4449.894849419874
 20
15912.3714146003
 10
4389.894849419873
 20
15912.37141460027
 10
4389.894849419873
 20
15862.37141460027
 10
4449.894849419874
 20
15862.37141460027
 97
0
 92
23
 72
0
 73
1
 93
4
 10
4449.894849419874
 20
15862.37141460027
 10
4389.894849419873
 20
15862.37141460027
 10
4389.894849419873
 20
15812.37141460027
 10
4449.894849419874
 20
15812.37141460027
 97
0
 92
6
 72
0
 73
1
 93
3
 10
4449.894849419874
 20
15862.37141460027
 10
4449.894849419874
 20
15812.37141460027
 10
4614.894849419874
 20
15812.37141460027
 97
0
 92
7
 72
0
 73
1
 93
8
 10
4389.894849419873
 20
15862.37141460027
 10
4164.994761966855
 20
15862.37141460027
 10
4167.789523751726
 20
17562.37141460027
 10
5108.906124287715
 20
17562.37141460027
 10
5108.906127050301
 20
17612.37141460027
 10
4117.889237046521
 20
17612.37141460027
 10
4114.894849419874
 20
15812.37141460027
 10
4389.894849419873
 20
15812.37141460027
 97
0
 92
23
 72
0
 73
1
 93
6
 10
4449.894849419874
 20
17562.37141460027
 10
4167.789523751726
 20
17562.37141460027
 10
4164.994761966855
 20
15862.37141460027
 10
4389.894849419873
 20
15862.37141460027
 10
4389.894849419873
 20
15912.37141460027
 10
4449.894849419874
 20
15912.3714146003
 97
0
 92
23
 72
0
 73
1
 93
4
 10
4779.894849419874
 20
17562.37141460027
 10
4449.894849419874
 20
17562.37141460027
 10
4449.894849419874
 20
15912.3714146003
 10
4779.894849419874
 20
15912.37141460047
 97
0
 75
1
 76
1
 47
2.179302879248941
 98
12
 10
4969.203109209821
 20
16963.46676277485
 10
4945.318938224856
 20
15839.8723746188
 10
4816.300541154447
 20
15886.00086644882
 10
4823.090799043234
 20
15843.9424386809
 10
4669.626774136489
 20
15841.2290626395
 10
4669.626774136489
 20
15868.36343367918
 10
4433.318932410085
 20
15872.43361986642
 10
4423.812317025196
 20
15838.51556447297
 10
4479.493830586655
 20
15834.44537828574
 10
4316.523190294963
 20
15837.15887645227
 10
4296.151780777075
 20
16009.46252946092
 10
4689.997865728673
 20
16143.7779408889
450
0
451
0
460
0.0
461
0.0
452
0
462
0.0
453
2
463
0
 63
5
421
255
463
1
 63
2
421
16776960
470
LINEAR
1001
GradientColor1ACI
1070
5
1001
GradientColor2ACI
1070
2
1001
ACAD
1010
0.0
1020
0.0
1030
0.0
  0
LINE
  5
5AC
330
1F
100
AcDbEntity
  8
CIVIL-FERRO-VISTA
100
AcDbLine
 10
4449.894849419874
 20
17562.37141460027
 30
0.0
 11
4449.894849419872
 21
6812.371414599979
 31
0.0
  0
LINE
  5
5AD
330
1F
100
AcDbEntity
  8
CIVIL-FERRO-VISTA
100
AcDbLine
 10
4779.894849419874
 20
17562.37141460027
 30
0.0
 11
4779.894849419878
 21
6812.371414600268
 31
0.0
  0
LWPOLYLINE
  5
5AE
330
1F
100
AcDbEntity
  8
CIVIL-02
100
AcDbPolyline
 90
4
 70
0
 10
5111.900461793226
 20
17612.37141460027
 10
4117.889237046521
 20
17612.37141460027
 10
4114.894849419874
 20
15812.37141460027
 10
5108.906135201735
 20
15812.37141460027
  0
LWPOLYLINE
  5
5AF
330
1F
100
AcDbEntity
  8
CIVIL-02-PROJ
 48
5.0
100
AcDbPolyline
 90
4
 70
0
 10
4389.894849419873
 20
15812.37141460027
 10
4389.894849419873
 20
15912.37141460027
 10
4839.894849419874
 20
15912.3714146005
 10
4839.894849419874
 20
15812.3714146005
  0
DIMENSION
  5
5B0
330
1F
100
AcDbEntity
  8
CIVIL-DIM
100
AcDbDimension
280
0
  2
*D32
  3
TICK-1_50
 10
5611.931359651797
 20
17562.37141460027
 30
4.3078e-12
 11
5510.874060879633
 21
16737.37141460039
 31
4.3078e-12
 70
32
 71
5
 42
164.9999999999767
 73
0
 74
0
 75
0
100
AcDbAlignedDimension
 13
4819.894849419874
 23
15912.3714146005
 33
0.0
 14
4779.894849419874
 24
17562.37141460027
 34
0.0
 50
90.0
100
AcDbRotatedDimension
  0
LWPOLYLINE
  5
5B1
330
1F
100
AcDbEntity
  8
CIVIL-1
100
AcDbPolyline
 90
8
 70
0
 10
5108.906135201735
 20
15762.15524204172
 10
5108.906074166578
 20
16487.22984361246
 42
-0.5773502691893571
 10
5181.652228951734
 20
16529.22984361246
 10
5264.790717721269
 20
16481.22984361246
 10
4953.021552682203
 20
16661.22984361246
 10
5036.159980416578
 20
16613.22984361246
 42
0.5773502691903831
 10
5108.906074166578
 20
16655.22984361246
 10
5108.906135201735
 20
17759.9040598656
  0
DIMENSION
  5
5B2
330
1F
100
AcDbEntity
  8
CIVIL-DIM
100
AcDbDimension
280
0
  2
*D33
  3
TICK-1_50
 10
5611.931359651778
 20
15812.37141460027
 30
0.0
 11
5611.931359651784
 21
15545.62516630559
 31
0.0
 70
160
 71
5
 42
10.0
 73
0
 74
0
 75
0
100
AcDbAlignedDimension
 13
5108.906135201735
 23
15912.37141460027
 33
4.3078e-12
 14
5108.906135201735
 24
15812.37141460027
 34
0.0
 50
90.0
100
AcDbRotatedDimension
1001
ACAD
1000
DSTYLE
1002
{
1070
279
1070
0
1002
}
  0
LINE
  5
5B3
330
1F
100
AcDbEntity
  8
CIVIL-DIM
100
AcDbLine
 10
5701.931359653645
 20
15912.37141460027
 30
4.3078e-12
 11
5988.598482934111
 21
15912.37141460027
 31
0.0
  0
DIMENSION
  5
5B4
330
1F
100
AcDbEntity
  8
CIVIL-DIM
100
AcDbDimension
280
0
  2
*D34
  3
TICK-1_50
 10
5408.292419985222
 20
3362.371414600268
 30
-9.44669e-11
 11
5408.292419985222
 21
3079.219982130962
 31
-9.44669e-11
 70
160
 71
5
 42
4.999999999999952
 73
0
 74
0
 75
0
100
AcDbAlignedDimension
 13
4767.394849419874
 23
3312.371414600267
 33
-9.44669e-11
 14
6557.418386670112
 24
3362.371414600267
 34
-9.44669e-11
 50
90.0
100
AcDbRotatedDimension
1001
ACAD
1000
DSTYLE
1002
{
1070
279
1070
0
1002
}
  0
LWPOLYLINE
  5
5B5
102
{ACAD_REACTORS
330
5DC
102
}
330
1F
100
AcDbEntity
  8
CIVIL-FERRO-VISTA
100
AcDbPolyline
 90
2
 70
0
 10
6557.418386670112
 20
3362.371414600267
 10
6557.418386671975
 20
8312.37141460027
  0
TEXT
  5
5B6
330
1F
100
AcDbEntity
  8
CIVIL-TX2
100
AcDbText
 10
6498.883066835471
 20
5272.162311972613
 30
0.0
 40
100.0
  1
N2-6%%C20-495
 50
90.0
  7
ARIAL NORMAL 50
100
AcDbText
  0
TEXT
  5
5B7
330
1F
100
AcDbEntity
  8
CIVIL-TX2
100
AcDbText
 10
6040.178020323473
 20
11454.94466248677
 30
0.0
 40
100.0
  1
N1-6%%C20-1095
 50
90.0
  7
ARIAL NORMAL 50
100
AcDbText
  0
LWPOLYLINE
  5
5B8
330
1F
100
AcDbEntity
  8
CIVIL-FERRO-VISTA
 62
3
100
AcDbPolyline
 90
93
 70
0
 10
4779.894849419874
 20
15862.37141460027
 10
4449.894849419874
 20
15862.37141460027
 10
4779.894849419874
 20
15762.37141460027
 10
4449.894849419874
 20
15662.37141460027
 10
4779.894849419874
 20
15562.37141460027
 10
4449.894849419874
 20
15462.37141460027
 10
4779.894849419874
 20
15362.37141460027
 10
4449.894849419874
 20
15262.37141460027
 10
4779.894849419874
 20
15162.37141460027
 10
4449.894849419874
 20
15062.37141460027
 10
4779.894849419874
 20
14962.37141460027
 10
4449.894849419874
 20
14862.37141460027
 10
4779.894849419874
 20
14762.37141460027
 10
4449.894849419874
 20
14662.37141460027
 10
4779.894849419874
 20
14562.37141460027
 10
4449.894849419874
 20
14462.37141460027
 10
4779.894849419874
 20
14362.37141460027
 10
4449.894849419874
 20
14262.37141460027
 10
4779.894849419874
 20
14162.37141460027
 10
4449.894849419874
 20
14062.37141460027
 10
4779.894849419874
 20
13962.37141460027
 10
4449.894849419874
 20
13862.37141460027
 10
4779.894849419874
 20
13762.37141460027
 10
4449.894849419874
 20
13662.37141460027
 10
4779.894849419874
 20
13562.37141460027
 10
4449.894849419874
 20
13462.37141460027
 10
4779.894849419874
 20
13362.37141460027
 10
4449.894849419874
 20
13262.37141460027
 10
4779.894849419874
 20
13162.37141460027
 10
4449.894849419874
 20
13062.37141460027
 10
4779.894849419874
 20
12962.37141460027
 10
4449.894849419874
 20
12862.37141460027
 10
4779.894849419874
 20
12762.37141460027
 10
4449.894849419874
 20
12662.37141460027
 10
4779.894849419874
 20
12562.37141460027
 10
4449.894849419874
 20
12462.37141460027
 10
4779.894849419874
 20
12362.37141460027
 10
4449.894849419874
 20
12262.37141460027
 10
4779.894849419874
 20
12162.37141460027
 10
4449.894849419874
 20
12062.37141460027
 10
4779.894849419874
 20
11962.37141460027
 10
4449.894849419874
 20
11862.37141460027
 10
4779.894849419874
 20
11762.37141460027
 10
4449.894849419874
 20
11662.37141460027
 10
4779.894849419874
 20
11562.37141460027
 10
4449.894849419874
 20
11462.37141460027
 10
4779.894849419874
 20
11362.37141460027
 10
4449.894849419874
 20
11262.37141460027
 10
4779.894849419874
 20
11162.37141460027
 10
4449.894849419874
 20
11062.37141460027
 10
4779.894849419874
 20
10962.37141460027
 10
4449.894849419874
 20
10862.37141460027
 10
4779.894849419874
 20
10762.37141460027
 10
4449.894849419874
 20
10662.37141460027
 10
4779.894849419874
 20
10562.37141460026
 10
4449.894849419874
 20
10462.37141460026
 10
4779.894849419874
 20
10362.37141460026
 10
4449.894849419874
 20
10262.37141460026
 10
4779.894849419874
 20
10162.37141460026
 10
4449.894849419874
 20
10062.37141460026
 10
4779.894849419874
 20
9962.371414600266
 10
4449.894849419874
 20
9862.371414600266
 10
4779.894849419874
 20
9762.371414600266
 10
4449.894849419874
 20
9662.371414600266
 10
4779.894849419874
 20
9562.371414600264
 10
4449.894849419874
 20
9462.371414600266
 10
4779.894849419874
 20
9362.371414600266
 10
4449.894849419874
 20
9262.371414600266
 10
4779.894849419874
 20
9162.371414600262
 10
4449.894849419874
 20
9062.371414600264
 10
4779.894849419874
 20
8962.371414600266
 10
4449.894849419874
 20
8862.371414600266
 10
4779.894849419874
 20
8762.37141460027
 10
4449.894849419874
 20
8662.37141460027
 10
4779.894849419874
 20
8562.37141460027
 10
4449.894849419874
 20
8462.371414600268
 10
4779.894849419874
 20
8362.37141460027
 10
4449.894849419874
 20
8262.37141460027
 10
4779.894849419874
 20
8162.371414600269
 10
4449.894849419874
 20
8062.371414600269
 10
4779.894849419874
 20
7962.371414600268
 10
4449.894849419874
 20
7862.371414600268
 10
4779.894849419874
 20
7762.371414600266
 10
4449.894849419874
 20
7662.371414600269
 10
4779.894849419874
 20
7562.371414600268
 10
4449.894849419874
 20
7462.371414600268
 10
4779.894849419874
 20
7362.371414600268
 10
4449.894849419874
 20
7262.371414600266
 10
4779.894849419874
 20
7162.371414600269
 10
4449.894849419874
 20
7062.371414600268
 10
4779.894849419874
 20
6962.371414600268
 10
4449.894849419872
 20
6812.371414599979
 10
4779.894849419878
 20
6812.371414600268
  0
TEXT
  5
5B9
330
1F
100
AcDbEntity
  8
CIVIL-TX2
100
AcDbText
 10
7400.298905563096
 20
10656.43689891132
 30
0.0
 40
100.0
  1
N3-1%%C6,3-CORRIDO
 50
90.0
  7
ARIAL NORMAL 50
 72
1
 11
7350.298905563096
 21
11312.37141460027
 31
0.0
100
AcDbText
 73
2
  0
TEXT
  5
5BA
330
1F
100
AcDbEntity
  8
CIVIL-TX2
 62
2
100
AcDbText
 10
7116.382245256534
 20
4987.462365032203
 30
0.0
 40
100.0
  1
(ESPIRAL)
 50
90.0
  7
ARIAL NORMAL 50
 72
1
 11
7066.382245256534
 21
5329.038081266855
 31
0.0
100
AcDbText
 73
2
  0
TEXT
  5
5BB
330
1F
100
AcDbEntity
  8
CIVIL-TX2
100
AcDbText
 10
6971.053626794549
 20
4673.103565577905
 30
0.0
 40
100.0
  1
N4-1%%C6,3-CORRIDO
 50
90.0
  7
ARIAL NORMAL 50
 72
1
 11
6921.05362679455
 21
5329.038081266855
 31
0.0
100
AcDbText
 73
2
  0
INSERT
  5
5BC
330
1F
100
AcDbEntity
  8
CIVIL-253
100
AcDbBlockReference
  2
Rocha_2
 10
4586.704356886726
 20
3311.683206915251
 30
-3.74999e-11
 41
500.0
 42
500.0
 43
500.0
  0
INSERT
  5
5BD
330
1F
100
AcDbEntity
  8
CIVIL-253
100
AcDbBlockReference
  2
Rocha_2
 10
4181.288626233396
 20
3311.683206915251
 30
-3.74999e-11
 41
500.0
 42
500.0
 43
500.0
  0
INSERT
  5
5BE
330
1F
100
AcDbEntity
  8
CIVIL-253
100
AcDbBlockReference
  2
ROCHA_3
 10
4395.772915414116
 20
4599.522288635466
 30
0.0
 41
500.0
 42
500.0
 43
500.0
 50
270.0
  0
INSERT
  5
5BF
330
1F
100
AcDbEntity
  8
CIVIL-253
100
AcDbBlockReference
  2
ROCHA_3
 10
4395.772915414116
 20
5360.040036591795
 30
0.0
 41
500.0
 42
500.0
 43
500.0
 50
270.0
  0
INSERT
  5
5C0
330
1F
100
AcDbEntity
  8
CIVIL-253
100
AcDbBlockReference
  2
ROCHA_3
 10
4395.772915414116
 20
6081.642130144034
 30
0.0
 41
500.0
 42
500.0
 43
500.0
 50
270.0
  0
INSERT
  5
5C1
330
1F
100
AcDbEntity
  8
CIVIL-253
100
AcDbBlockReference
  2
ROCHA_3
 10
4396.229613008588
 20
6779.864246485903
 30
0.0
 41
500.0
 42
500.0
 43
500.0
 50
270.0
  0
INSERT
  5
5C2
330
1F
100
AcDbEntity
  8
CIVIL-253
100
AcDbBlockReference
  2
ROCHA_3
 10
4832.572730400703
 20
4599.522288635466
 30
0.0
 41
-500.0
 42
500.0
 43
500.0
 50
89.99999999999991
  0
INSERT
  5
5C3
330
1F
100
AcDbEntity
  8
CIVIL-253
100
AcDbBlockReference
  2
ROCHA_3
 10
4832.572730400703
 20
5360.040036591795
 30
0.0
 41
-500.0
 42
500.0
 43
500.0
 50
89.99999999999991
  0
INSERT
  5
5C4
330
1F
100
AcDbEntity
  8
CIVIL-253
100
AcDbBlockReference
  2
ROCHA_3
 10
4832.572730400703
 20
6081.642130144034
 30
0.0
 41
-500.0
 42
500.0
 43
500.0
 50
89.99999999999991
  0
INSERT
  5
5C5
330
1F
100
AcDbEntity
  8
CIVIL-253
100
AcDbBlockReference
  2
ROCHA_3
 10
4832.572730400703
 20
6780.384035545496
 30
0.0
 41
-500.0
 42
500.0
 43
500.0
 50
89.99999999999991
  0
LEADER
  5
5C6
330
1F
100
AcDbEntity
  8
CIVIL-DIM
100
AcDbLeader
  3
TICK-1_75
 73
3
 76
3
 10
4114.894849419874
 20
16466.25700736358
 30
4.3078e-12
 10
3645.681988292654
 20
16466.25700736358
 30
4.3078e-12
 10
3309.437180052793
 20
16466.25700736358
 30
4.3078e-12
  0
TEXT
  5
5C7
330
1F
100
AcDbEntity
  8
CIVIL-TX2
100
AcDbText
 10
3331.91145160456
 20
16511.61272727909
 30
0.0
 40
100.0
  1
BLOCO
  7
ARIAL NORMAL 50
100
AcDbText
  0
MTEXT
  5
5C8
330
1F
100
AcDbEntity
  8
ES_TEXTO
100
AcDbMText
 10
2634.774231882115
 20
18070.78224984123
 30
0.0
 40
100.0
 41
0.0
 46
0.0
 71
5
  1
\pxql;{\H1.5x;ESTACA RAIZ %%C450mm/400mm - E5 A E14 (10x)}
  7
ARIAL NORMAL
 11
0.9999999996981483
 21
2.45703817847e-05
 31
0.0
1001
AcadAnnotative
1000
AnnotativeData
1002
{
1070
1
1070
0
1002
}
  0
DIMENSION
  5
5C9
330
1F
100
AcDbEntity
  8
CIVIL-DIM
100
AcDbDimension
280
0
  2
*D35
  3
TICK-1_50
 10
3614.894849405942
 20
15812.37141460027
 30
4.3078e-12
 11
3614.894849405944
 21
11312.37141460027
 31
4.3078e-12
 70
32
 71
5
 42
900.0000000000005
 73
0
 74
0
 75
0
  1
<>\X(VER NOTA 9)
100
AcDbAlignedDimension
 13
4409.894849419873
 23
6812.371414600268
 33
0.0
 14
4114.894849419874
 24
15812.37141460027
 34
0.0
 50
90.0
100
AcDbRotatedDimension
1001
ACAD
1000
DSTYLE
1002
{
1070
340
1005
508
1002
}
  0
DIMENSION
  5
5CA
330
1F
100
AcDbEntity
  8
CIVIL-DIM
100
AcDbDimension
280
0
  2
*D36
  3
TICK-1_50
 10
3614.894849404049
 20
6812.37141460027
 30
0.0
 11
3513.803444219875
 21
5062.371414600266
 31
0.0
 70
32
 71
5
 42
350.0000000000003
 73
0
 74
0
 75
0
100
AcDbAlignedDimension
 13
4437.394849419874
 23
3312.371414600265
 33
0.0
 14
4409.560515787734
 24
6812.371414600268
 34
0.0
 50
90.0
100
AcDbRotatedDimension
  0
DIMENSION
  5
5CB
330
1F
100
AcDbEntity
  8
CIVIL-DIM
100
AcDbDimension
280
0
  2
*D37
  3
TICK-1_50
 10
8304.187378337905
 20
15562.37141460028
 30
0.0
 11
8604.187377619843
 21
15662.37141460027
 31
0.0
 70
160
 71
5
 42
20.0
 73
0
 74
0
 75
0
  1
15\P(TÍP.)
100
AcDbAlignedDimension
 13
7987.092873263455
 23
15762.37141460027
 33
0.0
 14
7987.092873263455
 24
15562.37141460027
 34
0.0
 50
90.0
100
AcDbRotatedDimension
  0
DIMENSION
  5
5CC
330
1F
100
AcDbEntity
  8
CIVIL-DIM
100
AcDbDimension
280
0
  2
*D38
  3
TICK-1_50
 10
7987.092873263455
 20
16215.21130412664
 30
0.0
 11
7820.823986635827
 21
16430.21130412663
 31
0.0
 70
160
 71
5
 42
33.0
 73
0
 74
0
 75
0
  1
 %%C<>
100
AcDbAlignedDimension
 13
7657.092873263455
 23
15862.37141460027
 33
0.0
 14
7987.092873263455
 24
15862.37141460027
 34
0.0
 50
0.0
100
AcDbRotatedDimension
  0
TEXT
  5
5CD
330
1F
100
AcDbEntity
  8
CIVIL-TX2
 62
2
100
AcDbText
 10
7545.62752402509
 20
10970.79569836562
 30
0.0
 40
100.0
  1
(ESPIRAL)
 50
90.0
  7
ARIAL NORMAL 50
 72
1
 11
7495.62752402509
 21
11312.37141460027
 31
0.0
100
AcDbText
 73
2
  0
LWPOLYLINE
  5
5CE
330
1F
100
AcDbEntity
  8
CIVIL-FERRO-VISTA
 62
3
100
AcDbPolyline
 90
93
 70
0
 10
7987.092873263455
 20
15862.37141460027
 10
7657.092873263455
 20
15862.37141460027
 10
7987.092873263455
 20
15762.37141460027
 10
7657.092873263455
 20
15662.37141460027
 10
7987.092873263455
 20
15562.37141460027
 10
7657.092873263455
 20
15462.37141460027
 10
7987.092873263455
 20
15362.37141460027
 10
7657.092873263455
 20
15262.37141460027
 10
7987.092873263455
 20
15162.37141460027
 10
7657.092873263455
 20
15062.37141460027
 10
7987.092873263455
 20
14962.37141460027
 10
7657.092873263455
 20
14862.37141460027
 10
7987.092873263455
 20
14762.37141460027
 10
7657.092873263455
 20
14662.37141460027
 10
7987.092873263455
 20
14562.37141460027
 10
7657.092873263455
 20
14462.37141460027
 10
7987.092873263455
 20
14362.37141460027
 10
7657.092873263455
 20
14262.37141460027
 10
7987.092873263455
 20
14162.37141460027
 10
7657.092873263455
 20
14062.37141460027
 10
7987.092873263455
 20
13962.37141460027
 10
7657.092873263455
 20
13862.37141460027
 10
7987.092873263455
 20
13762.37141460027
 10
7657.092873263455
 20
13662.37141460027
 10
7987.092873263455
 20
13562.37141460027
 10
7657.092873263455
 20
13462.37141460027
 10
7987.092873263455
 20
13362.37141460027
 10
7657.092873263455
 20
13262.37141460027
 10
7987.092873263455
 20
13162.37141460027
 10
7657.092873263455
 20
13062.37141460027
 10
7987.092873263455
 20
12962.37141460027
 10
7657.092873263455
 20
12862.37141460027
 10
7987.092873263455
 20
12762.37141460027
 10
7657.092873263455
 20
12662.37141460027
 10
7987.092873263455
 20
12562.37141460027
 10
7657.092873263455
 20
12462.37141460027
 10
7987.092873263455
 20
12362.37141460027
 10
7657.092873263455
 20
12262.37141460027
 10
7987.092873263455
 20
12162.37141460027
 10
7657.092873263455
 20
12062.37141460027
 10
7987.092873263455
 20
11962.37141460027
 10
7657.092873263455
 20
11862.37141460027
 10
7987.092873263455
 20
11762.37141460027
 10
7657.092873263455
 20
11662.37141460027
 10
7987.092873263455
 20
11562.37141460027
 10
7657.092873263455
 20
11462.37141460027
 10
7987.092873263455
 20
11362.37141460027
 10
7657.092873263455
 20
11262.37141460027
 10
7987.092873263455
 20
11162.37141460027
 10
7657.092873263455
 20
11062.37141460027
 10
7987.092873263455
 20
10962.37141460027
 10
7657.092873263455
 20
10862.37141460027
 10
7987.092873263455
 20
10762.37141460027
 10
7657.092873263455
 20
10662.37141460027
 10
7987.092873263455
 20
10562.37141460026
 10
7657.092873263455
 20
10462.37141460026
 10
7987.092873263455
 20
10362.37141460026
 10
7657.092873263455
 20
10262.37141460026
 10
7987.092873263455
 20
10162.37141460026
 10
7657.092873263455
 20
10062.37141460026
 10
7987.092873263455
 20
9962.371414600266
 10
7657.092873263455
 20
9862.371414600266
 10
7987.092873263455
 20
9762.371414600266
 10
7657.092873263455
 20
9662.371414600266
 10
7987.092873263455
 20
9562.371414600264
 10
7657.092873263455
 20
9462.371414600266
 10
7987.092873263455
 20
9362.371414600266
 10
7657.092873263455
 20
9262.371414600266
 10
7987.092873263455
 20
9162.371414600262
 10
7657.092873263455
 20
9062.371414600264
 10
7987.092873263455
 20
8962.371414600266
 10
7657.092873263455
 20
8862.371414600266
 10
7987.092873263455
 20
8762.37141460027
 10
7657.092873263455
 20
8662.37141460027
 10
7987.092873263455
 20
8562.37141460027
 10
7657.092873263455
 20
8462.371414600268
 10
7987.092873263455
 20
8362.37141460027
 10
7657.092873263455
 20
8262.37141460027
 10
7987.092873263455
 20
8162.371414600269
 10
7657.092873263455
 20
8062.371414600269
 10
7987.092873263455
 20
7962.371414600268
 10
7657.092873263455
 20
7862.371414600268
 10
7987.092873263455
 20
7762.371414600266
 10
7657.092873263455
 20
7662.371414600269
 10
7987.092873263455
 20
7562.371414600268
 10
7657.092873263455
 20
7462.371414600268
 10
7987.092873263455
 20
7362.371414600268
 10
7657.092873263455
 20
7262.371414600266
 10
7987.092873263455
 20
7162.371414600269
 10
7657.092873263455
 20
7062.371414600268
 10
7987.092873263455
 20
6962.371414600268
 10
7657.092873263455
 20
6862.371414600268
 10
7987.092873263455
 20
6862.371414600268
  0
DIMENSION
  5
5CF
330
1F
100
AcDbEntity
  8
CIVIL-DIM
100
AcDbDimension
280
0
  2
*D39
  3
TICK-1_50
 10
7711.451542035071
 20
6362.371414600037
 30
0.0
 11
8011.451541317008
 21
6462.371414600034
 31
0.0
 70
160
 71
5
 42
20.0
 73
0
 74
0
 75
0
  1
15\P(TÍP.)
100
AcDbAlignedDimension
 13
7394.357036960625
 23
6562.371414600034
 33
0.0
 14
7394.357036960625
 24
6362.371414600033
 34
0.0
 50
90.0
100
AcDbRotatedDimension
  0
DIMENSION
  5
5D0
330
1F
100
AcDbEntity
  8
CIVIL-DIM
100
AcDbDimension
280
0
  2
*D40
  3
TICK-1_50
 10
7421.857036961073
 20
7115.211304126401
 30
0.0
 11
7228.088150332993
 21
7330.2113041264
 31
0.0
 70
160
 71
5
 42
28.00000000000038
 73
0
 74
0
 75
0
  1
 %%C<>
100
AcDbAlignedDimension
 13
7141.85703696107
 23
6762.371414599911
 33
0.0
 14
7421.857036961073
 24
6762.371414600157
 34
0.0
 50
0.0
100
AcDbRotatedDimension
1001
ACAD
1000
DSTYLE
1002
{
1070
271
1070
2
1070
340
1005
508
1002
}
  0
CIRCLE
  5
5D1
330
1F
100
AcDbEntity
  8
FORMA_02
100
AcDbCircle
 10
4465.898282278863
 20
1615.726491497664
 30
0.0
 40
225.0
  0
CIRCLE
  5
5D2
330
1F
100
AcDbEntity
  8
FORMA_02
100
AcDbCircle
 10
4432.457352649023
 20
963.2264914968634
 30
0.0
 40
200.0
  0
CIRCLE
  5
5D3
330
1F
100
AcDbEntity
  8
FERRO_05
100
AcDbCircle
 10
4432.457352649023
 20
963.2264914968634
 30
0.0
 40
140.0
  0
LWPOLYLINE
  5
5D4
330
1F
100
AcDbEntity
  8
CIVIL-02
100
AcDbPolyline
 90
8
 70
0
 10
4389.894849419873
 20
15812.37141460027
 10
4389.894849419873
 20
6812.371414600247
 10
4414.894849419875
 20
6812.371414600068
 10
4414.894849420337
 20
3312.37141460021
 10
4814.894849420338
 20
3312.37141460032
 10
4814.894849419875
 20
6812.371414600176
 10
4839.894849419874
 20
6812.371414600268
 10
4839.894849419874
 20
15812.37141460027
  0
DIMENSION
  5
5D5
330
1F
100
AcDbEntity
  8
CIVIL-DIM
100
AcDbDimension
280
0
  2
*D41
  3
TICK-1_50
 10
5965.962305906534
 20
17612.37141460027
 30
4.3078e-12
 11
5864.90500713437
 21
16712.37141460027
 31
4.3078e-12
 70
32
 71
5
 42
180.0
 73
0
 74
0
 75
0
100
AcDbAlignedDimension
 13
5108.906135201735
 23
15812.37141460027
 33
0.0
 14
5108.906125206894
 24
17612.37141460027
 34
0.0
 50
90.0
100
AcDbRotatedDimension
  0
LEADER
  5
5D6
330
1F
100
AcDbEntity
  8
CIVIL-DIM
100
AcDbLeader
  3
TICK-1_75
 73
3
 76
3
 10
4167.789523751726
 20
16762.37141460027
 30
4.3078e-12
 10
3845.681988292654
 20
16943.63114285197
 30
4.3078e-12
 10
2209.437180052792
 20
16943.63114285197
 30
4.3078e-12
  0
TEXT
  5
5D7
330
1F
100
AcDbEntity
  8
CIVIL-TX2
100
AcDbText
 10
2231.91145160456
 20
16988.98686276748
 30
0.0
 40
100.0
  1
ARMADURA DO BLOCO
  7
ARIAL NORMAL 50
100
AcDbText
  0
LWPOLYLINE
  5
5D8
102
{ACAD_REACTORS
330
5DC
102
}
330
1F
100
AcDbEntity
  8
CIVIL-FERRO-VISTA
100
AcDbPolyline
 90
3
 70
0
 10
6100.429298273684
 20
6812.371414600268
 10
6098.71334016283
 20
17612.37141460027
 10
6248.713340162829
 20
17612.37141460027
  0
TEXT
  5
5D9
330
1F
100
AcDbEntity
  8
CIVIL-TX2
100
AcDbText
 10
6250.972191237582
 20
11753.39139391109
 30
0.0
 40
100.0
  1
1080
 50
90.0
  7
ARIAL NORMAL 50
100
AcDbText
  0
DIMENSION
  5
5DA
102
{ACAD_XDICTIONARY
360
5DB
102
}
102
{ACAD_REACTORS
330
5DC
102
}
330
1F
100
AcDbEntity
  8
CIVIL-DIM
100
AcDbDimension
280
0
  2
*D42
  3
TICK-1_50
 10
5528.501039464847
 20
6812.371414600272
 30
0.0
 11
5427.443740692679
 21
7562.371414600268
 31
0.0
 70
32
 71
5
 42
149.9999999999998
 73
0
 74
0
 75
0
100
AcDbAlignedDimension
 13
6557.418386671975
 23
8312.37141460027
 33
0.0
 14
6100.429298273684
 24
6812.371414600268
 34
0.0
 50
90.0
100
AcDbRotatedDimension
1001
ACAD
1000
DSTYLE
1002
{
1070
347
1005
0
1070
346
1005
0
1070
345
1005
0
1070
340
1005
508
1070
341
1005
0
1002
}
  0
INSERT
  5
5DD
330
1F
100
AcDbEntity
  8
0
100
AcDbBlockReference
  2
G$CFA953293
 10
4395.772915413206
 20
3849.522288635467
 30
0.0
  0
INSERT
  5
5DE
330
1F
100
AcDbEntity
  8
0
100
AcDbBlockReference
  2
G$CFA953293
 10
4832.572730400706
 20
3849.522288635467
 30
0.0
 41
-1.0
  0
LWPOLYLINE
  5
5DF
330
1F
100
AcDbEntity
  8
CIVIL-FERRO-VISTA
 62
3
100
AcDbPolyline
 90
38
 70
0
 10
4474.894849420103
 20
6812.371414600001
 10
4754.894849420105
 20
6812.371414600247
 10
4474.894849420103
 20
6712.371414600124
 10
4754.894849420105
 20
6612.371414600123
 10
4474.894849420103
 20
6512.371414600123
 10
4754.894849420105
 20
6412.371414600123
 10
4474.894849420103
 20
6312.371414600123
 10
4754.894849420105
 20
6212.371414600124
 10
4474.894849420103
 20
6112.371414600123
 10
4754.894849420105
 20
6012.371414600123
 10
4474.894849420103
 20
5912.371414600123
 10
4754.894849420105
 20
5812.371414600123
 10
4474.894849420103
 20
5712.371414600124
 10
4754.894849420105
 20
5612.371414600123
 10
4474.894849420103
 20
5512.371414600123
 10
4754.894849420105
 20
5412.371414600123
 10
4474.894849420103
 20
5312.371414600123
 10
4754.894849420105
 20
5212.371414600124
 10
4474.894849420103
 20
5112.371414600123
 10
4754.894849420105
 20
5012.371414600123
 10
4474.894849420103
 20
4912.371414600123
 10
4754.894849420105
 20
4812.371414600123
 10
4474.894849420103
 20
4712.371414600123
 10
4754.894849420105
 20
4612.371414600123
 10
4474.894849420103
 20
4512.371414600123
 10
4754.894849420105
 20
4412.371414600123
 10
4474.894849420103
 20
4312.371414600123
 10
4754.894849420105
 20
4212.371414600123
 10
4474.894849420103
 20
4112.371414600123
 10
4754.894849420105
 20
4012.371414600123
 10
4474.894849420103
 20
3912.371414600126
 10
4754.894849420105
 20
3812.371414600124
 10
4474.894849420103
 20
3712.371414600124
 10
4754.894849420105
 20
3612.371414600124
 10
4474.894849420103
 20
3512.371414600127
 10
4754.894849420105
 20
3412.371414602684
 10
4474.894849420103
 20
3362.371414602704
 10
4754.894849420105
 20
3362.371414602704
  0
TEXT
  5
5E0
330
1F
100
AcDbEntity
  8
CIVIL-TX5
100
AcDbText
 10
3876.749801603752
 20
2735.439425265417
 30
0.0
 40
175.0
  1
%%UELEVAÇÃO
  7
140CL-1_50
100
AcDbText
  0
TEXT
  5
5E1
330
1F
100
AcDbEntity
  8
CIVIL-TX2
100
AcDbText
 10
3876.749801603752
 20
2570.439425265418
 30
0.0
 40
100.0
  1
ESC.1:50
  7
80CL-1_50
100
AcDbText
  0
TEXT
  5
5E2
330
1F
100
AcDbEntity
  8
CIVIL-TX5
100
AcDbText
 10
4177.809263787766
 20
1334.680988534654
 30
0.0
 40
35.0
  1
%%USEÇÃO EM SOLO
  7
140CL-1_10
100
AcDbText
  0
TEXT
  5
5E3
330
1F
100
AcDbEntity
  8
CIVIL-TX2
100
AcDbText
 10
4177.809263787766
 20
1294.680988534654
 30
0.0
 40
20.0
  1
ESC.1:10
  7
80CL-1_10
100
AcDbText
  0
TEXT
  5
5E4
330
1F
100
AcDbEntity
  8
CIVIL-TX5
100
AcDbText
 10
4177.809263787766
 20
709.1809885347847
 30
0.0
 40
35.0
  1
%%USEÇÃO EM ROCHA
  7
140CL-1_10
100
AcDbText
  0
TEXT
  5
5E5
330
1F
100
AcDbEntity
  8
CIVIL-TX2
100
AcDbText
 10
4177.809263787766
 20
669.1809885347847
 30
0.0
 40
20.0
  1
ESC.1:10
  7
80CL-1_10
100
AcDbText
  0
LWPOLYLINE
  5
5E6
330
1F
100
AcDbEntity
  8
CIVIL-FERRO-VISTA
100
AcDbPolyline
 90
4
 70
0
 10
5108.906121875282
 20
17562.37141460027
 10
4167.789523751726
 20
17562.37141460027
 10
4164.994761966855
 20
15862.37141460027
 10
5108.906135201735
 20
15862.37141460027
  0
TEXT
  5
5E7
330
1F
100
AcDbEntity
  8
CIVIL-TX2
100
AcDbText
 10
6091.933036222794
 20
17647.73905163131
 30
0.0
 40
100.0
  1
15
  7
ARIAL NORMAL 50
100
AcDbText
  0
LINE
  5
5E8
330
1F
100
AcDbEntity
  8
0
100
AcDbLine
 10
4414.894849420337
 20
3312.37141460021
 30
0.0
 11
4814.894849420338
 21
3312.37141460032
 31
0.0
  0
LWPOLYLINE
  5
5E9
330
1F
100
AcDbEntity
  8
CIVIL-FERRO-VISTA
 62
3
100
AcDbPolyline
 90
38
 70
0
 10
7141.85703696107
 20
6762.371414599911
 10
7421.857036961073
 20
6762.371414600157
 10
7141.857036961067
 20
6662.371414600034
 10
7421.857036961073
 20
6562.371414600034
 10
7141.857036961067
 20
6462.371414600034
 10
7421.857036961073
 20
6362.371414600033
 10
7141.857036961067
 20
6262.371414600034
 10
7421.857036961073
 20
6162.371414600034
 10
7141.857036961067
 20
6062.371414600034
 10
7421.857036961073
 20
5962.371414600034
 10
7141.857036961067
 20
5862.371414600033
 10
7421.857036961073
 20
5762.371414600034
 10
7141.857036961067
 20
5662.371414600034
 10
7421.857036961073
 20
5562.371414600034
 10
7141.857036961067
 20
5462.371414600034
 10
7421.857036961073
 20
5362.371414600033
 10
7141.857036961067
 20
5262.371414600034
 10
7421.857036961073
 20
5162.371414600034
 10
7141.857036961067
 20
5062.371414600034
 10
7421.857036961073
 20
4962.371414600034
 10
7141.857036961067
 20
4862.371414600033
 10
7421.857036961073
 20
4762.371414600034
 10
7141.857036961067
 20
4662.371414600033
 10
7421.857036961073
 20
4562.371414600034
 10
7141.857036961067
 20
4462.371414600034
 10
7421.857036961073
 20
4362.371414600032
 10
7141.857036961067
 20
4262.371414600034
 10
7421.857036961073
 20
4162.371414600033
 10
7141.857036961067
 20
4062.371414600034
 10
7421.857036961073
 20
3962.371414600035
 10
7141.857036961067
 20
3862.371414600036
 10
7421.857036961073
 20
3762.371414600035
 10
7141.857036961067
 20
3662.371414600035
 10
7421.857036961073
 20
3562.371414600035
 10
7141.857036961067
 20
3462.371414600036
 10
7421.857036961073
 20
3362.371414602595
 10
7141.85703696107
 20
3312.371414602613
 10
7421.857036961073
 20
3312.371414602613
  0
INSERT
  5
5EA
102
{ACAD_REACTORS
330
60C
102
}
330
1F
100
AcDbEntity
  8
0
100
AcDbBlockReference
  2
*U27
 10
-2485.448053418612
 20
-4477.279131850787
 30
0.0
  0
CIRCLE
  5
5EB
330
1F
100
AcDbEntity
  8
FERRO_05
100
AcDbCircle
 10
4882.457352649023
 20
963.2264914968634
 30
0.0
 40
140.0
  0
HATCH
  5
883
330
1F
100
AcDbEntity
  8
CIVIL-254
100
AcDbHatch
 10
0.0
 20
0.0
 30
0.0
210
0.0
220
0.0
230
1.0
  2
SOLID
 70
1
 71
0
 91
1
 92
1
 93
1
 72
3
 10
0.0
 20
0.0
 11
225.0
 21
0.0
 40
1.0
 50
0.0
 51
360.0
 73
1
 97
0
 75
0
 76
1
 98
0
  0
CIRCLE
  5
884
330
1F
100
AcDbEntity
  8
FORMA_02
100
AcDbCircle
 10
0.0
 20
0.0
 30
0.0
 40
225.0
  0
CIRCLE
  5
885
330
1F
100
AcDbEntity
  8
REVESTIMENTO
100
AcDbCircle
 10
0.0
 20
0.0
 30
0.0
 40
203.0
  0
CIRCLE
  5
886
330
1F
100
AcDbEntity
  8
ARMADURA
100
AcDbCircle
 10
0.0
 20
0.0
 30
0.0
 40
149.85
  0
HATCH
  5
887
330
1F
100
AcDbEntity
  8
FERRO_05
100
AcDbHatch
 10
0.0
 20
0.0
 30
0.0
210
0.0
220
0.0
230
1.0
  2
SOLID
 70
1
 71
0
 91
1
 92
1
 93
1
 72
3
 10
136.7
 20
0.0
 11
10.0
 21
0.0
 40
1.0
 50
0.0
 51
360.0
 73
1
 97
0
 75
0
 76
1
 98
0
  0
CIRCLE
  5
888
330
1F
100
AcDbEntity
  8
FERRO_05
100
AcDbCircle
 10
136.7
 20
0.0
 30
0.0
 40
10.0
  0
HATCH
  5
889
330
1F
100
AcDbEntity
  8
FERRO_05
100
AcDbHatch
 10
0.0
 20
0.0
 30
0.0
210
0.0
220
0.0
230
1.0
  2
SOLID
 70
1
 71
0
 91
1
 92
1
 93
1
 72
3
 10
110.5926
 20
80.3502
 11
10.0
 21
0.0
 40
1.0
 50
0.0
 51
360.0
 73
1
 97
0
 75
0
 76
1
 98
0
  0
CIRCLE
  5
88A
330
1F
100
AcDbEntity
  8
FERRO_05
100
AcDbCircle
 10
110.5926
 20
80.3502
 30
0.0
 40
10.0
  0
HATCH
  5
88B
330
1F
100
AcDbEntity
  8
FERRO_05
100
AcDbHatch
 10
0.0
 20
0.0
 30
0.0
210
0.0
220
0.0
230
1.0
  2
SOLID
 70
1
 71
0
 91
1
 92
1
 93
1
 72
3
 10
42.2426
 20
130.0094
 11
10.0
 21
0.0
 40
1.0
 50
0.0
 51
360.0
 73
1
 97
0
 75
0
 76
1
 98
0
  0
CIRCLE
  5
88C
330
1F
100
AcDbEntity
  8
FERRO_05
100
AcDbCircle
 10
42.2426
 20
130.0094
 30
0.0
 40
10.0
  0
HATCH
  5
88D
330
1F
100
AcDbEntity
  8
FERRO_05
100
AcDbHatch
 10
0.0
 20
0.0
 30
0.0
210
0.0
220
0.0
230
1.0
  2
SOLID
 70
1
 71
0
 91
1
 92
1
 93
1
 72
3
 10
-42.2426
 20
130.0094
 11
10.0
 21
0.0
 40
1.0
 50
0.0
 51
360.0
 73
1
 97
0
 75
0
 76
1
 98
0
  0
CIRCLE
  5
88E
330
1F
100
AcDbEntity
  8
FERRO_05
100
AcDbCircle
 10
-42.2426
 20
130.0094
 30
0.0
 40
10.0
  0
HATCH
  5
88F
330
1F
100
AcDbEntity
  8
FERRO_05
100
AcDbHatch
 10
0.0
 20
0.0
 30
0.0
210
0.0
220
0.0
230
1.0
  2
SOLID
 70
1
 71
0
 91
1
 92
1
 93
1
 72
3
 10
-110.5926
 20
80.3502
 11
10.0
 21
0.0
 40
1.0
 50
0.0
 51
360.0
 73
1
 97
0
 75
0
 76
1
 98
0
  0
CIRCLE
  5
890
330
1F
100
AcDbEntity
  8
FERRO_05
100
AcDbCircle
 10
-110.5926
 20
80.3502
 30
0.0
 40
10.0
  0
HATCH
  5
891
330
1F
100
AcDbEntity
  8
FERRO_05
100
AcDbHatch
 10
0.0
 20
0.0
 30
0.0
210
0.0
220
0.0
230
1.0
  2
SOLID
 70
1
 71
0
 91
1
 92
1
 93
1
 72
3
 10
-136.7
 20
0.0
 11
10.0
 21
0.0
 40
1.0
 50
0.0
 51
360.0
 73
1
 97
0
 75
0
 76
1
 98
0
  0
CIRCLE
  5
892
330
1F
100
AcDbEntity
  8
FERRO_05
100
AcDbCircle
 10
-136.7
 20
0.0
 30
0.0
 40
10.0
  0
HATCH
  5
893
330
1F
100
AcDbEntity
  8
FERRO_05
100
AcDbHatch
 10
0.0
 20
0.0
 30
0.0
210
0.0
220
0.0
230
1.0
  2
SOLID
 70
1
 71
0
 91
1
 92
1
 93
1
 72
3
 10
-110.5926
 20
-80.3502
 11
10.0
 21
0.0
 40
1.0
 50
0.0
 51
360.0
 73
1
 97
0
 75
0
 76
1
 98
0
  0
CIRCLE
  5
894
330
1F
100
AcDbEntity
  8
FERRO_05
100
AcDbCircle
 10
-110.5926
 20
-80.3502
 30
0.0
 40
10.0
  0
HATCH
  5
895
330
1F
100
AcDbEntity
  8
FERRO_05
100
AcDbHatch
 10
0.0
 20
0.0
 30
0.0
210
0.0
220
0.0
230
1.0
  2
SOLID
 70
1
 71
0
 91
1
 92
1
 93
1
 72
3
 10
-42.2426
 20
-130.0094
 11
10.0
 21
0.0
 40
1.0
 50
0.0
 51
360.0
 73
1
 97
0
 75
0
 76
1
 98
0
  0
CIRCLE
  5
896
330
1F
100
AcDbEntity
  8
FERRO_05
100
AcDbCircle
 10
-42.2426
 20
-130.0094
 30
0.0
 40
10.0
  0
HATCH
  5
897
330
1F
100
AcDbEntity
  8
FERRO_05
100
AcDbHatch
 10
0.0
 20
0.0
 30
0.0
210
0.0
220
0.0
230
1.0
  2
SOLID
 70
1
 71
0
 91
1
 92
1
 93
1
 72
3
 10
42.2426
 20
-130.0094
 11
10.0
 21
0.0
 40
1.0
 50
0.0
 51
360.0
 73
1
 97
0
 75
0
 76
1
 98
0
  0
CIRCLE
  5
898
330
1F
100
AcDbEntity
  8
FERRO_05
100
AcDbCircle
 10
42.2426
 20
-130.0094
 30
0.0
 40
10.0
  0
HATCH
  5
899
330
1F
100
AcDbEntity
  8
FERRO_05
100
AcDbHatch
 10
0.0
 20
0.0
 30
0.0
210
0.0
220
0.0
230
1.0
  2
SOLID
 70
1
 71
0
 91
1
 92
1
 93
1
 72
3
 10
110.5926
 20
-80.3502
 11
10.0
 21
0.0
 40
1.0
 50
0.0
 51
360.0
 73
1
 97
0
 75
0
 76
1
 98
0
  0
CIRCLE
  5
89A
330
1F
100
AcDbEntity
  8
FERRO_05
100
AcDbCircle
 10
110.5926
 20
-80.3502
 30
0.0
 40
10.0
  0
DIMENSION
  5
89B
330
1F
100
AcDbEntity
  8
0
100
AcDbDimension
280
0
  2
*D1
  3
TICK-1_10
 10
-375.0
 20
225.0
 30
0.0
 11
-357.5
 21
0.0
 31
0.0
 70
32
 71
5
  1
<>
100
AcDbAlignedDimension
 13
0.0
 23
225.0
 33
0.0
 14
0.0
 24
-225.0
 34
0.0
 50
90.0
100
AcDbRotatedDimension
1001
ACAD
1000
DSTYLE
1002
{
1070
140
1040
1.5
1070
3
1000
%%c<>
1002
}
  0
TEXT
  5
8AA
330
1F
100
AcDbEntity
  8
CIVIL-TX5
100
AcDbText
 10
-225.0
 20
-285.0
 30
0.0
 40
35.0
  1
%%USEÇÃO EM SOLO
  7
140CL-1_10
 11
-225.0
 21
-285.0
 31
0.0
100
AcDbText
  0
TEXT
  5
8AB
330
1F
100
AcDbEntity
  8
CIVIL-TX2
100
AcDbText
 10
-225.0
 20
-325.0
 30
0.0
 40
20.0
  1
ESC.1:10
  7
80CL-1_10
 11
-225.0
 21
-325.0
 31
0.0
100
AcDbText
  0
HATCH
  5
8AC
330
1F
100
AcDbEntity
  8
CIVIL-254
100
AcDbHatch
 10
0.0
 20
0.0
 30
0.0
210
0.0
220
0.0
230
1.0
  2
SOLID
 70
1
 71
0
 91
1
 92
1
 93
1
 72
3
 10
1000.0
 20
0.0
 11
177.5
 21
0.0
 40
1.0
 50
0.0
 51
360.0
 73
1
 97
0
 75
0
 76
1
 98
0
  0
CIRCLE
  5
8AD
330
1F
100
AcDbEntity
  8
FORMA_02
100
AcDbCircle
 10
1000.0
 20
0.0
 30
0.0
 40
177.5
  0
CIRCLE
  5
8AE
330
1F
100
AcDbEntity
  8
REVESTIMENTO
100
AcDbCircle
 10
1000.0
 20
0.0
 30
0.0
 40
177.5
  0
CIRCLE
  5
8AF
330
1F
100
AcDbEntity
  8
ARMADURA
100
AcDbCircle
 10
1000.0
 20
0.0
 30
0.0
 40
149.85
  0
HATCH
  5
8B0
330
1F
100
AcDbEntity
  8
FERRO_05
100
AcDbHatch
 10
0.0
 20
0.0
 30
0.0
210
0.0
220
0.0
230
1.0
  2
SOLID
 70
1
 71
0
 91
1
 92
1
 93
1
 72
3
 10
1136.7
 20
0.0
 11
10.0
 21
0.0
 40
1.0
 50
0.0
 51
360.0
 73
1
 97
0
 75
0
 76
1
 98
0
  0
CIRCLE
  5
8B1
330
1F
100
AcDbEntity
  8
FERRO_05
100
AcDbCircle
 10
1136.7
 20
0.0
 30
0.0
 40
10.0
  0
HATCH
  5
8B2
330
1F
100
AcDbEntity
  8
FERRO_05
100
AcDbHatch
 10
0.0
 20
0.0
 30
0.0
210
0.0
220
0.0
230
1.0
  2
SOLID
 70
1
 71
0
 91
1
 92
1
 93
1
 72
3
 10
1110.5926
 20
80.3502
 11
10.0
 21
0.0
 40
1.0
 50
0.0
 51
360.0
 73
1
 97
0
 75
0
 76
1
 98
0
  0
CIRCLE
  5
8B3
330
1F
100
AcDbEntity
  8
FERRO_05
100
AcDbCircle
 10
1110.5926
 20
80.3502
 30
0.0
 40
10.0
  0
HATCH
  5
8B4
330
1F
100
AcDbEntity
  8
FERRO_05
100
AcDbHatch
 10
0.0
 20
0.0
 30
0.0
210
0.0
220
0.0
230
1.0
  2
SOLID
 70
1
 71
0
 91
1
 92
1
 93
1
 72
3
 10
1042.2426
 20
130.0094
 11
10.0
 21
0.0
 40
1.0
 50
0.0
 51
360.0
 73
1
 97
0
 75
0
 76
1
 98
0
  0
CIRCLE
  5
8B5
330
1F
100
AcDbEntity
  8
FERRO_05
100
AcDbCircle
 10
1042.2426
 20
130.0094
 30
0.0
 40
10.0
  0
HATCH
  5
8B6
330
1F
100
AcDbEntity
  8
FERRO_05
100
AcDbHatch
 10
0.0
 20
0.0
 30
0.0
210
0.0
220
0.0
230
1.0
  2
SOLID
 70
1
 71
0
 91
1
 92
1
 93
1
 72
3
 10
957.7574
 20
130.0094
 11
10.0
 21
0.0
 40
1.0
 50
0.0
 51
360.0
 73
1
 97
0
 75
0
 76
1
 98
0
  0
CIRCLE
  5
8B7
330
1F
100
AcDbEntity
  8
FERRO_05
100
AcDbCircle
 10
957.7574
 20
130.0094
 30
0.0
 40
10.0
  0
HATCH
  5
8B8
330
1F
100
AcDbEntity
  8
FERRO_05
100
AcDbHatch
 10
0.0
 20
0.0
 30
0.0
210
0.0
220
0.0
230
1.0
  2
SOLID
 70
1
 71
0
 91
1
 92
1
 93
1
 72
3
 10
889.4074
 20
80.3502
 11
10.0
 21
0.0
 40
1.0
 50
0.0
 51
360.0
 73
1
 97
0
 75
0
 76
1
 98
0
  0
CIRCLE
  5
8B9
330
1F
100
AcDbEntity
  8
FERRO_05
100
AcDbCircle
 10
889.4074
 20
80.3502
 30
0.0
 40
10.0
  0
HATCH
  5
8BA
330
1F
100
AcDbEntity
  8
FERRO_05
100
AcDbHatch
 10
0.0
 20
0.0
 30
0.0
210
0.0
220
0.0
230
1.0
  2
SOLID
 70
1
 71
0
 91
1
 92
1
 93
1
 72
3
 10
863.3
 20
0.0
 11
10.0
 21
0.0
 40
1.0
 50
0.0
 51
360.0
 73
1
 97
0
 75
0
 76
1
 98
0
  0
CIRCLE
  5
8BB
330
1F
100
AcDbEntity
  8
FERRO_05
100
AcDbCircle
 10
863.3
 20
0.0
 30
0.0
 40
10.0
  0
HATCH
  5
8BC
330
1F
100
AcDbEntity
  8
FERRO_05
100
AcDbHatch
 10
0.0
 20
0.0
 30
0.0
210
0.0
220
0.0
230
1.0
  2
SOLID
 70
1
 71
0
 91
1
 92
1
 93
1
 72
3
 10
889.4074
 20
-80.3502
 11
10.0
 21
0.0
 40
1.0
 50
0.0
 51
360.0
 73
1
 97
0
 75
0
 76
1
 98
0
  0
CIRCLE
  5
8BD
330
1F
100
AcDbEntity
  8
FERRO_05
100
AcDbCircle
 10
889.4074
 20
-80.3502
 30
0.0
 40
10.0
  0
HATCH
  5
8BE
330
1F
100
AcDbEntity
  8
FERRO_05
100
AcDbHatch
 10
0.0
 20
0.0
 30
0.0
210
0.0
220
0.0
230
1.0
  2
SOLID
 70
1
 71
0
 91
1
 92
1
 93
1
 72
3
 10
957.7574
 20
-130.0094
 11
10.0
 21
0.0
 40
1.0
 50
0.0
 51
360.0
 73
1
 97
0
 75
0
 76
1
 98
0
  0
CIRCLE
  5
8BF
330
1F
100
AcDbEntity
  8
FERRO_05
100
AcDbCircle
 10
957.7574
 20
-130.0094
 30
0.0
 40
10.0
  0
HATCH
  5
8C0
330
1F
100
AcDbEntity
  8
FERRO_05
100
AcDbHatch
 10
0.0
 20
0.0
 30
0.0
210
0.0
220
0.0
230
1.0
  2
SOLID
 70
1
 71
0
 91
1
 92
1
 93
1
 72
3
 10
1042.2426
 20
-130.0094
 11
10.0
 21
0.0
 40
1.0
 50
0.0
 51
360.0
 73
1
 97
0
 75
0
 76
1
 98
0
  0
CIRCLE
  5
8C1
330
1F
100
AcDbEntity
  8
FERRO_05
100
AcDbCircle
 10
1042.2426
 20
-130.0094
 30
0.0
 40
10.0
  0
HATCH
  5
8C2
330
1F
100
AcDbEntity
  8
FERRO_05
100
AcDbHatch
 10
0.0
 20
0.0
 30
0.0
210
0.0
220
0.0
230
1.0
  2
SOLID
 70
1
 71
0
 91
1
 92
1
 93
1
 72
3
 10
1110.5926
 20
-80.3502
 11
10.0
 21
0.0
 40
1.0
 50
0.0
 51
360.0
 73
1
 97
0
 75
0
 76
1
 98
0
  0
CIRCLE
  5
8C3
330
1F
100
AcDbEntity
  8
FERRO_05
100
AcDbCircle
 10
1110.5926
 20
-80.3502
 30
0.0
 40
10.0
  0
DIMENSION
  5
8C4
330
1F
100
AcDbEntity
  8
0
100
AcDbDimension
280
0
  2
*D2
  3
TICK-1_10
 10
672.5
 20
177.5
 30
0.0
 11
692.5
 21
0.0
 31
0.0
 70
32
 71
5
  1
<>
100
AcDbAlignedDimension
 13
1000.0
 23
177.5
 33
0.0
 14
1000.0
 24
-177.5
 34
0.0
 50
90.0
100
AcDbRotatedDimension
1001
ACAD
1000
DSTYLE
1002
{
1070
3
1000
%%c<>
1070
77
1070
1
1070
280
1070
0
1002
}
  0
TEXT
  5
8D3
330
1F
100
AcDbEntity
  8
CIVIL-TX5
100
AcDbText
 10
822.5
 20
-237.5
 30
0.0
 40
35.0
  1
%%USEÇÃO EM ROCHA
  7
140CL-1_10
 11
822.5
 21
-237.5
 31
0.0
100
AcDbText
  0
TEXT
  5
8D4
330
1F
100
AcDbEntity
  8
CIVIL-TX2
100
AcDbText
 10
822.5
 20
-277.5
 30
0.0
 40
20.0
  1
ESC.1:10
  7
80CL-1_10
 11
822.5
 21
-277.5
 31
0.0
100
AcDbText
  0
LWPOLYLINE
  5
8D5
330
1F
100
AcDbEntity
  8
PERFIL
100
AcDbPolyline
 90
9
 70
0
 10
1822.5
 20
0.0
 10
2177.5
 20
0.0
 10
2177.5
 20
3000.0
 10
2203.0
 20
3000.0
 10
2203.0
 20
13000.0
 10
1797.0
 20
13000.0
 10
1797.0
 20
3000.0
 10
1822.5
 20
3000.0
 10
1822.5
 20
0.0
  0
LINE
  5
8D6
330
1F
100
AcDbEntity
  8
FERRO_05
100
AcDbLine
 10
2136.7
 20
50.0
 30
0.0
 11
2136.7
 21
14250.0
 31
0.0
  0
LINE
  5
8D7
330
1F
100
AcDbEntity
  8
FERRO_05
100
AcDbLine
 10
2110.5926231310555
 20
50.0
 30
0.0
 11
2110.5926231310555
 21
14250.0
 31
0.0
  0
LINE
  5
8D8
330
1F
100
AcDbEntity
  8
FERRO_05
100
AcDbLine
 10
2042.2426231310553
 20
50.0
 30
0.0
 11
2042.2426231310553
 21
14250.0
 31
0.0
  0
LINE
  5
8D9
330
1F
100
AcDbEntity
  8
FERRO_05
100
AcDbLine
 10
1957.7573768689447
 20
50.0
 30
0.0
 11
1957.7573768689447
 21
14250.0
 31
0.0
  0
LINE
  5
8DA
330
1F
100
AcDbEntity
  8
FERRO_05
100
AcDbLine
 10
1889.4073768689448
 20
50.0
 30
0.0
 11
1889.4073768689448
 21
14250.0
 31
0.0
  0
LINE
  5
8DB
330
1F
100
AcDbEntity
  8
FERRO_05
100
AcDbLine
 10
1863.3
 20
50.0
 30
0.0
 11
1863.3
 21
14250.0
 31
0.0
  0
LINE
  5
8DC
330
1F
100
AcDbEntity
  8
FERRO_05
100
AcDbLine
 10
1889.4073768689448
 20
50.0
 30
0.0
 11
1889.4073768689448
 21
14250.0
 31
0.0
  0
LINE
  5
8DD
330
1F
100
AcDbEntity
  8
FERRO_05
100
AcDbLine
 10
1957.7573768689447
 20
50.0
 30
0.0
 11
1957.7573768689447
 21
14250.0
 31
0.0
  0
LINE
  5
8DE
330
1F
100
AcDbEntity
  8
FERRO_05
100
AcDbLine
 10
2042.2426231310553
 20
50.0
 30
0.0
 11
2042.2426231310553
 21
14250.0
 31
0.0
  0
LINE
  5
8DF
330
1F
100
AcDbEntity
  8
FERRO_05
100
AcDbLine
 10
2110.5926231310555
 20
50.0
 30
0.0
 11
2110.5926231310555
 21
14250.0
 31
0.0
  0
LWPOLYLINE
  5
8E0
330
1F
100
AcDbEntity
  8
ARMADURA
100
AcDbPolyline
 90
175
 70
0
 10
1850.15
 20
50.0
 10
2149.85
 20
50.0
 10
1850.15
 20
125.0
 10
2149.85
 20
200.0
 10
1850.15
 20
275.0
 10
2149.85
 20
350.0
 10
1850.15
 20
425.0
 10
2149.85
 20
500.0
 10
1850.15
 20
575.0
 10
2149.85
 20
650.0
 10
1850.15
 20
725.0
 10
2149.85
 20
800.0
 10
1850.15
 20
875.0
 10
2149.85
 20
950.0
 10
1850.15
 20
1025.0
 10
2149.85
 20
1100.0
 10
1850.15
 20
1175.0
 10
2149.85
 20
1250.0
 10
1850.15
 20
1325.0
 10
2149.85
 20
1400.0
 10
1850.15
 20
1475.0
 10
2149.85
 20
1550.0
 10
1850.15
 20
1625.0
 10
2149.85
 20
1700.0
 10
1850.15
 20
1775.0
 10
2149.85
 20
1850.0
 10
1850.15
 20
1925.0
 10
2149.85
 20
2000.0
 10
1850.15
 20
2075.0
 10
2149.85
 20
2150.0
 10
1850.15
 20
2225.0
 10
2149.85
 20
2300.0
 10
1850.15
 20
2375.0
 10
2149.85
 20
2450.0
 10
1850.15
 20
2525.0
 10
2149.85
 20
2600.0
 10
1850.15
 20
2675.0
 10
2149.85
 20
2750.0
 10
1850.15
 20
2825.0
 10
2149.85
 20
2900.0
 10
1850.15
 20
2975.0
 10
2149.85
 20
3050.0
 10
1850.15
 20
3125.0
 10
2149.85
 20
3200.0
 10
1850.15
 20
3275.0
 10
2149.85
 20
3350.0
 10
1850.15
 20
3425.0
 10
2149.85
 20
3500.0
 10
1850.15
 20
3575.0
 10
2149.85
 20
3650.0
 10
1850.15
 20
3725.0
 10
2149.85
 20
3800.0
 10
1850.15
 20
3875.0
 10
2149.85
 20
3950.0
 10
1850.15
 20
4025.0
 10
2149.85
 20
4100.0
 10
1850.15
 20
4175.0
 10
2149.85
 20
4250.0
 10
1850.15
 20
4325.0
 10
2149.85
 20
4400.0
 10
1850.15
 20
4475.0
 10
2149.85
 20
4550.0
 10
1850.15
 20
4625.0
 10
2149.85
 20
4700.0
 10
1850.15
 20
4775.0
 10
2149.85
 20
4850.0
 10
1850.15
 20
4925.0
 10
2149.85
 20
5000.0
 10
1850.15
 20
5075.0
 10
2149.85
 20
5150.0
 10
1850.15
 20
5225.0
 10
2149.85
 20
5300.0
 10
1850.15
 20
5375.0
 10
2149.85
 20
5450.0
 10
1850.15
 20
5525.0
 10
2149.85
 20
5600.0
 10
1850.15
 20
5675.0
 10
2149.85
 20
5750.0
 10
1850.15
 20
5825.0
 10
2149.85
 20
5900.0
 10
1850.15
 20
5975.0
 10
2149.85
 20
6050.0
 10
1850.15
 20
6125.0
 10
2149.85
 20
6200.0
 10
1850.15
 20
6275.0
 10
2149.85
 20
6350.0
 10
1850.15
 20
6425.0
 10
2149.85
 20
6500.0
 10
1850.15
 20
6575.0
 10
2149.85
 20
6650.0
 10
1850.15
 20
6725.0
 10
2149.85
 20
6800.0
 10
1850.15
 20
6875.0
 10
2149.85
 20
6950.0
 10
1850.15
 20
7025.0
 10
2149.85
 20
7100.0
 10
1850.15
 20
7175.0
 10
2149.85
 20
7250.0
 10
1850.15
 20
7325.0
 10
2149.85
 20
7400.0
 10
1850.15
 20
7475.0
 10
2149.85
 20
7550.0
 10
1850.15
 20
7625.0
 10
2149.85
 20
7700.0
 10
1850.15
 20
7775.0
 10
2149.85
 20
7850.0
 10
1850.15
 20
7925.0
 10
2149.85
 20
8000.0
 10
1850.15
 20
8075.0
 10
2149.85
 20
8150.0
 10
1850.15
 20
8225.0
 10
2149.85
 20
8300.0
 10
1850.15
 20
8375.0
 10
2149.85
 20
8450.0
 10
1850.15
 20
8525.0
 10
2149.85
 20
8600.0
 10
1850.15
 20
8675.0
 10
2149.85
 20
8750.0
 10
1850.15
 20
8825.0
 10
2149.85
 20
8900.0
 10
1850.15
 20
8975.0
 10
2149.85
 20
9050.0
 10
1850.15
 20
9125.0
 10
2149.85
 20
9200.0
 10
1850.15
 20
9275.0
 10
2149.85
 20
9350.0
 10
1850.15
 20
9425.0
 10
2149.85
 20
9500.0
 10
1850.15
 20
9575.0
 10
2149.85
 20
9650.0
 10
1850.15
 20
9725.0
 10
2149.85
 20
9800.0
 10
1850.15
 20
9875.0
 10
2149.85
 20
9950.0
 10
1850.15
 20
10025.0
 10
2149.85
 20
10100.0
 10
1850.15
 20
10175.0
 10
2149.85
 20
10250.0
 10
1850.15
 20
10325.0
 10
2149.85
 20
10400.0
 10
1850.15
 20
10475.0
 10
2149.85
 20
10550.0
 10
1850.15
 20
10625.0
 10
2149.85
 20
10700.0
 10
1850.15
 20
10775.0
 10
2149.85
 20
10850.0
 10
1850.15
 20
10925.0
 10
2149.85
 20
11000.0
 10
1850.15
 20
11075.0
 10
2149.85
 20
11150.0
 10
1850.15
 20
11225.0
 10
2149.85
 20
11300.0
 10
1850.15
 20
11375.0
 10
2149.85
 20
11450.0
 10
1850.15
 20
11525.0
 10
2149.85
 20
11600.0
 10
1850.15
 20
11675.0
 10
2149.85
 20
11750.0
 10
1850.15
 20
11825.0
 10
2149.85
 20
11900.0
 10
1850.15
 20
11975.0
 10
2149.85
 20
12050.0
 10
1850.15
 20
12125.0
 10
2149.85
 20
12200.0
 10
1850.15
 20
12275.0
 10
2149.85
 20
12350.0
 10
1850.15
 20
12425.0
 10
2149.85
 20
12500.0
 10
1850.15
 20
12575.0
 10
2149.85
 20
12650.0
 10
1850.15
 20
12725.0
 10
2149.85
 20
12800.0
 10
1850.15
 20
12875.0
 10
2149.85
 20
12950.0
 10
1850.15
 20
12950.0
  0
LINE
  5
8E1
330
1F
100
AcDbEntity
  8
FERRO_05
100
AcDbLine
 10
2600.0
 20
50.0
 30
0.0
 11
2600.0
 21
12050.0
 31
0.0
  0
LINE
  5
8E2
330
1F
100
AcDbEntity
  8
FERRO_05
100
AcDbLine
 10
2700.0
 20
11050.0
 30
0.0
 11
2700.0
 21
14250.0
 31
0.0
  0
TEXT
  5
8E3
330
1F
100
AcDbEntity
  8
CIVIL-TX5
100
AcDbText
 10
2550.0
 20
14400.0
 30
0.0
 40
35.0
  1
ESQUEMA DE ARMAÇÃO
  7
140CL-1_10
 11
2550.0
 21
14400.0
 31
0.0
100
AcDbText
  0
TEXT
  5
8E4
330
1F
100
AcDbEntity
  8
CIVIL-TX2
100
AcDbText
 10
2550.0
 20
14350.0
 30
0.0
 40
20.0
  1
NOTAS: Comprimento total da estaca excede 12m. Emendas longitudinais por trespasse de 50Ø, representadas esquematicamente. Garantir defasagem ao longo do fuste conforme NBR 6118.
  7
80CL-1_10
 11
2550.0
 21
14350.0
 31
0.0
100
AcDbText
  0
ENDSEC
  0
SECTION
  2
OBJECTS
  0
DICTIONARY
  5
C
330
0
100
AcDbDictionary
281
1
  3
ACAD_ASSOCNETWORK
350
591
  3
ACAD_CIP_PREVIOUS_PRODUCT_INFO
350
216
  3
ACAD_COLOR
350
6B
  3
ACAD_DETAILVIEWSTYLE
350
21B
  3
ACAD_GROUP
350
D
  3
ACAD_LAST_SAVED_VERSION_INFO
350
7AF
  3
ACAD_LAYOUT
350
1A
  3
ACAD_MATERIAL
350
6A
  3
ACAD_MLEADERSTYLE
350
12D
  3
ACAD_MLINESTYLE
350
17
  3
ACAD_PLOTSETTINGS
350
19
  3
ACAD_PLOTSTYLENAME
350
E
  3
ACAD_RENDER_ACTIVE_RAPIDRT_SETTINGS
350
2C8
  3
ACAD_RENDER_RAPIDRT_SETTINGS
350
2C1
  3
ACAD_SCALELIST
350
10C
  3
ACAD_SECTIONVIEWSTYLE
350
219
  3
ACAD_TABLESTYLE
350
7E
  3
ACAD_VISUALSTYLE
350
EF
  3
ACDB_RECOMPOSE_DATA
350
816
  3
AcDbVariableDictionary
350
5E
  3
AEC_PROPERTY_SET_DEFS
350
58E
  3
EZDXF_META
350
8E7
  0
DICTIONARY
  5
1FF
330
2
100
AcDbDictionary
281
1
  3
ACAD_LAYERSTATES
360
200
  0
DICTIONARY
  5
13C
330
10
100
AcDbDictionary
281
1
  0
DICTIONARY
  5
1CE
330
1F
100
AcDbDictionary
281
1
  3
ACAD_ASSOCNETWORK
360
6C4
  0
DICTIONARY
  5
2CE
330
2CD
100
AcDbDictionary
281
1
  3
ACAD_SORTENTS
360
574
  0
DICTIONARY
  5
2F3
330
2F2
100
AcDbDictionary
281
1
  3
ACAD_SORTENTS
360
575
  0
DICTIONARY
  5
499
330
498
100
AcDbDictionary
281
1
  3
ACAD_SORTENTS
360
576
  0
DICTIONARY
  5
5DB
330
5DA
100
AcDbDictionary
281
1
  3
ACAD_DIMASSOC
360
5DC
  0
DICTIONARY
  5
591
102
{ACAD_REACTORS
330
C
102
}
330
C
100
AcDbDictionary
281
1
  3
ACAD_ASSOCNETWORK
350
592
  0
XRECORD
  5
216
102
{ACAD_REACTORS
330
C
102
}
330
C
100
AcDbXrecord
280
1
300
ACD
300
2025
300

  0
DICTIONARY
  5
6B
102
{ACAD_REACTORS
330
C
102
}
330
C
100
AcDbDictionary
281
1
  0
DICTIONARY
  5
21B
102
{ACAD_REACTORS
330
C
102
}
330
C
100
AcDbDictionary
281
1
  3
Imperial24
350
51D
  3
Metric50
350
21C
  0
DICTIONARY
  5
D
102
{ACAD_REACTORS
330
C
102
}
330
C
100
AcDbDictionary
281
1
  0
XRECORD
  5
7AF
102
{ACAD_REACTORS
330
C
102
}
330
C
100
AcDbXrecord
280
1
300
{40865AB7-7808-554C-96BA-D3E609C54001}
301
{0EAD3DCF-D869-3F43-96B4-12FCA1C3EDD3}
302
{40865AB7-7808-554C-96BA-D3E609C54001}
303
C:\Users\joaqu\Desktop\Projeto_Estaca_Raiz\TEMPLATE.dxf
  0
DICTIONARY
  5
1A
102
{ACAD_REACTORS
330
C
102
}
330
C
100
AcDbDictionary
281
1
  3
Layout1
350
D3
  3
Layout2
350
D7
  3
Model
350
22
  0
DICTIONARY
  5
6A
102
{ACAD_REACTORS
330
C
102
}
330
C
100
AcDbDictionary
281
1
  3
ByBlock
350
ED
  3
ByLayer
350
EC
  3
Global
350
EE
  0
DICTIONARY
  5
12D
102
{ACAD_REACTORS
330
C
102
}
330
C
100
AcDbDictionary
281
1
  3
Annotative
350
13B
  3
Standard
350
12E
  0
DICTIONARY
  5
17
102
{ACAD_REACTORS
330
C
102
}
330
C
100
AcDbDictionary
281
1
  3
Standard
350
18
  0
DICTIONARY
  5
19
102
{ACAD_REACTORS
330
C
102
}
330
C
100
AcDbDictionary
281
1
  0
ACDBDICTIONARYWDFLT
  5
E
102
{ACAD_REACTORS
330
C
102
}
330
C
100
AcDbDictionary
281
1
  3
Normal
350
F
100
AcDbDictionaryWithDefault
340
F
  0
RAPIDRTRENDERSETTINGS
  5
2C8
102
{ACAD_REACTORS
330
C
102
}
330
C
100
AcDbRenderSettings
 90
2
  1
Medium
290
1
290
0
290
1
290
1
  1

  1
Applies 5 rendering levels
 90
0
100
AcDbRapidRTRenderSettings
 90
3
 70
0
 90
5
 90
1
 70
1
 70
2
 40
3.0
 40
3.0
290
1
  0
DICTIONARY
  5
2C1
102
{ACAD_REACTORS
330
C
102
}
330
C
100
AcDbDictionary
281
1
  3
Coffee-Break Quality
350
2C5
  3
High
350
2C4
  3
Low
350
2C2
  3
Lunch Quality
350
2C6
  3
Medium
350
2C3
  3
Overnight Quality
350
2C7
  0
DICTIONARY
  5
10C
102
{ACAD_REACTORS
330
C
102
}
330
C
100
AcDbDictionary
281
1
  3
A0
350
10D
  3
A1
350
1BE
  3
A2
350
1BF
  3
A3
350
1C0
  3
A4
350
1C1
  3
A5
350
1C2
  3
A6
350
1C3
  3
A7
350
1C4
  3
A8
350
1C5
  3
A9
350
1C6
  3
B0
350
1C7
  3
B1
350
1C8
  3
B2
350
1C9
  3
B3
350
1CA
  3
B4
350
1CB
  3
B5
350
1CC
  3
B6
350
1CD
  0
DICTIONARY
  5
219
102
{ACAD_REACTORS
330
C
102
}
330
C
100
AcDbDictionary
281
1
  3
Imperial24
350
51C
  3
Metric50
350
21A
  0
DICTIONARY
  5
7E
102
{ACAD_REACTORS
330
C
102
}
330
C
100
AcDbDictionary
281
1
  3
Standard
350
7F
  0
DICTIONARY
  5
EF
102
{ACAD_REACTORS
330
C
102
}
330
C
100
AcDbDictionary
281
1
  3
2dWireframe
350
F5
  3
Basic
350
F4
  3
Brighten
350
FB
  3
ColorChange
350
FF
  3
Conceptual
350
F8
  3
Dim
350
FA
  3
EdgeColorOff
350
1E6
  3
Facepattern
350
FE
  3
Flat
350
F0
  3
FlatWithEdges
350
F1
  3
Gouraud
350
F2
  3
GouraudWithEdges
350
F3
  3
Hidden
350
F7
  3
JitterOff
350
1E4
  3
Linepattern
350
FD
  3
OverhangOff
350
1E5
  3
Realistic
350
F9
  3
Shaded
350
1F3
  3
Shaded with edges
350
1F2
  3
Shades of Gray
350
1EF
  3
Sketchy
350
1F0
  3
Thicken
350
FC
  3
Wireframe
350
F6
  3
X-Ray
350
1F1
  0
XRECORD
  5
816
102
{ACAD_REACTORS
330
C
102
}
330
C
100
AcDbXrecord
280
1
 90
1
330
7F
  0
DICTIONARY
  5
5E
102
{ACAD_REACTORS
330
C
102
}
330
C
100
AcDbDictionary
281
1
  3
CANNOSCALE
350
146
  3
CENTEREXE
350
259
  3
CENTERLTYPEFILE
350
25A
  3
CMLEADERSTYLE
350
145
  3
CTABLESTYLE
350
84
  3
CVIEWDETAILSTYLE
350
227
  3
CVIEWSECTIONSTYLE
350
228
  3
DIMASSOC
350
5F
  3
HIDETEXT
350
63
  3
LAYEREVAL
350
1AE
  3
LAYERNOTIFY
350
1AF
  0
DICTIONARY
  5
58E
102
{ACAD_REACTORS
330
C
102
}
330
C
100
AcDbDictionary
281
1
  0
DICTIONARY
  5
200
102
{ACAD_REACTORS
330
1FF
102
}
330
1FF
100
AcDbDictionary
281
1
  0
DICTIONARY
  5
6C4
102
{ACAD_REACTORS
330
1CE
102
}
330
1CE
100
AcDbDictionary
281
1
  3
ACAD_ASSOCNETWORK
350
6C5
  0
SORTENTSTABLE
  5
574
102
{ACAD_REACTORS
330
2CE
102
}
330
2CE
100
AcDbSortentsTable
330
2CD
  0
SORTENTSTABLE
  5
575
102
{ACAD_REACTORS
330
2F3
102
}
330
2F3
100
AcDbSortentsTable
330
2F2
  0
SORTENTSTABLE
  5
576
102
{ACAD_REACTORS
330
499
102
}
330
499
100
AcDbSortentsTable
330
498
  0
DIMASSOC
  5
5DC
102
{ACAD_REACTORS
330
5DB
102
}
330
5DB
100
AcDbDimAssoc
330
5DA
 90
3
 70
0
 71
0
  1
AcDbOsnapPointRef
 72
1
331
5B5
 73
2
 91
1
 40
1.0
 10
0.0
 20
0.0
 30
2e+50
 75
0
  1
AcDbOsnapPointRef
 72
13
331
5D8
 73
2
 91
1
 40
0.0
 10
0.0
 20
0.0
 30
2e+50
 75
0
  0
ACDBASSOCNETWORK
  5
592
102
{ACAD_REACTORS
330
591
102
}
330
591
100
AcDbAssocAction
 90
2
 90
0
330
0
360
0
 90
0
 90
0
 90
0
 90
0
 90
0
 90
0
 90
0
100
AcDbAssocNetwork
 90
0
 90
2
 90
1
330
6C5
 90
0
  0
ACDBDETAILVIEWSTYLE
  5
51D
102
{ACAD_REACTORS
330
21B
102
}
330
21B
100
AcDbModelDocViewStyle
 70
0
  3
Imperial24
290
0
300
Imperial24
 90
0
100
AcDbDetailViewStyle
 70
0
 71
0
 90
3
 71
1
340
11
 62
256
 40
0.24
340
0
 62
256
 40
0.24
300

 40
0.36
280
3
 71
2
340
16
 90
25
 62
256
 71
3
340
11
 62
256
 40
0.24
 90
1
 40
0.75
 90
1
300
%<\AcVar ViewType \f "%tc1">% %<\AcVar ViewDetailId>%\PSCALE %<\AcVar ViewScale \f "%sn">%
 71
4
340
16
 90
25
 62
256
340
16
 90
25
 62
256
280
0
  0
ACDBDETAILVIEWSTYLE
  5
21C
102
{ACAD_REACTORS
330
21B
102
}
330
21B
100
AcDbModelDocViewStyle
 70
0
  3
Metric50
290
0
300
Metric50
 90
0
100
AcDbDetailViewStyle
 70
0
 71
0
 90
3
 71
1
340
11
 62
256
 40
5.0
340
0
 62
256
 40
5.0
300

 40
0.0
280
1
 71
2
340
16
 90
25
 62
256
 71
3
340
11
 62
256
 40
5.0
 90
0
 40
15.0
 90
1
300
%<\AcVar ViewDetailId>% (%<\AcVar ViewScale \f "%sn">%)
 71
4
340
16
 90
25
 62
256
340
16
 90
25
 62
256
280
0
  0
LAYOUT
  5
D3
102
{ACAD_REACTORS
330
1A
102
}
330
1A
100
AcDbPlotSettings
  1

  2
C:\Documents and Settings\basas\Application Data\Autodesk\AutoCAD 2005\R16.1\enu\plotters\Default Windows System Printer.pc3
  4

  6

 40
0.0
 41
0.0
 42
0.0
 43
0.0
 44
0.0
 45
0.0
 46
0.0
 47
0.0
 48
0.0
 49
0.0
140
0.0
141
0.0
142
1.0
143
1.0
 70
688
 72
0
 73
0
 74
5
  7

 75
16
 76
0
 77
2
 78
300
147
1.0
148
0.0
149
0.0
100
AcDbLayout
  1
Layout1
 70
1
 71
1
 10
0.0
 20
0.0
 11
12.0
 21
9.0
 12
0.0
 22
0.0
 32
0.0
 14
0.0
 24
0.0
 34
0.0
 15
0.0
 25
0.0
 35
0.0
146
0.0
 13
0.0
 23
0.0
 33
0.0
 16
1.0
 26
0.0
 36
0.0
 17
0.0
 27
1.0
 37
0.0
 76
0
330
D2
  0
LAYOUT
  5
D7
102
{ACAD_REACTORS
330
1A
102
}
330
1A
100
AcDbPlotSettings
  1

  2
C:\Documents and Settings\basas\Application Data\Autodesk\AutoCAD 2005\R16.1\enu\plotters\Default Windows System Printer.pc3
  4

  6

 40
0.0
 41
0.0
 42
0.0
 43
0.0
 44
0.0
 45
0.0
 46
0.0
 47
0.0
 48
0.0
 49
0.0
140
0.0
141
0.0
142
1.0
143
1.0
 70
688
 72
0
 73
0
 74
5
  7

 75
16
 76
0
 77
2
 78
300
147
1.0
148
0.0
149
0.0
100
AcDbLayout
  1
Layout2
 70
1
 71
2
 10
0.0
 20
0.0
 11
12.0
 21
9.0
 12
0.0
 22
0.0
 32
0.0
 14
0.0
 24
0.0
 34
0.0
 15
0.0
 25
0.0
 35
0.0
146
0.0
 13
0.0
 23
0.0
 33
0.0
 16
1.0
 26
0.0
 36
0.0
 17
0.0
 27
1.0
 37
0.0
 76
0
330
D6
  0
LAYOUT
  5
22
102
{ACAD_XDICTIONARY
360
205
102
}
102
{ACAD_REACTORS
330
1A
102
}
330
1A
100
AcDbPlotSettings
  1

  2
none_device
  4
ISO_A4_(210.00_x_297.00_MM)
  6

 40
7.5
 41
20.0
 42
7.5
 43
20.0
 44
210.0
 45
297.0
 46
11.54999923706054
 47
-13.65000009536743
 48
0.0
 49
0.0
140
0.0
141
0.0
142
1.0
143
8.704084754739808
 70
11952
 72
1
 73
0
 74
0
  7

 75
0
 76
0
 77
2
 78
300
147
0.1148885871608098
148
0.0
149
0.0
100
AcDbLayout
  1
Model
 70
1
 71
0
 10
0.0
 20
0.0
 11
12.0
 21
9.0
 12
0.0
 22
0.0
 32
0.0
 14
0.0
 24
0.0
 34
0.0
 15
0.0
 25
0.0
 35
0.0
146
0.0
 13
0.0
 23
0.0
 33
0.0
 16
1.0
 26
0.0
 36
0.0
 17
0.0
 27
1.0
 37
0.0
 76
0
330
1F
331
EA
1001
ACAD_PSEXT
1000
None
1000
None
1000
Not applicable
1000
The layout will not be plotted unless a new plotter configuration name is selected.
1070
0
  0
MATERIAL
  5
ED
102
{ACAD_XDICTIONARY
360
1F9
102
}
102
{ACAD_REACTORS
330
6A
102
}
330
6A
100
AcDbMaterial
  1
ByBlock
  2

 70
0
 40
1.0
 71
0
 41
1.0
 91
-1023410177
 42
1.0
 72
1
  3

 73
1
 74
1
 75
1
 44
0.5
 73
0
 45
1.0
 46
1.0
 77
1
  4

 78
1
 79
1
170
1
 48
1.0
171
1
  6

172
1
173
1
174
1
140
1.0
141
1.0
175
1
  7

176
1
177
1
178
1
143
1.0
179
1
  8

270
1
271
1
272
1
145
1.0
146
1.0
273
1
  9

274
1
275
1
276
1
 42
1.0
 72
1
  3

 73
1
 74
1
 75
1
 94
63
  0
MATERIAL
  5
EC
102
{ACAD_XDICTIONARY
360
1F7
102
}
102
{ACAD_REACTORS
330
6A
102
}
330
6A
100
AcDbMaterial
  1
ByLayer
  2

 70
0
 40
1.0
 71
0
 41
1.0
 91
-1023410177
 42
1.0
 72
1
  3

 73
1
 74
1
 75
1
 44
0.5
 73
0
 45
1.0
 46
1.0
 77
1
  4

 78
1
 79
1
170
1
 48
1.0
171
1
  6

172
1
173
1
174
1
140
1.0
141
1.0
175
1
  7

176
1
177
1
178
1
143
1.0
179
1
  8

270
1
271
1
272
1
145
1.0
146
1.0
273
1
  9

274
1
275
1
276
1
 42
1.0
 72
1
  3

 73
1
 74
1
 75
1
 94
63
  0
MATERIAL
  5
EE
102
{ACAD_XDICTIONARY
360
173
102
}
102
{ACAD_REACTORS
330
6A
102
}
330
6A
100
AcDbMaterial
  1
Global
  2

 70
0
 40
1.0
 71
0
 41
1.0
 91
-1023410177
 42
1.0
 72
1
  3

 73
1
 74
1
 75
1
 43
0.0007999999797903
 43
0.0
 43
0.0
 43
0.0
 43
0.0
 43
0.0007999999797903
 43
0.0
 43
0.0
 43
0.0
 43
0.0
 43
1.0
 43
0.0
 43
0.0
 43
0.0
 43
0.0
 43
1.0
 44
0.5
 73
0
 45
1.0
 46
1.0
 77
1
  4

 78
1
 79
1
170
1
 48
1.0
171
1
  6

172
1
173
1
174
1
 49
0.0007999999797903
 49
0.0
 49
0.0
 49
0.0
 49
0.0
 49
0.0007999999797903
 49
0.0
 49
0.0
 49
0.0
 49
0.0
 49
1.0
 49
0.0
 49
0.0
 49
0.0
 49
0.0
 49
1.0
140
1.0
141
1.0
175
1
  7

176
1
177
1
178
1
142
0.0007999999797903
142
0.0
142
0.0
142
0.0
142
0.0
142
0.0007999999797903
142
0.0
142
0.0
142
0.0
142
0.0
142
1.0
142
0.0
142
0.0
142
0.0
142
0.0
142
1.0
143
1.0
179
1
  8

270
1
271
1
272
1
144
0.0007999999797903
144
0.0
144
0.0
144
0.0
144
0.0
144
0.0007999999797903
144
0.0
144
0.0
144
0.0
144
0.0
144
1.0
144
0.0
144
0.0
144
0.0
144
0.0
144
1.0
145
1.0
146
1.0
273
1
  9

274
1
275
1
276
1
 42
1.0
 72
1
  3

 73
1
 74
1
 75
1
 94
63
1001
ACAD
1070
-1
1070
3
1070
0
1000

1071
0
1070
0
  0
MLEADERSTYLE
  5
13B
102
{ACAD_REACTORS
330
12D
102
}
330
12D
100
AcDbMLeaderStyle
179
2
170
2
171
1
172
0
 90
2
 40
0.0
 41
0.0
173
1
 91
-1056964608
340
14
 92
-2
290
1
 42
2.0
291
1
 43
8.0
  3
Standard
 44
4.0
300

342
11
174
1
175
1
176
0
178
1
 93
-1056964608
 45
4.0
292
0
297
0
 46
4.0
293
1
 94
-1056964608
 47
1.0
 49
1.0
140
1.0
294
1
141
0.0
177
0
142
1.0
295
0
296
1
143
3.75
271
0
272
9
273
9
298
0
  0
MLEADERSTYLE
  5
12E
102
{ACAD_REACTORS
330
12D
102
}
330
12D
100
AcDbMLeaderStyle
179
2
170
2
171
1
172
0
 90
2
 40
0.0
 41
0.0
173
1
 91
-1056964608
340
14
 92
-2
290
1
 42
2.0
291
1
 43
8.0
  3
Standard
 44
4.0
300

342
11
174
1
175
1
176
0
178
1
 93
-1056964608
 45
4.0
292
0
297
0
 46
4.0
293
1
 94
-1056964608
 47
1.0
 49
1.0
140
1.0
294
1
141
0.0
177
0
142
1.0
295
0
296
0
143
3.75
271
0
272
9
273
9
298
0
  0
MLINESTYLE
  5
18
102
{ACAD_REACTORS
330
17
102
}
330
17
100
AcDbMlineStyle
  2
STANDARD
 70
0
  3

 62
256
 51
90.0
 52
90.0
 71
2
 49
0.5
 62
256
  6
BYLAYER
 49
-0.5
 62
256
  6
BYLAYER
  0
ACDBPLACEHOLDER
  5
F
102
{ACAD_REACTORS
330
E
102
}
330
E
  0
RAPIDRTRENDERSETTINGS
  5
2C5
102
{ACAD_REACTORS
330
2C1
102
}
330
2C1
100
AcDbRenderSettings
 90
2
  1
Coffee-Break Quality
290
1
290
0
290
1
290
1
  1

  1
Renders for 10 minutes
 90
3
100
AcDbRapidRTRenderSettings
 90
3
 70
1
 90
1
 90
10
 70
1
 70
2
 40
3.0
 40
3.0
290
1
  0
RAPIDRTRENDERSETTINGS
  5
2C4
102
{ACAD_REACTORS
330
2C1
102
}
330
2C1
100
AcDbRenderSettings
 90
2
  1
High
290
1
290
0
290
1
290
1
  1

  1
Applies 10 rendering levels
 90
2
100
AcDbRapidRTRenderSettings
 90
3
 70
0
 90
10
 90
1
 70
2
 70
2
 40
3.0
 40
3.0
290
1
  0
RAPIDRTRENDERSETTINGS
  5
2C2
102
{ACAD_REACTORS
330
2C1
102
}
330
2C1
100
AcDbRenderSettings
 90
2
  1
Low
290
1
290
0
290
1
290
1
  1

  1
Applies 1 rendering level
 90
0
100
AcDbRapidRTRenderSettings
 90
3
 70
0
 90
1
 90
1
 70
0
 70
2
 40
3.0
 40
3.0
290
1
  0
RAPIDRTRENDERSETTINGS
  5
2C6
102
{ACAD_REACTORS
330
2C1
102
}
330
2C1
100
AcDbRenderSettings
 90
2
  1
Lunch Quality
290
1
290
0
290
1
290
1
  1

  1
Renders for 60 minutes
 90
4
100
AcDbRapidRTRenderSettings
 90
3
 70
1
 90
1
 90
60
 70
2
 70
2
 40
3.0
 40
3.0
290
1
  0
RAPIDRTRENDERSETTINGS
  5
2C3
102
{ACAD_REACTORS
330
2C1
102
}
330
2C1
100
AcDbRenderSettings
 90
2
  1
Medium
290
1
290
0
290
1
290
1
  1

  1
Applies 5 rendering levels
 90
1
100
AcDbRapidRTRenderSettings
 90
3
 70
0
 90
5
 90
1
 70
1
 70
2
 40
3.0
 40
3.0
290
1
  0
RAPIDRTRENDERSETTINGS
  5
2C7
102
{ACAD_REACTORS
330
2C1
102
}
330
2C1
100
AcDbRenderSettings
 90
2
  1
Overnight Quality
290
1
290
0
290
1
290
1
  1

  1
Renders for 12 hours
 90
5
100
AcDbRapidRTRenderSettings
 90
3
 70
1
 90
1
 90
720
 70
2
 70
2
 40
3.0
 40
3.0
290
1
  0
SCALE
  5
10D
102
{ACAD_REACTORS
330
10C
102
}
330
10C
100
AcDbScale
 70
0
300
1:1
140
1.0
141
1.0
290
1
  0
SCALE
  5
1BE
102
{ACAD_REACTORS
330
10C
102
}
330
10C
100
AcDbScale
 70
0
300
1:2
140
1.0
141
2.0
290
0
  0
SCALE
  5
1BF
102
{ACAD_REACTORS
330
10C
102
}
330
10C
100
AcDbScale
 70
0
300
1:4
140
1.0
141
4.0
290
0
  0
SCALE
  5
1C0
102
{ACAD_REACTORS
330
10C
102
}
330
10C
100
AcDbScale
 70
0
300
1:5
140
1.0
141
5.0
290
0
  0
SCALE
  5
1C1
102
{ACAD_REACTORS
330
10C
102
}
330
10C
100
AcDbScale
 70
0
300
1:8
140
1.0
141
8.0
290
0
  0
SCALE
  5
1C2
102
{ACAD_REACTORS
330
10C
102
}
330
10C
100
AcDbScale
 70
0
300
1:10
140
1.0
141
10.0
290
0
  0
SCALE
  5
1C3
102
{ACAD_REACTORS
330
10C
102
}
330
10C
100
AcDbScale
 70
0
300
1:16
140
1.0
141
16.0
290
0
  0
SCALE
  5
1C4
102
{ACAD_REACTORS
330
10C
102
}
330
10C
100
AcDbScale
 70
0
300
1:20
140
1.0
141
20.0
290
0
  0
SCALE
  5
1C5
102
{ACAD_REACTORS
330
10C
102
}
330
10C
100
AcDbScale
 70
0
300
1:30
140
1.0
141
30.0
290
0
  0
SCALE
  5
1C6
102
{ACAD_REACTORS
330
10C
102
}
330
10C
100
AcDbScale
 70
0
300
1:40
140
1.0
141
40.0
290
0
  0
SCALE
  5
1C7
102
{ACAD_REACTORS
330
10C
102
}
330
10C
100
AcDbScale
 70
0
300
1:50
140
1.0
141
50.0
290
0
  0
SCALE
  5
1C8
102
{ACAD_REACTORS
330
10C
102
}
330
10C
100
AcDbScale
 70
0
300
1:100
140
1.0
141
100.0
290
0
  0
SCALE
  5
1C9
102
{ACAD_REACTORS
330
10C
102
}
330
10C
100
AcDbScale
 70
0
300
2:1
140
2.0
141
1.0
290
0
  0
SCALE
  5
1CA
102
{ACAD_REACTORS
330
10C
102
}
330
10C
100
AcDbScale
 70
0
300
4:1
140
4.0
141
1.0
290
0
  0
SCALE
  5
1CB
102
{ACAD_REACTORS
330
10C
102
}
330
10C
100
AcDbScale
 70
0
300
8:1
140
8.0
141
1.0
290
0
  0
SCALE
  5
1CC
102
{ACAD_REACTORS
330
10C
102
}
330
10C
100
AcDbScale
 70
0
300
10:1
140
10.0
141
1.0
290
0
  0
SCALE
  5
1CD
102
{ACAD_REACTORS
330
10C
102
}
330
10C
100
AcDbScale
 70
0
300
100:1
140
100.0
141
1.0
290
0
  0
ACDBSECTIONVIEWSTYLE
  5
51C
102
{ACAD_REACTORS
330
219
102
}
330
219
100
AcDbModelDocViewStyle
 70
0
  3
Imperial24
290
0
300
Imperial24
 90
0
100
AcDbSectionViewStyle
 70
0
 71
0
 90
78
 71
1
340
11
 62
256
 40
0.24
340
0
340
0
 62
256
 40
0.24
300
I, O, Q, S, X, Z
 40
0.48
 90
3
 40
0.18
 90
1
 71
2
340
16
 90
25
 62
256
340
16
 90
50
 62
256
 40
0.24
 40
0.0
 40
0.24
 71
3
340
11
 62
256
 40
0.24
 90
1
 40
0.75
 90
1
300
%<\AcVar ViewType \f "%tc1">% %<\AcVar ViewSectionStartId>%-%<\AcVar ViewSectionEndId>%\PSCALE %<\AcVar ViewScale \f "%sn">%
 71
4
 62
256
 62
257
300
ANSI31
 40
1.0
 90
0
290
0
290
0
 90
6
 40
0.0
 40
1.570796326794896
 40
0.2617993877991494
 40
1.308996938995747
 40
-0.2617993877991494
 40
1.832595714594044
  0
ACDBSECTIONVIEWSTYLE
  5
21A
102
{ACAD_REACTORS
330
219
102
}
330
219
100
AcDbModelDocViewStyle
 70
0
  3
Metric50
290
0
300
Metric50
 90
0
100
AcDbSectionViewStyle
 70
0
 71
0
 90
102
 71
1
340
11
 62
256
 40
5.0
340
0
340
0
 62
256
 40
5.0
300
I, O, Q, S, X, Z
 40
10.0
 90
0
 40
2.5
 90
0
 71
2
340
16
 90
25
 62
256
340
16
 90
50
 62
256
 40
5.0
 40
2.5
 40
5.0
 71
3
340
11
 62
256
 40
5.0
 90
0
 40
15.0
 90
1
300
%<\AcVar ViewSectionStartId>%-%<\AcVar ViewSectionEndId>% (%<\AcVar ViewScale \f "%sn">%)
 71
4
 62
256
 62
257
300
ANSI31
 40
1.0
 90
0
290
0
290
0
 90
6
 40
0.0
 40
1.570796326794896
 40
0.2617993877991494
 40
1.308996938995747
 40
-0.2617993877991494
 40
1.832595714594044
  0
TABLESTYLE
  5
7F
102
{ACAD_XDICTIONARY
360
162
102
}
102
{ACAD_REACTORS
330
7E
102
}
330
7E
100
AcDbTableStyle
280
0
  3
Standard
 70
0
 71
0
 40
1.5
 41
1.5
280
0
281
0
  7
Standard
140
4.5
170
2
 62
0
 63
7
283
0
 90
512
 91
0
  1

274
-2
284
1
 64
0
275
-2
285
1
 65
0
276
-2
286
1
 66
0
277
-2
287
1
 67
0
278
-2
288
1
 68
0
279
-2
289
1
 69
0
  7
Standard
140
6.0
170
5
 62
0
 63
7
283
0
 90
512
 91
0
  1

274
-2
284
1
 64
0
275
-2
285
1
 65
0
276
-2
286
1
 66
0
277
-2
287
1
 67
0
278
-2
288
1
 68
0
279
-2
289
1
 69
0
  7
Standard
140
4.5
170
5
 62
0
 63
7
283
0
 90
512
 91
0
  1

274
-2
284
1
 64
0
275
-2
285
1
 65
0
276
-2
286
1
 66
0
277
-2
287
1
 67
0
278
-2
288
1
 68
0
279
-2
289
1
 69
0
  0
VISUALSTYLE
  5
F5
102
{ACAD_REACTORS
330
EF
102
}
330
EF
100
AcDbVisualStyle
  2
2dWireframe
 70
4
177
3
291
0
 70
58
 90
0
176
1
 90
2
176
1
 90
1
176
1
 90
0
176
1
 40
0.6
176
1
 40
30.0
176
1
 62
7
420
16777215
176
1
 90
1
176
1
 90
4
176
1
 62
7
176
1
 62
257
176
1
 90
1
176
1
 90
1
176
1
 40
1.0
176
1
 90
0
176
1
 62
257
176
1
 40
1.0
176
1
 90
1
176
1
 90
6
176
1
 90
2
176
1
 62
7
176
1
 90
5
176
1
 90
0
176
1
 90
0
176
1
290
0
176
1
 90
1
176
1
 40
0.0
176
1
 90
0
176
1
290
1
176
1
290
1
176
1
290
0
176
1
290
0
176
1
290
0
176
1
290
0
176
1
290
0
176
1
290
0
176
1
290
0
176
1
 90
50
176
1
 40
0.0
176
1
 40
1.0
176
1
 90
0
176
1
 62
18
176
1
 90
50
176
1
 90
3
176
1
 62
5
420
255
176
1
290
0
176
1
 90
50
176
1
 90
50
176
1
 90
50
176
1
290
0
176
1
 90
50
176
1
 62
256
176
0
 40
1.0
176
0
 90
2
176
1
  1
strokes_ogs.tif
176
1
290
0
176
1
 40
1.0
176
1
 40
1.0
176
1
  0
VISUALSTYLE
  5
F4
102
{ACAD_REACTORS
330
EF
102
}
330
EF
100
AcDbVisualStyle
  2
Basic
 70
7
177
3
291
1
 70
58
 90
1
176
1
 90
0
176
1
 90
1
176
1
 90
0
176
1
 40
0.6
176
1
 40
30.0
176
1
 62
7
420
16777215
176
1
 90
0
176
1
 90
4
176
1
 62
7
176
1
 62
257
176
1
 90
1
176
1
 90
1
176
1
 40
1.0
176
1
 90
8
176
1
 62
7
176
1
 40
1.0
176
1
 90
1
176
1
 90
6
176
1
 90
2
176
1
 62
7
176
1
 90
5
176
1
 90
0
176
1
 90
0
176
1
290
0
176
1
 90
1
176
1
 40
0.0
176
1
 90
0
176
1
290
0
176
1
290
1
176
1
290
1
176
1
290
0
176
1
290
0
176
1
290
0
176
1
290
0
176
1
290
0
176
1
290
0
176
1
 90
50
176
1
 40
0.0
176
1
 40
1.0
176
1
 90
0
176
1
 62
18
176
1
 90
50
176
1
 90
3
176
1
 62
5
420
255
176
1
290
0
176
1
 90
50
176
1
 90
50
176
1
 90
50
176
1
290
0
176
1
 90
50
176
1
 62
256
176
0
 40
1.0
176
0
 90
2
176
1
  1
strokes_ogs.tif
176
1
290
0
176
1
 40
1.0
176
1
 40
1.0
176
1
  0
VISUALSTYLE
  5
FB
102
{ACAD_REACTORS
330
EF
102
}
330
EF
100
AcDbVisualStyle
  2
Brighten
 70
12
177
3
291
1
 70
58
 90
2
176
1
 90
2
176
1
 90
1
176
1
 90
0
176
1
 40
0.6
176
1
 40
30.0
176
1
 62
7
420
16777215
176
1
 90
1
176
1
 90
4
176
1
 62
7
176
1
 62
257
176
1
 90
1
176
1
 90
1
176
1
 40
1.0
176
1
 90
8
176
1
 62
7
176
1
 40
1.0
176
1
 90
1
176
1
 90
6
176
1
 90
2
176
1
 62
7
176
1
 90
5
176
1
 90
0
176
1
 90
0
176
1
290
0
176
1
 90
1
176
1
 40
50.0
176
1
 90
0
176
1
290
0
176
1
290
1
176
1
290
1
176
1
290
0
176
1
290
0
176
1
290
0
176
1
290
0
176
1
290
0
176
1
290
0
176
1
 90
50
176
1
 40
0.0
176
1
 40
1.0
176
1
 90
0
176
1
 62
18
176
1
 90
50
176
1
 90
3
176
1
 62
5
420
255
176
1
290
0
176
1
 90
50
176
1
 90
50
176
1
 90
50
176
1
290
0
176
1
 90
50
176
1
 62
256
176
0
 40
1.0
176
0
 90
2
176
1
  1
strokes_ogs.tif
176
1
290
0
176
1
 40
1.0
176
1
 40
1.0
176
1
  0
VISUALSTYLE
  5
FF
102
{ACAD_REACTORS
330
EF
102
}
330
EF
100
AcDbVisualStyle
  2
ColorChange
 70
16
177
3
291
1
 70
58
 90
2
176
1
 90
2
176
1
 90
3
176
1
 90
0
176
1
 40
0.6
176
1
 40
30.0
176
1
 62
8
420
8421504
176
1
 90
1
176
1
 90
4
176
1
 62
7
176
1
 62
257
176
1
 90
1
176
1
 90
1
176
1
 40
1.0
176
1
 90
8
176
1
 62
8
420
8421504
176
1
 40
1.0
176
1
 90
1
176
1
 90
6
176
1
 90
2
176
1
 62
7
176
1
 90
5
176
1
 90
0
176
1
 90
0
176
1
290
0
176
1
 90
1
176
1
 40
0.0
176
1
 90
0
176
1
290
0
176
1
290
1
176
1
290
1
176
1
290
0
176
1
290
0
176
1
290
0
176
1
290
0
176
1
290
0
176
1
290
0
176
1
 90
50
176
1
 40
0.0
176
1
 40
1.0
176
1
 90
0
176
1
 62
18
176
1
 90
50
176
1
 90
3
176
1
 62
5
420
255
176
1
290
0
176
1
 90
50
176
1
 90
50
176
1
 90
50
176
1
290
0
176
1
 90
50
176
1
 62
256
176
0
 40
1.0
176
0
 90
2
176
1
  1
strokes_ogs.tif
176
1
290
0
176
1
 40
1.0
176
1
 40
1.0
176
1
  0
VISUALSTYLE
  5
F8
102
{ACAD_REACTORS
330
EF
102
}
330
EF
100
AcDbVisualStyle
  2
Conceptual
 70
9
177
3
291
0
 70
58
 90
3
176
1
 90
2
176
1
 90
1
176
1
 90
0
176
1
 40
0.6
176
1
 40
30.0
176
1
 62
7
420
16777215
176
1
 90
2
176
1
 90
2
176
1
 62
7
176
1
 62
257
176
1
 90
1
176
1
 90
1
176
1
 40
40.0
176
1
 90
8
176
1
 62
7
176
1
 40
1.0
176
1
 90
1
176
1
 90
6
176
1
 90
2
176
1
 62
7
176
1
 90
3
176
1
 90
0
176
1
 90
0
176
1
290
0
176
1
 90
1
176
1
 40
0.0
176
1
 90
0
176
1
290
0
176
1
290
1
176
1
290
1
176
1
290
0
176
1
290
0
176
1
290
0
176
1
290
0
176
1
290
0
176
1
290
0
176
1
 90
50
176
1
 40
0.0
176
1
 40
1.0
176
1
 90
0
176
1
 62
18
176
1
 90
50
176
1
 90
3
176
1
 62
5
420
255
176
1
290
0
176
1
 90
50
176
1
 90
50
176
1
 90
50
176
1
290
0
176
1
 90
50
176
1
 62
256
176
0
 40
1.0
176
0
 90
2
176
1
  1
strokes_ogs.tif
176
1
290
0
176
1
 40
1.0
176
1
 40
1.0
176
1
  0
VISUALSTYLE
  5
FA
102
{ACAD_REACTORS
330
EF
102
}
330
EF
100
AcDbVisualStyle
  2
Dim
 70
11
177
3
291
1
 70
58
 90
2
176
1
 90
2
176
1
 90
1
176
1
 90
0
176
1
 40
0.6
176
1
 40
30.0
176
1
 62
7
420
16777215
176
1
 90
1
176
1
 90
4
176
1
 62
7
176
1
 62
257
176
1
 90
1
176
1
 90
1
176
1
 40
1.0
176
1
 90
8
176
1
 62
7
176
1
 40
1.0
176
1
 90
1
176
1
 90
6
176
1
 90
2
176
1
 62
7
176
1
 90
5
176
1
 90
0
176
1
 90
0
176
1
290
0
176
1
 90
1
176
1
 40
-50.0
176
1
 90
0
176
1
290
0
176
1
290
1
176
1
290
1
176
1
290
0
176
1
290
0
176
1
290
0
176
1
290
0
176
1
290
0
176
1
290
0
176
1
 90
50
176
1
 40
0.0
176
1
 40
1.0
176
1
 90
0
176
1
 62
18
176
1
 90
50
176
1
 90
3
176
1
 62
5
420
255
176
1
290
0
176
1
 90
50
176
1
 90
50
176
1
 90
50
176
1
290
0
176
1
 90
50
176
1
 62
256
176
0
 40
1.0
176
0
 90
2
176
1
  1
strokes_ogs.tif
176
1
290
0
176
1
 40
1.0
176
1
 40
1.0
176
1
  0
VISUALSTYLE
  5
1E6
102
{ACAD_REACTORS
330
EF
102
}
330
EF
100
AcDbVisualStyle
  2
EdgeColorOff
 70
22
177
3
291
1
 70
58
 90
2
176
0
 90
2
176
0
 90
0
176
0
 90
0
176
0
 40
0.6
176
0
 40
30.0
176
0
 62
7
420
16777215
176
0
 90
1
176
0
 90
4
176
0
 62
7
176
0
 62
257
176
0
 90
1
176
0
 90
1
176
0
 40
1.0
176
0
 90
8
176
2
 62
7
176
0
 40
1.0
176
0
 90
1
176
0
 90
6
176
0
 90
2
176
0
 62
7
176
0
 90
5
176
0
 90
0
176
0
 90
0
176
0
290
0
176
0
 90
1
176
0
 40
0.0
176
0
 90
0
176
0
290
0
176
1
290
1
176
1
290
1
176
1
290
0
176
1
290
0
176
1
290
0
176
1
290
0
176
1
290
0
176
1
290
0
176
1
 90
50
176
1
 40
0.0
176
1
 40
1.0
176
1
 90
0
176
1
 62
18
176
1
 90
50
176
1
 90
3
176
1
 62
5
420
255
176
1
290
0
176
1
 90
50
176
1
 90
50
176
1
 90
50
176
1
290
0
176
1
 90
50
176
1
 62
256
176
0
 40
1.0
176
0
 90
2
176
1
  1
strokes_ogs.tif
176
1
290
0
176
1
 40
1.0
176
1
 40
1.0
176
1
  0
VISUALSTYLE
  5
FE
102
{ACAD_REACTORS
330
EF
102
}
330
EF
100
AcDbVisualStyle
  2
Facepattern
 70
15
177
3
291
1
 70
58
 90
2
176
1
 90
2
176
1
 90
1
176
1
 90
0
176
1
 40
0.6
176
1
 40
30.0
176
1
 62
7
420
16777215
176
1
 90
1
176
1
 90
4
176
1
 62
7
176
1
 62
257
176
1
 90
1
176
1
 90
1
176
1
 40
1.0
176
1
 90
8
176
1
 62
7
176
1
 40
1.0
176
1
 90
1
176
1
 90
6
176
1
 90
2
176
1
 62
7
176
1
 90
5
176
1
 90
0
176
1
 90
0
176
1
290
0
176
1
 90
1
176
1
 40
0.0
176
1
 90
0
176
1
290
0
176
1
290
1
176
1
290
1
176
1
290
0
176
1
290
0
176
1
290
0
176
1
290
0
176
1
290
0
176
1
290
0
176
1
 90
50
176
1
 40
0.0
176
1
 40
1.0
176
1
 90
0
176
1
 62
18
176
1
 90
50
176
1
 90
3
176
1
 62
5
420
255
176
1
290
0
176
1
 90
50
176
1
 90
50
176
1
 90
50
176
1
290
0
176
1
 90
50
176
1
 62
256
176
0
 40
1.0
176
0
 90
2
176
1
  1
strokes_ogs.tif
176
1
290
0
176
1
 40
1.0
176
1
 40
1.0
176
1
  0
VISUALSTYLE
  5
F0
102
{ACAD_REACTORS
330
EF
102
}
330
EF
100
AcDbVisualStyle
  2
Flat
 70
0
177
3
291
1
 70
58
 90
2
176
1
 90
1
176
1
 90
1
176
1
 90
2
176
1
 40
0.6
176
1
 40
30.0
176
1
 62
7
420
16777215
176
1
 90
0
176
1
 90
0
176
1
 62
7
176
1
 62
257
176
1
 90
1
176
1
 90
1
176
1
 40
1.0
176
1
 90
8
176
1
 62
7
176
1
 40
1.0
176
1
 90
1
176
1
 90
6
176
1
 90
2
176
1
 62
7
176
1
 90
5
176
1
 90
0
176
1
 90
0
176
1
290
0
176
1
 90
13
176
1
 40
0.0
176
1
 90
0
176
1
290
0
176
1
290
1
176
1
290
1
176
1
290
0
176
1
290
0
176
1
290
0
176
1
290
0
176
1
290
0
176
1
290
0
176
1
 90
50
176
1
 40
0.0
176
1
 40
1.0
176
1
 90
0
176
1
 62
18
176
1
 90
50
176
1
 90
3
176
1
 62
5
420
255
176
1
290
0
176
1
 90
50
176
1
 90
50
176
1
 90
50
176
1
290
0
176
1
 90
50
176
1
 62
256
176
0
 40
1.0
176
0
 90
2
176
1
  1
strokes_ogs.tif
176
1
290
0
176
1
 40
1.0
176
1
 40
1.0
176
1
  0
VISUALSTYLE
  5
F1
102
{ACAD_REACTORS
330
EF
102
}
330
EF
100
AcDbVisualStyle
  2
FlatWithEdges
 70
1
177
3
291
1
 70
58
 90
2
176
1
 90
1
176
1
 90
1
176
1
 90
2
176
1
 40
0.6
176
1
 40
30.0
176
1
 62
7
420
16777215
176
1
 90
1
176
1
 90
0
176
1
 62
7
176
1
 62
257
176
1
 90
1
176
1
 90
1
176
1
 40
1.0
176
1
 90
0
176
1
 62
257
176
1
 40
1.0
176
1
 90
1
176
1
 90
6
176
1
 90
2
176
1
 62
7
176
1
 90
5
176
1
 90
0
176
1
 90
0
176
1
290
0
176
1
 90
13
176
1
 40
0.0
176
1
 90
0
176
1
290
0
176
1
290
1
176
1
290
1
176
1
290
0
176
1
290
0
176
1
290
0
176
1
290
0
176
1
290
0
176
1
290
0
176
1
 90
50
176
1
 40
0.0
176
1
 40
1.0
176
1
 90
0
176
1
 62
18
176
1
 90
50
176
1
 90
3
176
1
 62
5
420
255
176
1
290
0
176
1
 90
50
176
1
 90
50
176
1
 90
50
176
1
290
0
176
1
 90
50
176
1
 62
256
176
0
 40
1.0
176
0
 90
2
176
1
  1
strokes_ogs.tif
176
1
290
0
176
1
 40
1.0
176
1
 40
1.0
176
1
  0
VISUALSTYLE
  5
F2
102
{ACAD_REACTORS
330
EF
102
}
330
EF
100
AcDbVisualStyle
  2
Gouraud
 70
2
177
3
291
1
 70
58
 90
2
176
1
 90
2
176
1
 90
1
176
1
 90
2
176
1
 40
0.6
176
1
 40
30.0
176
1
 62
7
420
16777215
176
1
 90
0
176
1
 90
0
176
1
 62
7
176
1
 62
257
176
1
 90
1
176
1
 90
1
176
1
 40
1.0
176
1
 90
0
176
1
 62
7
176
1
 40
1.0
176
1
 90
1
176
1
 90
6
176
1
 90
2
176
1
 62
7
176
1
 90
5
176
1
 90
0
176
1
 90
0
176
1
290
0
176
1
 90
13
176
1
 40
0.0
176
1
 90
0
176
1
290
0
176
1
290
1
176
1
290
1
176
1
290
0
176
1
290
0
176
1
290
0
176
1
290
0
176
1
290
0
176
1
290
0
176
1
 90
50
176
1
 40
0.0
176
1
 40
1.0
176
1
 90
0
176
1
 62
18
176
1
 90
50
176
1
 90
3
176
1
 62
5
420
255
176
1
290
0
176
1
 90
50
176
1
 90
50
176
1
 90
50
176
1
290
0
176
1
 90
50
176
1
 62
256
176
0
 40
1.0
176
0
 90
2
176
1
  1
strokes_ogs.tif
176
1
290
0
176
1
 40
1.0
176
1
 40
1.0
176
1
  0
VISUALSTYLE
  5
F3
102
{ACAD_REACTORS
330
EF
102
}
330
EF
100
AcDbVisualStyle
  2
GouraudWithEdges
 70
3
177
3
291
1
 70
58
 90
2
176
1
 90
2
176
1
 90
1
176
1
 90
2
176
1
 40
0.6
176
1
 40
30.0
176
1
 62
7
420
16777215
176
1
 90
1
176
1
 90
0
176
1
 62
7
176
1
 62
257
176
1
 90
1
176
1
 90
1
176
1
 40
1.0
176
1
 90
0
176
1
 62
257
176
1
 40
1.0
176
1
 90
1
176
1
 90
6
176
1
 90
2
176
1
 62
7
176
1
 90
5
176
1
 90
0
176
1
 90
0
176
1
290
0
176
1
 90
13
176
1
 40
0.0
176
1
 90
0
176
1
290
0
176
1
290
1
176
1
290
1
176
1
290
0
176
1
290
0
176
1
290
0
176
1
290
0
176
1
290
0
176
1
290
0
176
1
 90
50
176
1
 40
0.0
176
1
 40
1.0
176
1
 90
0
176
1
 62
18
176
1
 90
50
176
1
 90
3
176
1
 62
5
420
255
176
1
290
0
176
1
 90
50
176
1
 90
50
176
1
 90
50
176
1
290
0
176
1
 90
50
176
1
 62
256
176
0
 40
1.0
176
0
 90
2
176
1
  1
strokes_ogs.tif
176
1
290
0
176
1
 40
1.0
176
1
 40
1.0
176
1
  0
VISUALSTYLE
  5
F7
102
{ACAD_REACTORS
330
EF
102
}
330
EF
100
AcDbVisualStyle
  2
Hidden
 70
6
177
3
291
0
 70
58
 90
1
176
1
 90
2
176
1
 90
2
176
1
 90
0
176
1
 40
0.6
176
1
 40
30.0
176
1
 62
7
420
16777215
176
1
 90
2
176
1
 90
2
176
1
 62
7
176
1
 62
257
176
1
 90
2
176
1
 90
1
176
1
 40
40.0
176
1
 90
0
176
1
 62
257
176
1
 40
1.0
176
1
 90
1
176
1
 90
6
176
1
 90
2
176
1
 62
7
176
1
 90
3
176
1
 90
0
176
1
 90
0
176
1
290
0
176
1
 90
1
176
1
 40
0.0
176
1
 90
0
176
1
290
0
176
1
290
1
176
1
290
1
176
1
290
0
176
1
290
0
176
1
290
0
176
1
290
0
176
1
290
0
176
1
290
0
176
1
 90
50
176
1
 40
0.0
176
1
 40
1.0
176
1
 90
0
176
1
 62
18
176
1
 90
50
176
1
 90
3
176
1
 62
5
420
255
176
1
290
0
176
1
 90
50
176
1
 90
50
176
1
 90
50
176
1
290
0
176
1
 90
50
176
1
 62
256
176
0
 40
1.0
176
0
 90
2
176
1
  1
strokes_ogs.tif
176
1
290
0
176
1
 40
1.0
176
1
 40
1.0
176
1
  0
VISUALSTYLE
  5
1E4
102
{ACAD_REACTORS
330
EF
102
}
330
EF
100
AcDbVisualStyle
  2
JitterOff
 70
20
177
3
291
1
 70
58
 90
2
176
0
 90
2
176
0
 90
0
176
0
 90
0
176
0
 40
0.6
176
0
 40
30.0
176
0
 62
7
420
16777215
176
0
 90
1
176
0
 90
4
176
0
 62
7
176
0
 62
257
176
0
 90
1
176
0
 90
1
176
0
 40
1.0
176
0
 90
10
176
2
 62
7
176
0
 40
1.0
176
0
 90
1
176
0
 90
6
176
0
 90
2
176
0
 62
7
176
0
 90
5
176
0
 90
0
176
0
 90
0
176
0
290
0
176
0
 90
1
176
0
 40
0.0
176
0
 90
0
176
0
290
0
176
1
290
1
176
1
290
1
176
1
290
0
176
1
290
0
176
1
290
0
176
1
290
0
176
1
290
0
176
1
290
0
176
1
 90
50
176
1
 40
0.0
176
1
 40
1.0
176
1
 90
0
176
1
 62
18
176
1
 90
50
176
1
 90
3
176
1
 62
5
420
255
176
1
290
0
176
1
 90
50
176
1
 90
50
176
1
 90
50
176
1
290
0
176
1
 90
50
176
1
 62
256
176
0
 40
1.0
176
0
 90
2
176
1
  1
strokes_ogs.tif
176
1
290
0
176
1
 40
1.0
176
1
 40
1.0
176
1
  0
VISUALSTYLE
  5
FD
102
{ACAD_REACTORS
330
EF
102
}
330
EF
100
AcDbVisualStyle
  2
Linepattern
 70
14
177
3
291
1
 70
58
 90
2
176
1
 90
2
176
1
 90
1
176
1
 90
0
176
1
 40
0.6
176
1
 40
30.0
176
1
 62
7
420
16777215
176
1
 90
1
176
1
 90
4
176
1
 62
7
176
1
 62
257
176
1
 90
7
176
1
 90
7
176
1
 40
1.0
176
1
 90
8
176
1
 62
7
176
1
 40
1.0
176
1
 90
1
176
1
 90
6
176
1
 90
2
176
1
 62
7
176
1
 90
5
176
1
 90
0
176
1
 90
0
176
1
290
0
176
1
 90
1
176
1
 40
0.0
176
1
 90
0
176
1
290
0
176
1
290
1
176
1
290
1
176
1
290
0
176
1
290
0
176
1
290
0
176
1
290
0
176
1
290
0
176
1
290
0
176
1
 90
50
176
1
 40
0.0
176
1
 40
1.0
176
1
 90
0
176
1
 62
18
176
1
 90
50
176
1
 90
3
176
1
 62
5
420
255
176
1
290
0
176
1
 90
50
176
1
 90
50
176
1
 90
50
176
1
290
0
176
1
 90
50
176
1
 62
256
176
0
 40
1.0
176
0
 90
2
176
1
  1
strokes_ogs.tif
176
1
290
0
176
1
 40
1.0
176
1
 40
1.0
176
1
  0
VISUALSTYLE
  5
1E5
102
{ACAD_REACTORS
330
EF
102
}
330
EF
100
AcDbVisualStyle
  2
OverhangOff
 70
21
177
3
291
1
 70
58
 90
2
176
0
 90
2
176
0
 90
0
176
0
 90
0
176
0
 40
0.6
176
0
 40
30.0
176
0
 62
7
420
16777215
176
0
 90
1
176
0
 90
4
176
0
 62
7
176
0
 62
257
176
0
 90
1
176
0
 90
1
176
0
 40
1.0
176
0
 90
9
176
2
 62
7
176
0
 40
1.0
176
0
 90
1
176
0
 90
6
176
0
 90
2
176
0
 62
7
176
0
 90
5
176
0
 90
0
176
0
 90
0
176
0
290
0
176
0
 90
1
176
0
 40
0.0
176
0
 90
0
176
0
290
0
176
1
290
1
176
1
290
1
176
1
290
0
176
1
290
0
176
1
290
0
176
1
290
0
176
1
290
0
176
1
290
0
176
1
 90
50
176
1
 40
0.0
176
1
 40
1.0
176
1
 90
0
176
1
 62
18
176
1
 90
50
176
1
 90
3
176
1
 62
5
420
255
176
1
290
0
176
1
 90
50
176
1
 90
50
176
1
 90
50
176
1
290
0
176
1
 90
50
176
1
 62
256
176
0
 40
1.0
176
0
 90
2
176
1
  1
strokes_ogs.tif
176
1
290
0
176
1
 40
1.0
176
1
 40
1.0
176
1
  0
VISUALSTYLE
  5
F9
102
{ACAD_REACTORS
330
EF
102
}
330
EF
100
AcDbVisualStyle
  2
Realistic
 70
8
177
3
291
0
 70
58
 90
2
176
1
 90
3
176
1
 90
0
176
1
 90
2
176
1
 40
0.6
176
1
 40
30.0
176
1
 62
7
420
16777215
176
1
 90
0
176
1
 90
0
176
1
 62
7
176
1
 62
257
176
1
 90
1
176
1
 90
1
176
1
 40
1.0
176
1
 90
8
176
1
 62
257
176
1
 40
1.0
176
1
 90
1
176
1
 90
6
176
1
 90
2
176
1
 62
7
176
1
 90
3
176
1
 90
0
176
1
 90
0
176
1
290
0
176
1
 90
13
176
1
 40
0.0
176
1
 90
0
176
1
290
0
176
1
290
1
176
1
290
1
176
1
290
0
176
1
290
0
176
1
290
0
176
1
290
0
176
1
290
0
176
1
290
0
176
1
 90
50
176
1
 40
0.0
176
1
 40
1.0
176
1
 90
0
176
1
 62
18
176
1
 90
50
176
1
 90
3
176
1
 62
5
420
255
176
1
290
0
176
1
 90
50
176
1
 90
50
176
1
 90
50
176
1
290
0
176
1
 90
50
176
1
 62
256
176
0
 40
1.0
176
0
 90
2
176
1
  1
strokes_ogs.tif
176
1
290
0
176
1
 40
1.0
176
1
 40
1.0
176
1
  0
VISUALSTYLE
  5
1F3
102
{ACAD_REACTORS
330
EF
102
}
330
EF
100
AcDbVisualStyle
  2
Shaded
 70
27
177
3
291
0
 70
58
 90
2
176
1
 90
2
176
1
 90
1
176
1
 90
2
176
1
 40
0.6
176
1
 40
30.0
176
1
 62
7
420
16777215
176
1
 90
0
176
1
 90
4
176
1
 62
7
176
1
 62
257
176
1
 90
1
176
1
 90
1
176
1
 40
1.0
176
1
 90
8
176
1
 62
257
176
1
 40
1.0
176
1
 90
1
176
1
 90
6
176
1
 90
2
176
1
 62
8
420
7895160
176
1
 90
3
176
1
 90
0
176
1
 90
0
176
1
290
0
176
1
 90
5
176
1
 40
0.0
176
1
 90
0
176
1
290
0
176
1
290
1
176
1
290
1
176
1
290
0
176
1
290
0
176
1
290
0
176
1
290
0
176
1
290
0
176
1
290
0
176
1
 90
50
176
1
 40
0.0
176
1
 40
1.0
176
1
 90
0
176
1
 62
18
176
1
 90
50
176
1
 90
3
176
1
 62
5
420
255
176
1
290
0
176
1
 90
50
176
1
 90
50
176
1
 90
50
176
1
290
0
176
1
 90
50
176
1
 62
256
176
0
 40
1.0
176
0
 90
2
176
1
  1
strokes_ogs.tif
176
1
290
0
176
1
 40
1.0
176
1
 40
1.0
176
1
  0
VISUALSTYLE
  5
1F2
102
{ACAD_REACTORS
330
EF
102
}
330
EF
100
AcDbVisualStyle
  2
Shaded with edges
 70
26
177
3
291
0
 70
58
 90
2
176
1
 90
2
176
1
 90
1
176
1
 90
2
176
1
 40
0.6
176
1
 40
30.0
176
1
 62
7
420
16777215
176
1
 90
1
176
1
 90
2
176
1
 62
7
176
1
 62
257
176
1
 90
2
176
1
 90
1
176
1
 40
1.0
176
1
 90
8
176
1
 62
257
176
1
 40
1.0
176
1
 90
1
176
1
 90
6
176
1
 90
2
176
1
 62
7
176
1
 90
3
176
1
 90
0
176
1
 90
0
176
1
290
0
176
1
 90
5
176
1
 40
0.0
176
1
 90
0
176
1
290
0
176
1
290
1
176
1
290
1
176
1
290
0
176
1
290
0
176
1
290
0
176
1
290
0
176
1
290
0
176
1
290
0
176
1
 90
50
176
1
 40
0.0
176
1
 40
1.0
176
1
 90
0
176
1
 62
18
176
1
 90
50
176
1
 90
3
176
1
 62
5
420
255
176
1
290
0
176
1
 90
50
176
1
 90
50
176
1
 90
50
176
1
290
0
176
1
 90
50
176
1
 62
256
176
0
 40
1.0
176
0
 90
2
176
1
  1
strokes_ogs.tif
176
1
290
0
176
1
 40
1.0
176
1
 40
1.0
176
1
  0
VISUALSTYLE
  5
1EF
102
{ACAD_REACTORS
330
EF
102
}
330
EF
100
AcDbVisualStyle
  2
Shades of Gray
 70
23
177
3
291
0
 70
58
 90
2
176
1
 90
2
176
1
 90
3
176
1
 90
0
176
1
 40
0.6
176
1
 40
30.0
176
1
 62
7
420
16777215
176
1
 90
2
176
1
 90
2
176
1
 62
7
176
1
 62
7
176
1
 90
1
176
1
 90
1
176
1
 40
40.0
176
1
 90
8
176
1
 62
7
176
1
 40
1.0
176
1
 90
1
176
1
 90
6
176
1
 90
2
176
1
 62
7
176
1
 90
3
176
1
 90
0
176
1
 90
0
176
1
290
0
176
1
 90
1
176
1
 40
0.0
176
1
 90
0
176
1
290
0
176
1
290
1
176
1
290
1
176
1
290
0
176
1
290
0
176
1
290
0
176
1
290
0
176
1
290
0
176
1
290
0
176
1
 90
50
176
1
 40
0.0
176
1
 40
1.0
176
1
 90
0
176
1
 62
18
176
1
 90
50
176
1
 90
3
176
1
 62
5
420
255
176
1
290
0
176
1
 90
50
176
1
 90
50
176
1
 90
50
176
1
290
0
176
1
 90
50
176
1
 62
256
176
0
 40
1.0
176
0
 90
2
176
1
  1
strokes_ogs.tif
176
1
290
0
176
1
 40
1.0
176
1
 40
1.0
176
1
  0
VISUALSTYLE
  5
1F0
102
{ACAD_REACTORS
330
EF
102
}
330
EF
100
AcDbVisualStyle
  2
Sketchy
 70
24
177
3
291
0
 70
58
 90
1
176
1
 90
2
176
1
 90
2
176
1
 90
0
176
1
 40
0.6
176
1
 40
30.0
176
1
 62
7
420
16777215
176
1
 90
2
176
1
 90
2
176
1
 62
7
176
1
 62
7
176
1
 90
1
176
1
 90
1
176
1
 40
40.0
176
1
 90
11
176
1
 62
7
176
1
 40
1.0
176
1
 90
1
176
1
 90
6
176
1
 90
2
176
1
 62
7
176
1
 90
6
176
1
 90
0
176
1
 90
0
176
1
290
0
176
1
 90
1
176
1
 40
0.0
176
1
 90
0
176
1
290
0
176
1
290
1
176
1
290
1
176
1
290
0
176
1
290
0
176
1
290
0
176
1
290
0
176
1
290
0
176
1
290
0
176
1
 90
50
176
1
 40
0.0
176
1
 40
1.0
176
1
 90
0
176
1
 62
18
176
1
 90
50
176
1
 90
3
176
1
 62
5
420
255
176
1
290
0
176
1
 90
50
176
1
 90
50
176
1
 90
50
176
1
290
0
176
1
 90
50
176
1
 62
256
176
0
 40
1.0
176
0
 90
2
176
1
  1
strokes_ogs.tif
176
1
290
0
176
1
 40
1.0
176
1
 40
1.0
176
1
  0
VISUALSTYLE
  5
FC
102
{ACAD_REACTORS
330
EF
102
}
330
EF
100
AcDbVisualStyle
  2
Thicken
 70
13
177
3
291
1
 70
58
 90
2
176
1
 90
2
176
1
 90
1
176
1
 90
0
176
1
 40
0.6
176
1
 40
30.0
176
1
 62
7
420
16777215
176
1
 90
1
176
1
 90
4
176
1
 62
7
176
1
 62
257
176
1
 90
1
176
1
 90
1
176
1
 40
1.0
176
1
 90
12
176
1
 62
7
176
1
 40
1.0
176
1
 90
1
176
1
 90
6
176
1
 90
2
176
1
 62
7
176
1
 90
5
176
1
 90
0
176
1
 90
0
176
1
290
0
176
1
 90
1
176
1
 40
0.0
176
1
 90
0
176
1
290
0
176
1
290
1
176
1
290
1
176
1
290
0
176
1
290
0
176
1
290
0
176
1
290
0
176
1
290
0
176
1
290
0
176
1
 90
50
176
1
 40
0.0
176
1
 40
1.0
176
1
 90
0
176
1
 62
18
176
1
 90
50
176
1
 90
3
176
1
 62
5
420
255
176
1
290
0
176
1
 90
50
176
1
 90
50
176
1
 90
50
176
1
290
0
176
1
 90
50
176
1
 62
256
176
0
 40
1.0
176
0
 90
2
176
1
  1
strokes_ogs.tif
176
1
290
0
176
1
 40
1.0
176
1
 40
1.0
176
1
  0
VISUALSTYLE
  5
F6
102
{ACAD_REACTORS
330
EF
102
}
330
EF
100
AcDbVisualStyle
  2
Wireframe
 70
5
177
3
291
0
 70
58
 90
0
176
1
 90
2
176
1
 90
0
176
1
 90
0
176
1
 40
0.6
176
1
 40
30.0
176
1
 62
7
420
16777215
176
1
 90
1
176
1
 90
4
176
1
 62
7
176
1
 62
257
176
1
 90
1
176
1
 90
1
176
1
 40
1.0
176
1
 90
0
176
1
 62
257
176
1
 40
1.0
176
1
 90
1
176
1
 90
6
176
1
 90
2
176
1
 62
7
176
1
 90
3
176
1
 90
0
176
1
 90
0
176
1
290
0
176
1
 90
1
176
1
 40
0.0
176
1
 90
0
176
1
290
0
176
1
290
1
176
1
290
1
176
1
290
0
176
1
290
0
176
1
290
0
176
1
290
0
176
1
290
0
176
1
290
0
176
1
 90
50
176
1
 40
0.0
176
1
 40
1.0
176
1
 90
0
176
1
 62
18
176
1
 90
50
176
1
 90
3
176
1
 62
5
420
255
176
1
290
0
176
1
 90
50
176
1
 90
50
176
1
 90
50
176
1
290
0
176
1
 90
50
176
1
 62
256
176
0
 40
1.0
176
0
 90
2
176
1
  1
strokes_ogs.tif
176
1
290
0
176
1
 40
1.0
176
1
 40
1.0
176
1
  0
VISUALSTYLE
  5
1F1
102
{ACAD_REACTORS
330
EF
102
}
330
EF
100
AcDbVisualStyle
  2
X-Ray
 70
25
177
3
291
0
 70
58
 90
2
176
1
 90
2
176
1
 90
1
176
1
 90
1
176
1
 40
0.5
176
1
 40
30.0
176
1
 62
7
420
16777215
176
1
 90
1
176
1
 90
0
176
1
 62
7
176
1
 62
257
176
1
 90
1
176
1
 90
1
176
1
 40
1.0
176
1
 90
8
176
1
 62
7
176
1
 40
1.0
176
1
 90
1
176
1
 90
6
176
1
 90
2
176
1
 62
7
176
1
 90
3
176
1
 90
0
176
1
 90
0
176
1
290
0
176
1
 90
13
176
1
 40
0.0
176
1
 90
0
176
1
290
0
176
1
290
1
176
1
290
1
176
1
290
0
176
1
290
0
176
1
290
0
176
1
290
0
176
1
290
0
176
1
290
0
176
1
 90
50
176
1
 40
0.0
176
1
 40
1.0
176
1
 90
0
176
1
 62
18
176
1
 90
50
176
1
 90
3
176
1
 62
5
420
255
176
1
290
0
176
1
 90
50
176
1
 90
50
176
1
 90
50
176
1
290
0
176
1
 90
50
176
1
 62
256
176
0
 40
1.0
176
0
 90
2
176
1
  1
strokes_ogs.tif
176
1
290
0
176
1
 40
1.0
176
1
 40
1.0
176
1
  0
DICTIONARYVAR
  5
146
102
{ACAD_REACTORS
330
5E
102
}
330
5E
100
DictionaryVariables
280
0
  1
1:1
  0
DICTIONARYVAR
  5
259
102
{ACAD_REACTORS
330
5E
102
}
330
5E
100
DictionaryVariables
280
0
  1
3.500000
  0
DICTIONARYVAR
  5
25A
102
{ACAD_REACTORS
330
5E
102
}
330
5E
100
DictionaryVariables
280
0
  1
acadiso.lin
  0
DICTIONARYVAR
  5
145
102
{ACAD_REACTORS
330
5E
102
}
330
5E
100
DictionaryVariables
280
0
  1
STANDARD
  0
DICTIONARYVAR
  5
84
102
{ACAD_REACTORS
330
5E
102
}
330
5E
100
DictionaryVariables
280
0
  1
STANDARD
  0
DICTIONARYVAR
  5
227
102
{ACAD_REACTORS
330
5E
102
}
330
5E
100
DictionaryVariables
280
0
  1
Metric50
  0
DICTIONARYVAR
  5
228
102
{ACAD_REACTORS
330
5E
102
}
330
5E
100
DictionaryVariables
280
0
  1
Metric50
  0
DICTIONARYVAR
  5
5F
102
{ACAD_REACTORS
330
5E
102
}
330
5E
100
DictionaryVariables
280
0
  1
2
  0
DICTIONARYVAR
  5
63
102
{ACAD_REACTORS
330
5E
102
}
330
5E
100
DictionaryVariables
280
0
  1
1
  0
DICTIONARYVAR
  5
1AE
102
{ACAD_REACTORS
330
5E
102
}
330
5E
100
DictionaryVariables
280
0
  1
0
  0
DICTIONARYVAR
  5
1AF
102
{ACAD_REACTORS
330
5E
102
}
330
5E
100
DictionaryVariables
280
0
  1
0
  0
ACDBASSOCNETWORK
  5
6C5
102
{ACAD_REACTORS
330
6C4
102
}
330
6C4
100
AcDbAssocAction
 90
2
 90
0
330
592
360
0
 90
2
 90
0
 90
0
 90
0
 90
0
 90
0
 90
0
100
AcDbAssocNetwork
 90
0
 90
22
 90
2
360
608
360
610
 90
0
  0
DICTIONARY
  5
205
330
22
100
AcDbDictionary
281
1
  0
DICTIONARY
  5
1F9
330
ED
100
AcDbDictionary
281
1
  3
FBXASSET
360
1FA
  0
DICTIONARY
  5
1F7
330
EC
100
AcDbDictionary
281
1
  3
FBXASSET
360
1F8
  0
DICTIONARY
  5
173
330
EE
100
AcDbDictionary
281
1
  3
BUMPTILE
360
175
  3
DIFFUSETILE
360
174
  3
FBXASSET
360
1FB
  3
OPACITYTILE
360
176
  3
REFLECTIONTILE
360
177
  0
DICTIONARY
  5
162
330
7F
100
AcDbDictionary
281
1
  3
ACAD_ROUNDTRIP_2008_TABLESTYLE_CELLSTYLEMAP
360
815
  0
ACDBASSOCACTION
  5
608
330
6C5
100
AcDbAssocAction
 90
2
 90
0
330
6C5
360
609
 90
22
 90
3
 90
3
360
60A
360
60B
360
60C
 90
0
 90
3
360
60D
360
60E
360
60F
 90
0
 90
10
 90
0
  1
FillAngle
 90
2
 90
1
 40
6.283185307179584
330
0
330
0
 90
0
  1
ItemSpacing
 90
2
 90
1
 40
1.047197551196595
330
0
330
0
 90
0
  1
Items
 90
0
 90
1
 90
6
330
0
330
0
 90
0
  1
LevelSpacing
 90
1
 90
1
 40
1.0
330
0
330
0
 90
0
  1
Levels
 90
0
 90
1
 90
1
330
0
330
0
 90
0
  1
RowElevation
 90
1
 90
1
 40
0.0
330
0
330
0
 90
0
  1
RowSpacing
 90
1
 90
1
 40
9.17119565217308
330
0
330
0
 90
0
  1
Rows
 90
0
 90
1
 90
1
330
0
330
0
 90
0
  1
Radius
 90
1
 90
1
 40
133.1191017595711
330
0
330
0
 90
0
  1
StartAngle
 90
2
 90
1
 40
4.71238898037403
330
0
330
0
  0
ACDBASSOCACTION
  5
610
330
6C5
100
AcDbAssocAction
 90
2
 90
0
330
6C5
360
611
 90
3
 90
3
 90
3
360
612
360
613
360
614
 90
0
 90
3
360
615
360
616
360
617
 90
0
 90
10
 90
0
  1
FillAngle
 90
2
 90
1
 40
6.283185307179584
330
0
330
0
 90
0
  1
ItemSpacing
 90
2
 90
1
 40
1.047197551196595
330
0
330
0
 90
0
  1
Items
 90
0
 90
1
 90
6
330
0
330
0
 90
0
  1
LevelSpacing
 90
1
 90
1
 40
1.137931034482758
330
0
330
0
 90
0
  1
Levels
 90
0
 90
1
 90
1
330
0
330
0
 90
0
  1
RowElevation
 90
1
 90
1
 40
0.0
330
0
330
0
 90
0
  1
RowSpacing
 90
1
 90
1
 40
12.80172417210896
330
0
330
0
 90
0
  1
Rows
 90
0
 90
1
 90
1
330
0
330
0
 90
0
  1
Radius
 90
1
 90
1
 40
156.296631451371
330
0
330
0
 90
0
  1
StartAngle
 90
2
 90
1
 40
1.570796326790658
330
0
330
0
  0
XRECORD
  5
1FA
102
{ACAD_REACTORS
330
1F9
102
}
330
1F9
100
AcDbXrecord
280
1
 70
1
 90
429727718
  1
D62C5603-E3A1-4AEA-B7FB-FE5D8D0755AF
310
504B03040A0000080000CC70623B3DEE336E79000000790000001B0000006175746F6465736B2D64657369676E2D7061636B6167652E786D6C3C3F786D6C2076657273696F6E3D22312E302220656E636F64696E673D227574662D3822203F3E3C666F726D6174733E3C666F726D61743E687474703A2F2F736368656D612E
310
6175746F6465736B2E636F6D2F64657369676E2D7061636B6167652F323030393C2F666F726D61743E3C2F666F726D6174733E504B0304140006080800CC70623BD486FD9CA0000000F4000000130000005B436F6E74656E745F54797065735D2E786D6C7D8EC10E82300C865F65E91D8A1E8C310C0EEA1BF002731658846E
310
D98AC1B77784ABF1D8FE5FBFBF75BBCE937A534CCEB38643598122B6FEE978D0B0485F9C41B54DDD7D022595594E1A469170414C76A4D9A4D207E29CF43ECE46F218070CC6BECC4078ACAA135ACF422C856C0E68EA1BF5669944DDD7BCDE7B1F8E415D77AECB980613C2E4AC91FC167A2B244592486606FC29C8FD7F045B9A
310
EF7053A7E60B504B0304140006080800CC70623B853B8169EB0000007C01000008000000636F72652E786D6C8D90416EC3201045AF62CDB6C206821CC7C244919D9CA01740401C94182C03558F5F9C3852BBEB6A467FFE9B197D7EFC9E1EC5975982F5AE035262288C535E5B377690E21535501C055FBC8FBF6C503839990E
310
5619041F179FE64D52DE45E362569DD7661365082642A11EB9E920A89B99642953CC8E702F67A9EE7234257977194EC9EAE275C4EABCCF5EAD5940D4AC6F0E35A568B8F43562CD7046CD199FD07E60174276A7BE677B5EADB0E0D14EEFFB6A31321A0D82627C4084204C3F096B71DD52F6819B16635EADF63F509AF53FA164
310
5DDCD1EDDD17164090FCC8732078B56691CB33A85CD7DCC40F504B0304140006080800CC70623B55019EA25F0000007C00000007000000636E782E786D6C4DCB3B0E80201045D1AD90E915ED2CF8AC45050C11660C8261F98AB1B07AC9C97D42D718D865D3E909258CFD00CCE24AC6E326A164D74DC0B4128928FF32603847
310
2BA13128B1252AC747C6BAB984FC68F0B87FE8960A5C09FE86CFB69FBA01504B0304140006080800CC70623BDBABAAF470010000D40300000C0000006662782F636F72652E786D6CC553D16E823014FD95A6AF4B694182CC941A83FA05FB810A9511A125A5257EFE2E82712ECEB8A7F100CD39F7F69E734AF9FADC366850B6
310
AF8DCE7018308C942E4C59EB2AC3DE1D498AD15A706B8CFB56869196ADCAF00863C12B6B7C374385D14E6907A836A59A41D9F7CA615434B0C8705F7CAA5606D23BA8E84F41278B93AC54100640439DE0BDB320004D43C63716C7C399D30917DCFBBA9CD9BA8469F5B156168B24CED3F7248AC8769F27244EB73B92EED8862C
310
B7F13E0C179B3C8F979C8ECD82BBBABDAA2BAC924E9558448CBD9330242CFA08E3154B5651FCC6D215639C8EE5774DBE2B5F6CF2B5768B68963BB5F5588420E442FC700B1139D4CB01F450C1E918227C2E09DF070D8140C84E1E9AAB8F1340832A9CB13130A5F1376A908D57309505ECF2A0DF179C4E9D30F5B239B87E3823
310
7A79C6F31DE1A8A5AEC08474B03C7837EAE4938639B44E5932B833D2C6B6B279CDC613877FA26EE21F4A2A4C63EC7F29A2F301D1F9F7A0E37D145F504B0304140006080800CC70623B9C113CC27E0000009D0000000B0000006662782F636E782E786D6C4DCCDF0A83201C86E15B91DFB94BFB330DD428C8FB886521330DA7
310
6397BF1A1DECE883878F57749FCDA1B7892F1BBC047A23808C7F84D9FA55424E0BE6803A256208E9EF06C84F9B91703228B1C690F78B66B34CD9A5439DF5CF0BFBF65E35BCA1B8D6A5C6F540381E886698B5741C695F9503EBA150A2F8958E3DC3EA0B504B0304140006080800CC70623B7DF2F77C2A010000120200003100
310
00006662782F41393633353835312D344632462D344230382D423046372D3739314545314133324237412F636F72652E786D6C8D51DB8EC22014FC15C2939B0D2DB4B45643319AE817EC0F6041255A68B86CFCFC856D4D76DF7CE190393373060EDB3DC707F856CE6B6B7A480A0C81328395DA5C7B18C3057510EC3873D686
310
3F34088C18550F330C39BB3A1BA7051AAC09CA84841A2BD5020AEF55806078A44B0FFD7053A328440C89E1EFC52486BBB8AA8214A99D789CF9E05200300FC927E4FB4D5B375D43103D5527440FB843077C5AA3F5861C8F645F5787F59E95B390B318B55CE45AA638FAA2957BD7248B390B7A7CC51F9C124149C82B8C378810
310
84AB2F42B7B8DD56F413775B8C5999E9FF4471926F8AA236A1AE96B8B3CC434E5839373893369E1FAF30EA395917409EB7F26AF8801C171837A4A6AC9C89E9F9C9B1A58BA30FD6A5EF5DDDCF894B9AD9B6A59C957943A9FCAE2FD5BC4DFE03504B0304140006080800CC70623BAD7543B64E01000033030000300000006662
310
782F41393633353835312D344632462D344230382D423046372D3739314545314133324237412F636E782E786D6CD593CD6EC32010845F0571AD6CE3D48AD20813A9873E410FBD12D82434182C7EAAE6EDBB2424CD25871E7B41D6EC30B3FA84F9E67BB2E40B4234DE8DB46F1925E094D7C6ED479AD3AE5951B2113C789FEE
310
6C943839C1488B4C05DF079FE72A69D8C96C13AAD6B8631503449F83828872B949AC57D26200B826A308D316B4064D6E46FCDA41C05550DC9E483A00797BFD207EFB092A45DE9514C1BBD22178396BD39D891265658C238DEA00936C654E5E433CB65A26D9F6EDB5EBC14EBF49A45CB856E66048291F6939A9A81BB5C89177
310
38143CA680F4AA299D66A042CEB3354A2684DC9D8D178FE0D9B8B41CAAD720F880EE7EF93C0C18769E099ECC04D5A102C8049A8A05632F4DDF376CF1DE0F6BB65C2F8627B65A33C6BB62177CEBBDAD973006829F89F22E814B54F4BC2BE347F8AA8F681390B50FA73F804400B5F542E796F19FF974E7F78DB802FE05E20750
310
4B0304140006080800CC70623BE75B7789680500003C100000340000006662782F41393633353835312D344632462D344230382D423046372D3739314545314133324237412F6F626A656374732E786D6CAD575B8F9B3818FD2B887D06C22499CB8AA1CA655245D5B455A356FB305264C061D8018C6C3393D95FBFC7600890
310
A4CD5EF210B0B1BFEBF98E3F7B1FF6596ABC522E1296DF9BAE3D320D9A872C4AF2F8DE2CE5CEBA358D0FBEC719939D65A691938CDE9B6ADAF4BD98B3B2D05311DD91329583D9D5FC0F438434A7A611A644887B5384CF34233629258BA878B12322891DEFF6B66BD70BFB62634E8AE781D082709A4B588AF91C528CDA28B73F
310
1C998EEF39EABBEFA97FBD6A7C7E9553F9D3D79FE442923C3C523610337627CB87ABE99D359D4CC6D6E4FACAB5E6ABF9D2726FC6A3C5F56271377BB88362213924694B38DD99FE47C48627A1E7D49F5A8BB5E1A74C0A599ED3B0F21F1E56366B89112D681E218F0915D0D6F17AD41FBA2A369DCF6335D62ABBD39779D5DDD1
310
11D4D8DE3CBB96B2E04FB8202E41051754A1AA8E8F76B4C6DFE810B580B1547F4B84911149794252234D024EF8BBE963A95AE27B3D310A9D5C215C7960FAEE415ED75694C6AFB17BCACA5D99A60A9AA65F217B0BFC53292ACB92BF283FAD0D3621576592CB5BED907C2FA8E9DF794E35E97BEA31BED21FEB401ABB94C44839
310
DCACBF0E1C5DA8DA5B2F4DFFD32AD86F543D9E565E7056502E157C00AD2671CD534549AB752FCA9CDA00677A313F04E51B22FF19E57B300579E3C97EB29F682D92935CEC18CF901B7B54FD8C51F362B56FC72FE0B3C1EAE335EDCCBF5AEC39ADB17DC238973F804BA5E6F6BFE7AF1FB32E523BE9F3BD571418E3631DCA4D48
310
5250CF639223210A9446CA30052EDF057BD35F8329C1ECD84552BF0DC8D18BE7BCE23BFE6BD960AB4A7DE79923A103BEBD80F911CBAA2C60DB19B01CF164A5583B772EE6D3FFA56666CBCDA74DC97724A48F9A58967497E489C4D979006FD7A05E227A1EBDD0F737C623387A9C844D3709995625106D157315F8B8392CD4E0
310
A0B9A720C4BE9829CEF37EA1E13111214D53925356365ADA634861B52519DD27A00AEB808EAF0628E6F435519D446F45CF2C9CF5214F0A15B2F6D06B79DA3EE3CBF7F56780D2F4E7EF73A0F5E5B02A38D07DC852C6B7C1FBB6664213E0C39E3EBA7FF4E1AD23EA2829407C85E586727488B751B2DB9502BC7B228A3FD68B6E
310
A65A22397E690AA8D158D7E404EC8CDA235CC3B7D1898680131CEC2CDF2638C65196279577750F15884AEE19F94199155B92B13297978469D4F8D358DF0AEF7631E28DC8F0D9F437D5D39A83B2231A1D52D543813A824EF8D44BCFF2FA6A31BD1E8DAD87F1CCB526B3879935BF59CDADD5C37479BB1CDD4CA7B3556B516589
310
EF352754B706114D9C885EC9131DE6EFEB43D99AFE2391C2F958179413D7CFEF6B1B6DB1E7600F00DE6E5C67454A339A4BA2E0FBA85ED26F045D454F463DBFCE484C2F90F2E5E3666003662ED8F755951A7D1BECD5B30B550B2785C8E7320B7292A4838DDA71BBC863ED7613CAF659337A3354231D4FF4A182A54904C2898C
310
98B28C4AD0CE056CCF332A80986E571EE9DBC305BB5FEB7E509220A58D25CF042D712A806AC0AD0C657FDEF80D2D9CEAA2EE4D1C76F60BFE74219A06527D6F82DF6412526107381E55E353090704D085B52408A8913C4ED159D79BDA71BB4BC506F4831350EB6F975CD22D69BF7AC49B91A2C0A9DDA3D5CA36AD20FC478E37
310
E61844E2352865EBCB61A275A65283CAAA9DD27703B4102F5AF51EF5F573B75CBB5AD38BC845F7A49F82A0966A49C2E3EA5EA0ECD326CD965F1DB402C6FA8B51A4658C5C5E2EC9E214602E55810345408596591009A82E7E7FFACA19EEA299B14A0081A705CB3296EBC14CDF658DCD336EA6D1136881AAEB87B81AB9EE53D5
310
F5EB8BC8362082DA24122F98680A4E7930C01A0079749CEA14382A0783E5EBA5A10F8C098456A03D6A4AEB6BB881E2513747552A5DB22C7EDAF83BD5528081A365F7FF06504B0304140006080000CC70623B000000000000000000000000350000006662782F41393633353835312D344632462D344230382D423046372D37
310
39314545314133324237412F76657274696365732E62696E504B0304140006080800CC70623BF270F1330600000004000000360000006662782F41393633353835312D344632462D344230382D423046372D3739314545314133324237412F747269616E676C65732E62696E636660600000504B0304140006080000CC7062
310
3B000000000000000000000000370000006662782F41393633353835312D344632462D344230382D423046372D3739314545314133324237412F617474726962757465732E62696E504B0304140006080800CC70623B08DA0BD19000000041010000360000006662782F41393633353835312D344632462D344230382D4230
310
46372D3739314545314133324237412F6469726563746F72792E786D6C858F410AC3201045AF22B36F53E9A60B35CBEEBAE80D244E44489C6234F4F835464A48035D0DF398FF9F8AF63D0E6CC63039F212F8F9020C7D47C6792B21C5FE7403D62A1188E2E60C98D7234A5830286103A55745067B9D86B8A3CF9C7F90C11DE6
310
07FB144396D7B6A82D282E9A152AD114D5EF2CB866EEE831B8EEA07A7BB5A8D7D61A2BAAEB7FD5F70921FF497D00504B0304140006080800CC70623BEDD1DC58FD000000A00100003B0000006662782F41393633353835312D344632462D344230382D423046372D3739314545314133324237412F7265736F75726365732F
310
636F72652E786D6C8D504B6E833010BD0A9A6D65B00922041947112427E8052C33A156828DFCA97AFC9A40A576D7CDCCE87D344F8F9FBFE667F689CE6B6B3A6039850C8DB2A336530731DC4903D95970676DF82583CCC8193B5861107C72362E3BA4AC096842428D1D7107A5F7182053CF7474E0D507CE32973124857FE48B
310
540F3961CEF244279DE03EB81420DB9EAC1384436FA353E879B1B182C7A8C75DA3C7F453DF353A1075D537A7BA6464B8F535A99AE14A9A2BBD90E350DD183B5CFABE3AF262350B1EF4FC9351399401471025A527C218A1E53BAB5A5AB765F5469B96525EACF23FA6B88CFF34456DC2A1DCE36E360F82A5202F42F062ED2BAD
310
579969AFDD8A6F504B010214000A0000080000CC70623B3DEE336E79000000790000001B00000000000000000000000000000000006175746F6465736B2D64657369676E2D7061636B6167652E786D6C504B01021400140006080800CC70623BD486FD9CA0000000F40000001300000000000000000000000000B20000005B
310
436F6E74656E745F54797065735D2E786D6C504B01021400140006080800CC70623B853B8169EB0000007C010000080000000000000000000000000083010000636F72652E786D6C504B01021400140006080800CC70623B55019EA25F0000007C000000070000000000000000000000000094020000636E782E786D6C504B
310
01021400140006080800CC70623BDBABAAF470010000D40300000C00000000000000000000000000180300006662782F636F72652E786D6C504B01021400140006080800CC70623B9C113CC27E0000009D0000000B00000000000000000000000000B20400006662782F636E782E786D6C504B01021400140006080800CC70
310
623B7DF2F77C2A010000120200003100000000000000000000000000590500006662782F41393633353835312D344632462D344230382D423046372D3739314545314133324237412F636F72652E786D6C504B01021400140006080800CC70623BAD7543B64E010000330300003000000000000000000000000000D2060000
310
6662782F41393633353835312D344632462D344230382D423046372D3739314545314133324237412F636E782E786D6C504B01021400140006080800CC70623BE75B7789680500003C10000034000000000000000000000000006E0800006662782F41393633353835312D344632462D344230382D423046372D3739314545
310
314133324237412F6F626A656374732E786D6C504B01021400140006080000CC70623B0000000000000000000000003500000000000000000000000000280E00006662782F41393633353835312D344632462D344230382D423046372D3739314545314133324237412F76657274696365732E62696E504B01021400140006
310
080800CC70623BF270F133060000000400000036000000000000000000000000007B0E00006662782F41393633353835312D344632462D344230382D423046372D3739314545314133324237412F747269616E676C65732E62696E504B01021400140006080000CC70623B0000000000000000000000003700000000000000
310
000000000000D50E00006662782F41393633353835312D344632462D344230382D423046372D3739314545314133324237412F617474726962757465732E62696E504B01021400140006080800CC70623B08DA0BD1900000004101000036000000000000000000000000002A0F00006662782F41393633353835312D344632
310
462D344230382D423046372D3739314545314133324237412F6469726563746F72792E786D6C504B01021400140006080800CC70623BEDD1DC58FD000000A00100003B000000000000000000000000000E1000006662782F41393633353835312D344632462D344230382D423046372D3739314545314133324237412F7265
310
736F75726365732F636F72652E786D6C504B0506000000000E000E0080040000641100000000
  0
XRECORD
  5
1F8
102
{ACAD_REACTORS
330
1F7
102
}
330
1F7
100
AcDbXrecord
280
1
 70
1
 90
429727718
  1
30362254-06B7-45E0-A893-8CFA70E3D6BC
310
504B03040A0000080000CC70623B3DEE336E79000000790000001B0000006175746F6465736B2D64657369676E2D7061636B6167652E786D6C3C3F786D6C2076657273696F6E3D22312E302220656E636F64696E673D227574662D3822203F3E3C666F726D6174733E3C666F726D61743E687474703A2F2F736368656D612E
310
6175746F6465736B2E636F6D2F64657369676E2D7061636B6167652F323030393C2F666F726D61743E3C2F666F726D6174733E504B0304140006080800CC70623BD486FD9CA0000000F4000000130000005B436F6E74656E745F54797065735D2E786D6C7D8EC10E82300C865F65E91D8A1E8C310C0EEA1BF002731658846E
310
D98AC1B77784ABF1D8FE5FBFBF75BBCE937A534CCEB38643598122B6FEE978D0B0485F9C41B54DDD7D022595594E1A469170414C76A4D9A4D207E29CF43ECE46F218070CC6BECC4078ACAA135ACF422C856C0E68EA1BF5669944DDD7BCDE7B1F8E415D77AECB980613C2E4AC91FC167A2B244592486606FC29C8FD7F045B9A
310
EF7053A7E60B504B0304140006080800CC70623B1EC5D7A3EB0000007C01000008000000636F72652E786D6C8D90416EC3201045AF82665B6103C6756C6122AB4D4ED00B204C5C94182C03558F5F9C3852BBEB6A467FFE9B197D71FC9E6FE8CBACC17AD7032D0820E3B41FAD9B7A48F1820F808E52ACDEC75F36404ECDA687
310
4D0629A6D5A76597B477D1B89855E747B38B2A041301E95B6E7A08FAD3CCAA50296647B8168BD2573599823EBB0CA76447F43862C7BCCF5EAC59410E4DDD9C7973C2755553CCCFA4C603E3040F1565ED3B1FDE4E432BCA0D9622DAF9795FAF464533826484B498524CD807E51D79ED187F21878E10516EF63F505AC67F42C9
310
BA58B1FDDD071640D2FCC87D2045B96591CB3DA85CB7DCE40F504B0304140006080800CC70623B55019EA25F0000007C00000007000000636E782E786D6C4DCB3B0E80201045D1AD90E915ED2CF8AC45050C11660C8261F98AB1B07AC9C97D42D718D865D3E909258CFD00CCE24AC6E326A164D74DC0B4128928FF32603847
310
2BA13128B1252AC747C6BAB984FC68F0B87FE8960A5C09FE86CFB69FBA01504B0304140006080800CC70623B8C9102E971010000D40300000C0000006662782F636F72652E786D6CC5535B6E833010BC8AE5DF0A6C08340F1947A84D4ED00B38C6A128602363A31CBFCB234A53A551FA553EC09AD9F5CE8C31DB9E9B1AF5CA
310
7695D1198E428A91D2D214952E33ECDD315861B4E5CC1AE3BE9561A445A3323CC098B3D21ADFCE9034DA29ED00D5A6503328BA4E398C640D8B0C77F253352214DE4145770A5B214FA2546114020D759C75CE8200340D19DE981F0F6746269C33EFAB6266AB02A655C74A59CCF365BADC27CB5D902ED22848F6340DF238A141
310
BE88E2F57B92BFEDF23523433367AE6A2EEAA455C2A902F398D2751045018D3FA264435F3771F242571B4A1919CA6F9A7C5B3CD9E42BED16F12C776AEB308F40C848FC700B1139D4891EF410CEC810227CC6846F8386402064270EF5C5C709A05E49676C024C61FC95EA45ED154CA5211D1FF4FB8291A913A68E9B83EBBB33
310
E2A7673CDE118E5AE8124C0807CB8377834E366998436B950D7A7746DAD846D4CFD978E0F04FD455FC5D49D2D4C6FE9722321F10997F0F32DC47FE05504B0304140006080800CC70623BFFEA85907E0000009D0000000B0000006662782F636E782E786D6C4DCCD10A83201886E15B91FFDC95D95A811AB6F23E625948A6C3
310
E9D8E5AF46073BFAE0E1E365ED67B3E8ADC3CB78C7815C7240DA3DFC64DCC221C519D7805AC182F7F1EF06C88D9BE6703008B6049F9E274D7A1E938DBB5AE3D6131B2589BA0D3D965551E0B2EA732C9B9A624AAEB41E3A557677029960D9AFB4EF11165F504B0304140006080800CC70623B4FEEA4082C0100001202000031
310
0000006662782F39464131463745442D413632322D343644302D413938332D3331353338454246344243312F636F72652E786D6C8D515B6EC32010BC0AE2AB55850DD871ED0813254D72825EC00192A2C460F1A872FC42ED48ED5F7E00CDCECCCEB26C731F6FE05B39AFADE921293004CA082BB5B9F43086336A21D870E6AC
310
0D7F68109861543DCC30E4ECE26C9C164858139409093556AA051CBC570102714B8F1E7AF1A5C6A11862480C7F2DA6415C878B2A4891CA89C7990F2E050073937C42DE1DB7E4F87ED8A36D4329AA9B3D46DBAEAD504556557BD81DEBDD0761E52CE42C462D17B996298E3E6BE59E35C962CE821E1FF18553435012728A7187
310
0841987E927A8D9B35ADDF70BBC6989599FE4F1427F9A4286A132ABAC49D651EF234CD5CE04CDA78BA3DC2A8FB645D00B9DF8B57E215725C60BCA2A463E54C4CE327C7A65E1C7DB02E7DEFCBF594B864C5CA6CDBD49C957943E9FA5D5FBAF336F90F504B0304140006080800CC70623BAD7543B64E01000033030000300000
310
006662782F39464131463745442D413632322D343644302D413938332D3331353338454246344243312F636E782E786D6CD593CD6EC32010845F0571AD6CE3D48AD20813A9873E410FBD12D82434182C7EAAE6EDBB2424CD25871E7B41D6EC30B3FA84F9E67BB2E40B4234DE8DB46F1925E094D7C6ED479AD3AE5951B2113C
310
789FEE6C943839C1488B4C05DF079FE72A69D8C96C13AAD6B8631503449F83828872B949AC57D26200B826A308D316B4064D6E46FCDA41C05550DC9E483A00797BFD207EFB092A45DE9514C1BBD22178396BD39D891265658C238DEA00936C654E5E433CB65A26D9F6EDB5EBC14EBF49A45CB856E66048291F6939A9A81BB5
310
C8917738143CA680F4AA299D66A042CEB3354A2684DC9D8D178FE0D9B8B41CAAD720F880EE7EF93C0C18769E099ECC04D5A102C8049A8A05632F4DDF376CF1DE0F6BB65C2F8627B65A33C6BB62177CEBBDAD973006829F89F22E814B54F4BC2BE347F8AA8F681390B50FA73F804400B5F542E796F19FF974E7F78DB802FE05
310
E207504B0304140006080800CC70623B16AB87BA640500003C100000340000006662782F39464131463745442D413632322D343644302D413938332D3331353338454246344243312F6F626A656374732E786D6CAD575B6FA33818FD2B887DE6924B3BED8A326A92B68A663B534DD4D13E548A0C38942D60649B369D5FBFC7
310
600890A493BDE42160637FD7F31D7FF63E6FB3D478A55C242CBF3247B66B1A340F5994E4F19559CA8D75611A9F7D8F33263BCB4C232719BD32D5B4E97B316765A1A722BA21652A07B3B7B33F0D11D29C9A46981221AE4C113ED38CD8A4942CA2E2C58E882476BCD9DA23BB5ED8171B73523C0F841684D35CC252CCE79062D4
310
468DFA43D7747CCF51DF7D4FFDEB5593E3AB9CCA9FBEFE241792E4E19EB28198C968BAB8199F5D5A67D3E9C49A9E8F47D6EC76B6B0469F26EEFC7C3EBFBCBEB98462213924694B38DD98FE1D62C393D073EA4FADC5DAF04326852CCF6958F90F0F2B9BB5C48816348F90C7840A68EB78EDF68723159BCEE7891A6B95DDE9D3
310
BCEAEEE8086A6C6F9E5D4B59F0175C10A7A0820BAA5055C7473B5AE3CFDD452D602CD5DF12616444529E90D448938013FE6EFA58AA96F85E4F8C42275708571E98FE6827AF6B2B4AE3D7D83D64E5A64C53054DD3AF90BD06FEA9149565C94FCA0F6B834DC85599E4F2423B24DF0B6AFA979E534DFA9E7A4CC6FA631D486393
310
921829879BF5D781A373557BCB85E97FB90DB62B558F8795179C15944B051F40AB495CF35451D26A4727654E6D8033BD98EF82F21D91FF8AF2DD9982BCF1643BDD4EB516C9492E368C67C88DED563FC36D5EACF66DFF057C3658BDBFA69DF9578B3DA735B64F18C7F20770A9D45CFCF7FCF563D6456A277DBEF78A02637CA2
310
43B90A490AEAB94F72244481D24819A6C0E59B606BFA4B3025981DBB48EAB701D97BF19C577CC77F2D1B6C55A9EF3C732474C0B727303F625995056C3B02963D9EAC146BE78EC5FCEC7FA999EBC5EACBAAE41B12D27B4D2C0BBA49F244E2ECDC81B76B502F113D8F5EE8FB1BE3111CDD4FC2AA9B844CAB1288B68AB90A7CDC
310
1C166AB0D3DC5310625FCC14E779BFD0709F8890A629C9292B1B2DED31A4B0DA928CEE135085754027E3018A397D4D5427D15BD1330B677DC8934285AC3DF45A9EB68FF8F2B8FC0A509AFEECFD0FF2DE25CC6047F7214B195F07EFEB9A094D800F7BFAE8FED187B78EA8A3A400F115961BCAD1215E47C966530AF0EE8128FE
310
58CEBB996A8964FFA529A046635D9353B0336A8F700DDF46271A024E70B0B37C9DE01847591E54DED53D54202AB947E4076556AC49C6CA5C9E1226B7F1A7B1BE15DEED62C41B91E1B3E9AFAAA735036547343A925075041DF0A9979E893B391F8FCFA6967B3EFB644DCF6E5CEBFAE272625DCC6FAF3FB93793C5F90CE1EF57
310
407342756B10D1C489E8953CD1617E5CEECAD6F4EF8914CE5D5D504E5C3F1F9736DA62CFC11E00BCDDB8CC8A9466349744C1F75EBDA4DF09BA8A9E8C7A7E9991989E20E5DBDD6A6003664ED8F7A04A8DBE0DF6EAD9B9AA858342E47399053949D2C146EDB85DE4B176BB0965FBAC19BD19AA918E27FA50C1D22402E144464C
310
59462568E704B6E71915404CB72B8FF4EDE184DDAF753F284990D2C6926782963815403548A70C657FDEF80D2D9CEAA2AE4C1C76F60BFE74219A06527D6582DF6412526107381E55E353090704D085B52408D0933C4ED159D79BDA71BB4BC506F4831350EB6F979CD22D69BF7AC49B91A2C0A9DDA3D5CA36AD20FC478E37E6
310
1844E2352865EBCB6EA275A652E3836BE04EFB400BF1A2556F515F1FBB35B2AB35BD889C744FFA1004B5544B121E57F70215746DD2F5E2C1412B602CBF19455AC6C8E5E9922C4E01E65215385004546899059180EAFCF7A707CE7017CD8CDB0410789AB32C63B91E5CEBBBACB17AC6CD347A022D5075FD106377347AAABA7E
310
7D11590744509B44E205134DC1290F06580320F78E537D3D73540E06CB970B431F185308AD40BBD794D6D77003C5A36E8EAA54BA64597CD8F83BD552A080A365F7FF06504B0304140006080000CC70623B000000000000000000000000350000006662782F39464131463745442D413632322D343644302D413938332D3331
310
353338454246344243312F76657274696365732E62696E504B0304140006080800CC70623BF270F1330600000004000000360000006662782F39464131463745442D413632322D343644302D413938332D3331353338454246344243312F747269616E676C65732E62696E636660600000504B0304140006080000CC70623B
310
000000000000000000000000370000006662782F39464131463745442D413632322D343644302D413938332D3331353338454246344243312F617474726962757465732E62696E504B0304140006080800CC70623B08DA0BD19000000041010000360000006662782F39464131463745442D413632322D343644302D413938
310
332D3331353338454246344243312F6469726563746F72792E786D6C858F410AC3201045AF22B36F53E9A60B35CBEEBAE80D244E44489C6234F4F835464A48035D0DF398FF9F8AF63D0E6CC63039F212F8F9020C7D47C6792B21C5FE7403D62A1188E2E60C98D7234A5830286103A55745067B9D86B8A3CF9C7F90C11DE607
310
FB144396D7B6A82D282E9A152AD114D5EF2CB866EEE831B8EEA07A7BB5A8D7D61A2BAAEB7FD5F70921FF497D00504B0304140006080800CC70623B0D6EF93BFE000000A00100003B0000006662782F39464131463745442D413632322D343644302D413938332D3331353338454246344243312F7265736F75726365732F63
310
6F72652E786D6C8D50596E833010BD0A9ADFCA60B334011947A8694ED00B586642AC041B79A97AFC9A40A5F6AF3F33A3B7689E1E3F7DCD8FEC139DD7D6F4C0720A191A65476DA61E62B892236427C19DB5E1970C322367EC618541F0C9D9B8EC90B226A009093576C41D94DE63804C3DD2D18357379C652E63480A7FCF17A9
310
EE72C29CE5894E3AC17D702940B63D59270887DE46A7D0F36263058F518FBB468FE9A7BE6A7420864373B8D4873369AA8691FA421B3294352543C5CAF65C0F6FEF43CB8BD52C78D0F34F46E550061C419494B6843142CB0F5677F4B52BEB177AEC28E5C52AFF638ACBF84F53D42654E51E77B379102C05791282176B5F693D
310
CB4C7BED567C03504B010214000A0000080000CC70623B3DEE336E79000000790000001B00000000000000000000000000000000006175746F6465736B2D64657369676E2D7061636B6167652E786D6C504B01021400140006080800CC70623BD486FD9CA0000000F40000001300000000000000000000000000B20000005B
310
436F6E74656E745F54797065735D2E786D6C504B01021400140006080800CC70623B1EC5D7A3EB0000007C010000080000000000000000000000000083010000636F72652E786D6C504B01021400140006080800CC70623B55019EA25F0000007C000000070000000000000000000000000094020000636E782E786D6C504B
310
01021400140006080800CC70623B8C9102E971010000D40300000C00000000000000000000000000180300006662782F636F72652E786D6C504B01021400140006080800CC70623BFFEA85907E0000009D0000000B00000000000000000000000000B30400006662782F636E782E786D6C504B01021400140006080800CC70
310
623B4FEEA4082C0100001202000031000000000000000000000000005A0500006662782F39464131463745442D413632322D343644302D413938332D3331353338454246344243312F636F72652E786D6C504B01021400140006080800CC70623BAD7543B64E010000330300003000000000000000000000000000D5060000
310
6662782F39464131463745442D413632322D343644302D413938332D3331353338454246344243312F636E782E786D6C504B01021400140006080800CC70623B16AB87BA640500003C1000003400000000000000000000000000710800006662782F39464131463745442D413632322D343644302D413938332D3331353338
310
454246344243312F6F626A656374732E786D6C504B01021400140006080000CC70623B0000000000000000000000003500000000000000000000000000270E00006662782F39464131463745442D413632322D343644302D413938332D3331353338454246344243312F76657274696365732E62696E504B01021400140006
310
080800CC70623BF270F133060000000400000036000000000000000000000000007A0E00006662782F39464131463745442D413632322D343644302D413938332D3331353338454246344243312F747269616E676C65732E62696E504B01021400140006080000CC70623B0000000000000000000000003700000000000000
310
000000000000D40E00006662782F39464131463745442D413632322D343644302D413938332D3331353338454246344243312F617474726962757465732E62696E504B01021400140006080800CC70623B08DA0BD190000000410100003600000000000000000000000000290F00006662782F39464131463745442D413632
310
322D343644302D413938332D3331353338454246344243312F6469726563746F72792E786D6C504B01021400140006080800CC70623B0D6EF93BFE000000A00100003B000000000000000000000000000D1000006662782F39464131463745442D413632322D343644302D413938332D3331353338454246344243312F7265
310
736F75726365732F636F72652E786D6C504B0506000000000E000E0080040000641100000000
  0
XRECORD
  5
175
102
{ACAD_REACTORS
330
173
102
}
330
173
100
AcDbXrecord
280
1
270
1
271
1
  0
XRECORD
  5
174
102
{ACAD_REACTORS
330
173
102
}
330
173
100
AcDbXrecord
280
1
270
1
271
1
  0
XRECORD
  5
1FB
102
{ACAD_REACTORS
330
173
102
}
330
173
100
AcDbXrecord
280
1
 70
1
 90
-112326916
 71
1
  1
B16D9A42-2BD7-4E5D-A6D2-29D8B31B1A1A
311
504B030414000608080071BFA75CBF2E3D20F6000000A80100004F00000038413031343443352D354332332D343730322D384545422D3246364133443936444642432F4173736574446174612F446566696E6974696F6E4974657261746F7250726F706572746965732E62696EBD504B4EC4300C0D2C402C58207100166C43
311
9A4F3F4142C86932ACD8C00150A684994A99763469C57696DC1A1C51AE80A517DBCF89FD9C2F42C8F762189213C411CF4BF44F610887BE7BEDB661E7C95966E2B8F6F11623A11B55CAD652A34A4B95318E02684985B2E0742D413A798AF7CE11367CF8394EB9E5739FBA10A31FC238A72B249619373B3FE12C1FEFF2A30B42
311
B23B22C85F21E54E9B5F4559E427C2BFEFEF1F7D4A617A600D145CA9B6A4652B2455752168E39CA1625581B4BAB22BD3B29790C6F9D085C40CAFAC0625A830B6A6CAE11250594CB56D8CE4860307366DE7FC35D759C67AF07D64055B24BCED870DD2FF663F504B030414000608080071BFA75C0A0F943AF400000030020000
311
4500000038413031343443352D354332332D343730322D384545422D3246364133443936444642432F4173736574446174612F496E7374616E636550726F706572746965732E62696EEB606060F80F0540260323103700495E20ED9E9A975A94991C9C9C919A9BA8021470323473B1743431D235727231D735713575D17534
311
7301722D5D2C9C8C0D9D0C1D0D1DD9111A415A8C0D4D5C5C8D4C2D754D4D4C8C754DCC8C0C759DDC9C5C740DCD8D0D9CCD9C9D2D1D5D2D81CAC0F63268C6F41FFAAA71C51E483301C51A8018C607D3403E107CB00749427430300838300880B810A0E20063E1A03FD84325E00C1C0A81D63000ED61064A372094C0743D801A
311
C38390426281C2132103D383A400CA4CD9E98029882C027103480464A409B21412FB833D0B90078A393E200E2E4F2C49CED0752A4ACC4B494D01C950130000504B030414000608080071BFA75CB5A795FFE3790000DE7900006B00000038413031343443352D354332332D343730322D384545422D32463641334439364446
311
42432F5265736F75726365732F42313644394134322D324244372D344535442D413644322D3239443842333142314131412F7468756D626E61696C2F302F67656E657269635F706E6701DE79218689504E470D0A1A0A0000000D49484452000001000000010008030000006BAC58540000000467414D410000B18F0BFC6105
311
000000017352474200AECE1CE900000192504C5445818181B3B3B35A5A5A4848486060605C5C5C6464648383835E5E5E6262624E4E4EAFAFAF4A4A4AB5B5B54C4C4CB1B1B1858585B7B7B7585858ADADAD7C7C7C464646787878ABABAB747474A7A7A7686868707070B9B9B96E6E6E6A6A6A8B8B8B666666545454565656A5
311
A5A5505050A1A1A1BBBBBB8F8F8F9F9F9F4242425252527676764040403E3E3E9B9B9B7A7A7A8989897E7E7E9393939797974444448787873C3C3C727272BDBDBD3A3A3A6C6C6CA9A9A9A3A3A32020209D9D9DBFBFBF8D8D8D9595959191912626269999992222222424241E1E1EC1C1C1282828C3C3C32C2C2C2A2A2A2E2E
311
2E303030C5C5C53232321C1C1C363636383838343434C7C7C71A1A1A0E0E0E121212484A484C4E4C1616160A0A0A4A4C4A787A781414147C7E7C9193915E605E464846838583878987B1B3B18587856668665A5C5A626462818381A7A7A5A3A3A1B1B1AFADAFAD7072705C5E5C9D9D9BABADAB7E817EB7B9B7585A58BBBDBB
311
4C4C4A8D8F8D747674B5B5B3B7B7B59FA19F606260ABABA9A5A5A39B9B99A9A9A78F8F8D6C6C6AC7C7C5451AD12700002000494441547801DCBD89771BD7B5A70B8EE04C702641712605CE034890E220088028C93245451215B713AF388E7DFD9EEDB8DDCE6ABFF4B57D97137BE50FEFEFDBA74049B6AEED74869B7E87404D
311
2814EBB7F76F0F67A8835CEEBFA0E42B854AA5B2BB5B6BCC951A8D52A93657A914FE0BEEE39FFE2FF395B9B9C6CAD2D4C4606F4B7FFF8D1B37EEDCB97587F7CD9B4343BD134BABE7DB48E3FFA7A228ECD6F6574E4786C0FC8B5FFCE2CD5FFCE297BF7CF3CD5FFC92B52FFE58BFF9E69B776E0EF5F79E55CBBBF9FC3F5D3DFF
311
B07F5898ABAF7CDA3B74E74EC0CE20230561BF096E97E05712BFFCC59BC80539DCE83DDD6E54FE61B7747DE17FB8980BBBFB2BBD4337DF487881AAE6C5ACC6AF25207877B2B527BFF1CB3B77FA47561ABBD7F7FA7FE146A5B6BD74E3164C7F51449AE95DB412200EC539418717E7F2F11B376FF62E95FEAF1442BED0581DBC
311
A1BD2780D23F506AFA16E1A7AD974EF17876F00DD7BCB187A1A97AE51FCED5BF2BC1F2BBE5B3C19BE27B43CF26DE00933658FE129B109C2FFF922CC22C4260FA01BEFB462A77DEBC35F42F600C3F5B0795D2E9E02DAD5E650B4438A92801B65C35CBAB7B1EE5041CE69D3B6F1822DFB873EBD6AD3B6FBC71EBC6C86AE967DF
311
C2DFA4CEBFF1BF54F6276EBC114E2F43FEC60B01A0D440A868B2920E5C4BC10D60931ADCB871F3268B21D3851B08E1D6AD9BFD4BF57F7577909FAB86F29B982571136AF01DF5FE32AC3BD9406CAAF2440A54CF176EDD01FBADA1FEFEFE21FE4C9858DFF4183458A9FD2B6708A5A5A137E0EE1D11A9EC0C7C58B2C73C0AD6B4
311
79BD76B7790CF899E287FA5B06FB7B07C9195B7851FA8794031EF1FC5F9406BBFB23375420286399B631E93B08022A785C4DBF9996EC3551874094D71B6F487E80F6837E50F483BDBDBD83232323AC420A18C68DA196EDDADF68A77F938F78FD972BABBDB7B87FB164AC6FC2CB760365821ACB74AED44FFAD7E7431ECD7E08
311
AC421F391D199998989A383D9D98E8E56F84A318C58D9BFD2DAB73FF5222C8EFAEF4DE7AF30D756E5108683DA471E70D0502099A7240F19E4089D3FD203E620F1B47BF43501E85031AE44B4B9F2E4D2D9D4D51D8970983FA861B3706FF950CA170DE82F6B312CC4F42C8966295F7D725ED29882415DC055F36DEA1FE96FEC1
311
41493F05FAA9A9A5A595B333DED5B3D5A533F62183323032F46EFF13EA0AAFA5FBF7C8976F8C10F7280A014832593B90004D52341980D907EAEB73411EB2F1EBC9F507F92746C40E7AE0AFAE54292BAB2BAB67CAE0746264A277B06508168C94BF772BE9765F7BF0B548FE1E07F3B5A521340A5CB5297C4B12811B89E82191
311
ECF3E41B3259C529F135E23CF4C7F961FB13537F5A02ECCAEA76B5BA5D3D3FDF3F2FEFEFB3AA22053E5008833428DC6C59FA2F770595F311F235D427F379BB8A121BD901B96076A388DC4C3C61C7933CCCD770FF375A6E0CE9F535FE2534BF5ADD3E3FAFD71BF57AA951B6D4CFEBFB8864758A26154430080B06ABFF557610
311
ECC93726224F155D1471041E0D42F82F4891C926C1355B0831649FF365F46FF05300A7A790BD8ADEEB0D4AA9569A9BDBADCCD56AA55AE377F5F3F3EA2A34983A1DE91D810543138D7F28E57FF4E2B5335A3928B76EA1CB9B00BF158C8F63A2E788826896D0B5E7C461949ECE089144F8EBEFC7FB4D8C9C4E9DAD60F7FBE572
311
B416C2F2423ECF8B86C439E450DA970634ACFDA977629098D0B2FAF313A36B3869E37AF7853378CDA1171FBEBA95DF1E44FD5144A420588641B0055A79ED91CC0DC41E27064512FB33F1F04D09D0D2DF0203A646A6CECE80DF28356A348CED8C4F1EF137B9319E1BCD29867CA556AA97F7B757567006A447FD375A26CAAFDE
311
D9CFDCFB2BB0BEEE8AA5911BC2C7F85DF88A3775389990AA72219D582409210F85A4E66F2987D875C30848023088FDF77E87F96FD7CBA5B9DCCEF4F4C9FC7C676777577B7B7B67E7ECCCE4E8DEE85E81A6D55AA3BC7FBEB242589CE8ED4770E785D7DDE23FF2587EBF57F50B9E820527316488E5C32D50F979BCA58207297E
311
2B6D658702FFCD211840FE43FC9F3A5BAD9E97E6F21B9FCF16BBBB3A3A5A175B5B1787875B5B3B86DFEFFC687A72674F19D46A8DFDF3EACA59E405375ACE76FFA922C817CE86A89BDD92F400F2C55B7462F610459837D3A61ACF50C7471C8F2F2A9D38C3DA2F068007F80EFCDBFBE5DCC674B1D83EBCBEB8BCBCBC3ED0D3D3
311
33D0B3DE33BCBEB0D8DA35FBF9F8CECE68AE020BCE61C112A4C1138CD47F9AD13F7DC6AB9CF9CFCFAF9D0E01FFE6CD503F5B91C5218E2899CA15098714848B04FCE5654884ABF0E554F11F6C21D73D5D5AADD64B7B9327DDAD8B0B7D7D6D6D07070763BC0F3E38E8EB4310EBEB8BC3DDB347E3E37B5842B97C4E44A0C63042
311
7E5CFDFB71E03F471E12CA9FF70E055AE141042DD81234B879EB4606361D9328149037D7D76A571A7E974FA20AD0323832713AB5BA7ABE3B3E3D3FBC30307070B0B9B645D93C3CDC3CDCA41CFC6AAC2D64D0D579B4B1B397A7C1BDBEBD7D36657A3CD4B2F44F4909F2B9CA597F4245C59DEC354316F0587020D0C661742BC0
311
2869435FD12CF195C422DB3C5A3E2305C000CE6B7B27ED8B7D63079B5B5B878787C787C7C7C757C76C51B60ED60EDAFA06D67B965B3B672677080BB5329E60E9B477847AE2E9EB53E35779FD37EFCD2D0DDD68AA355B6B0D81860502B8B68C801F5C697E9AD62F4B406244CB975560BAC756AAA577675B07C6D03778C17E7C
311
95CAF1B3ABABE3E3ADADE3CDB1B1B6B681014470343EBA979F8B90383545727C63E43549D14FD0F927E5F1FDEFD7263058FE02EBCD1BDCBCA053496BD58E69BC44F9F854D4D979AE9ADB908824382AC1D4014E9756EAF9CE85B6B54DB01F02F8EA5908E0D9D5F1B3E72188C3C3AB67879B07C8A0A767B8B831FE5E7EB754DE
311
AE5261460243FFF07858D8EF0D658BDC563A2C5EF5833C13C90B69248C4DD97842B61DFA7F210A2F6108A0F96B62E2D3B3F3DD939EA47E30ABF5AB2B903F4BE5F9B36757CF65021E616DAC6F60A1FB647274B4B05B2E5341B082D43278F67D8DFDA48AFF9A13F22B34C7586C9992BA6E66CABC190E313E7C811AA57304B421
311
A75B289B9D174CC868C24548823E230B9A5A2DCD2CAFE1F98E61C015CA7E96B083FC59F3ED06EE60F360B3AD6F79787ED278D0A86FAFE00BA9220EAEFE1D5DE1F7855939C3FCC1332426B377F692406E022C010DB437EF009803F0DCFD3B7C94440571D8F2C328F115F47FD324802070BAB43FBA80EFDB92FCA1F7E7CF9FA8
311
75CBB327CF9EB08C4DE4815BC4210E2CB7CF1CEDECEDCED5B757490968286899FAF95583BF46F9393CEE6A86D6F618CAAD9BFF0BE22B042412C5CFB50556815CC5BBE33E9F61ECEC26A9BCB8145FD10590078F9C9E953B513FAE1FE387FAC246E14F9E3CE7F5F8194BD6594140876B6B84C5D6799C61A16434201E5237582A
311
FD75C07EEED9863F463284E2E13425A036BD41061259289B6BDC1ED656FC8B8592C9D00701E27CEA749F0D8EF44EAD8C1F80FFF8F8F9D513191F6803384C800097F24069C407CFAE88136B7DCB3D5D4A60B711F19070D83235F77331FD35E715966889038E2E0B346EAB7936C4162043E1A1F144093695443A570144898BC4
311
079CEF1912809A3035A1D3F361235F90FFF1E3E0FB93C7E2750719F88E7D8E68123883ADB5B18185AE99F1D11C1238A792DC4BEDE8EC6FF503DF377E0445F68FAF4E08D43082D02170F30131A154206CC559A8D9CFDD762B31273E4947A581E0D9BB71E33FFA07CD02CE2A6BE1EC80167497F2A81CFA3F7EFE58D0CF5D5D17
311
0DE4F89070B0BC4040CC17BEAC6B0586C3D3FF0309BC06F44B04A1E13729929B4DF73C44070692C810B08AC3012E8EE9EAE22067796288C193B2139B970B86F47FAD0F98382B1E035D9C32FD318A4FAFCB274F2E1FA772F94411B0CD42493C23393A685B5FEF3E1ACF554AF5F3552A478383374E6B2FDDFC4F6DFE38F4F4ED
311
7A7FE838F488EA852482F412D3CB07E293D02C9F074F12E84C5AAC423271450572A385449844706475FD38DC3C22486A0639E5F1E38B0CFE93CB4B25910EF309A2224BD8DAD40C682C28341AD69047E8539A6AFC14EC573F7FAD10AE0FE6EB13E87B28E093B513B5803514DE408809BC12A14876DE0A25F643009E9176D9F0
311
C330164285A7444DC8CAF0E9FE41429EE0A2F6A6DE91C0856C501272404A8468822E24C807030B1D33D40D4AFBDBABB411D093D88C86D7205E05FC57EDD1F805FA4CED5920F0CED39157E007CE21757C5DE440ECBCB46CD283E378029B43FB077B4F47E60E9F61E8D01BE017D7E843EB49F50A2028F1E442FCC90C9EE308E4
311
C0C2C94EAE30B75FAD3A0EAFA57FE9EF960F14BE15638840EAF3BA490BB6850EDB38EECAFD21A0C746D0C4234DBD035EFC7EDD121FA585FAB73DB89FE6A03CF833AB0730E5E2F1A36CE3F202A128934B44E396961121E1F2C9F32BFCC0C140CFE22C1CA8E109B182919696BFB98120234F61B59F7BF46EC30CF067B21A33B0
311
FB3E402448EE266CCD93135A8E823DB31F85E677434E608F53F8100BC0098EA2FD6BC01770E0F2F2D1E5452A711C4BB8486248FAD756D852026B6DC90A2AA5C6B69E9068B8F27AFABFFEE8AB36F1D23985D5960014FD711940800B560250D2272CC54FF1D3A660B275AC3881E349689C1616E1E9044129D032313509DE4700
311
BC867C71F128C400159407C761022BA8A040F40A244788808C60B3AD67A17576279F6F946923191921B0545FC2F12AC0EFEFBD7262B6935679FC7F80629160ABFAEC88E8430E76D82A8DE62ACE50BD4A42FBF03B387B37FD321B37E31C3F063D99703F5160E6C9E5A300CF32A91E0A085A29C0FC507F6C21012303C6104B82
311
C1F1E156DB3229D1A855A32A8352C9077AF733A0AFE0FB3EF81FDF2F0F82C21B0EB06998866878B103305E31EC17F4FD43831E570A2118D1667632D4FFFFB125782F96168A833DBE78C3F11F8383A79D49F58F1E3DBC780417AE6581381E8610604888E2913E12492881274822C221AD04CB0B1D273B8542837460898C6868
311
64FF6F801E8269F40AD0481DFAF5E6E9C1F3BE391C325004DF0746A4E4448F7B52C0D5EAD39EC46896B888C4210D68E99DFA2820DF7FF850EC407EB55C3EBC5028611409BFCB8889C90F1C52355AEF98B18100094C9D0EF6F64FD47E5CBF3FF5293DDFB4B50DDD54F351446FA1F14580DC3902C085F593CB24ACC917B213BB
311
C11B3F0A61042FD8B24F4FB9C4556D0CB9E1A880DE89934CE9607F18F81FDD950DD0E1D143F41D56110E227C250621FF098838042BC85B5B6BCBCBC31DD37B34966E9FFD9936A2FEFEA9EBA4182E5CD3E17AE35501FCE0707E5525A7DBC64DFD077825BE37CE0BBE1BBEC061410C660B6E49912665E2B3749C7C9F93834022
311
F74CDE6CA5EB501D9CBC04B768292C5CCB84478F3CA83074092C6082169015E5800D5839DC6C1B58EFE83ECA513BDE3EFB8EF1242D2D4B3FD55AFE03D42F8492AF8A3F21444FA2FA9ABBF525EAF84C09F0168527B0138A85D1EC0443C467B28BF844EAF76323BE13D7C11F72FED783837B970FEFDE7D7817E077C17EF7E2A1
311
C2C0FE851FE4C008388C15E818958746129E1009D054B67530D6B3D8DA3D59D82D9D57CF70039FF50FFE0DE94089DB269C3655A4F25B38C49D0BD48E59F1526887C18FC5272197F85CA72862A593A4843CD25F920487DDF7AA0441A2C0600D062001F103FCEEA3D8560CEC3EBACB01CAE5A51E420349F602191E5F90189314
311
2381351CE17047E764BE50DEAF9E4D8C38B6ECFFACEB141E54A6865A88A60133EE9CBB4C256930B0B168C1C3AB59FE1743FB422C7166082E934AFA5EFA3E4BCE0B69362FA7041818B7FDECE1DDFB4D022007CA23E521F0700AAEB5888BBBF08023E128B4045381542FA256B0D04E28A0C3804E233A1BFB476A2F48FD135BAF
311
9843BEDA3264EB42BA499601F16B566E72C7EA35908ABCB9176BBED43204C696AFD3D7B24B08D3AFA44BE243D88A6D9D0B6562B52F741E1610C0EFBBAF2B0829289A640EC4C8A4FF66A24430786CEBE1E1E61AF9507BFB496EAEB64F8F49B4129EBDEC065EC1F8A3F228A3CD0950883B41BEC6D1944AE06147289600A77263
311
13AC69A3F91197F1438BCB743E76F01F6EF1D1C854071670FFFE43FF1EDED702EE5A14C85D0C42DF90B86068800659AC88981855E3E774A71C0CAC2F76754EE7CC87C808D1E1E0F6CF47FD4224731337BE1E39C5010823EE997B1491BBD99FC8D8EF77482BEB5EB2CF66499A8E0F7511B19B3EFBDACB6507BC78731B1B383D
311
02FFDD7BE8DD9256F7D0BA7B46015941097B80018F700FFA024CC08078F51806100ADBFA163ABA8A3B95B9D2F92AC30BC908ED31FABE0CBEBFFF0279B675868F9AA24E9530B08C174055B7F48E4F58002F3E82F0BDFA003E8B431EB6C4A91E4D9B5FFB791265BA8827BBE5F1BCFA7F789F72F75EC800F8AE43FFAEC42F1300
311
9FB905A9A0132015D0068ED7682AC608BA6771038DEDB3B33082891FAB1ABF5614F93238079726B833958796B845B731FCB86316713C1DC581B1E19B424EE32674093F80776F7E27C6FBFAC85C536CD955B96EDA2A3FBF770FF4BE11845470EB3E42D022000E0FE07D161811020742162444668308801E133A4C163BE68F68
311
26A5523071CA78B2FED51F28F8C70FE4190073A3E5D3259D7A288CD19BDE623F10021BAB0C6E327FD507B2741627727EA00D31856492F9F009D7F152D930704E642795C1C1B336E0DEBB7F0FDCB79318543B25341F36802D64A981A690B94259607DE0B19D466BF8C1C5E1CEF9A3FC5C639FD6117B4BAEAB453F8EFBDA500A
311
67E8BAF76C8A06566E36EE1184E8329419161F83D843D5DE7D8221163E145F56921C3EE383978072129E290A9B7166E63D26BAB1FCDBF710009E4051842390031845F20077CD079407C575F20364C4910ED2A574BC357630B0BCD8DE39335EB175646A698458F6A346F003A93002E846FFE0C459B8006E506D79BF902908A0
311
AA05CB5E73530E33BA1D3C2EF99C712B7C8B41DF4D2A7830BE8707485FCFAEEB85A09AB6D39BBF7B4F23E00509C20DB04E240822A4B810E04D8D53D10D504C059ED86BB8697F514777717A8F8144D48A4C89077F7EDB00E2D89DC02A7B975640A282C49A4AA84B70B12BFED8EA6584860DFB7EE23FCB00C6BAF7332FF259FA
311
3C9346508813E372F1DDE425065BB61FDF8300F7EEDDBE8D0C6EDF46F7D8823478590AE23759D60DA6B7A9F125EDE8F4A5D2B37470D0B63C30DCDE3D3D59A8D1501EB1B0A5377517BDD6E301F995E3F955F0F58FAC2E81CE172A8344AC03DC6781939D2484B8FFC15E8F3ACCD3954CE19576B942D0A029188EC7013FE59AE9
311
0B71292DE774F1F63D60230180B30A2EDC65291B6211B4081128856001A680015CE000708254891851D4B3BED0FA4D7166B466BFF1D2A924885AD12B387FC0FCE6819AC3AE06A7AA4B715F0927B74D119D4A668FB54B8A8C268D8B038A207D10A7B1E95E42195B695BE0240F7408B311257C23F581E987C180140C584A02B1
311
670CB817CEC0A080F259F1360E58452013200E3EC107AC1DF4FD7B0F6D23F33347F9527D9F51E6138E31AF35F1BDAAEEEBA3D71BB402E2FB47CECEE96B4DB85536772B07C82A34F3E66D0BCEC207FEB9E70643761276F7B50D5EE963CFF80C7AF4A2130F5BF8C4EBFB5F07B709840480DBD8007FB7EF3F90104908BA457D43
311
AA2A6A02C91422285E5AAC143F3313A0CB74D9D164933B86C25587134E8D342B453FC982860D09FD13ABE72055ED020E85D3E312F74C25CB0293D978A1C4001927C80B86FD06349126EC219F0C735C8053D8F5F310817EA01F1B7851F406144C211C6362C27DD51F1E310C0102280ADB891E9B085CC528A2B1369A46BA195B
311
9A2B351862CE43174BA73FB7CBB430A5798F4C54B7333B96C3224A9863AD02B9FBD8E63092191924E77C199D92887DA594B6DCF0112857162FD0949FE6A441F5E62E42FB2105BC405A2301A3424601DC807912CB2C39C604A27908021CDA30C4C8C2019A883B3A8BD393BB3546136EAF561980FB63E9E035FF73B96D09A905
311
ACB2C11D79571C5159026227DDBDB81396EB03F14100BEB66DE1FA9EF82C3ECCBE318119C4269FD014E66361FC8BB0B4EA9A98EF3D8848A01360430284335004C183CC25BCA82D2302EB03B8419241C64DF4F5ADAF77B533BE786334BFCBB8DA72BDBEFFC36103AFB30608A0B39B58D93F0BF42180841DD26BDC22CF0A770E
311
90240006BAC65197D90920131C7B2EB3CFD3C71C6378A305EE8488FC1FF8D391E2BDDB0F6E3F45E7C8207C419800DB410073A3173942CA8D5242642A74496FF115832A6314D9FA4257577BF7FCF8F8E8CEE8DEDE5EBE76DD3CF892BA7FB8B90F629431B5525E92A15A3A4A6FEA3FDD73136172060959206591F4C927196CF6
311
45AA285CF3014630121754261C0D31E1A7E3DA2DBDB54B04703BDE3A4209F02045C4BB0F529A14BED07098A2A1CD47513DA64B512F409BC01663090796D787173B5AA141B1B39BB470EEBCF1E30F9D263ACC4D05110797CEF7B923B027F089F74D1D06F0A4D8C0CDA6604023FCA45B76C5CDE0BF3845ECBE13E0C0ED73700A
311
8A753C1AC8AEFFF1B407FC8A20F42F0D94019121DE304077A027D4112283BB8FF0072444D68AAD111D6F591BC0061854BBC048EBBE9E81F6A33A95C21BFD13AF3C7E7DCDFFEB0DE8903F77B41DF178E99C289895B0EA8CD640549D68935BA7C5294E0A1D66DA0CC419BD398E6265789CA1241441AC94532A3C19C95340BEFC
311
68703077EFC1D307B71F3C500859C11494838E902203A2BE90EACC5135B80B078804340C920C2300BCC06F7A1C71B875DC572C9BD1D84BD5FB9363CA6BA7D03E5C40FDFC54FC23C9B4B9DDD028787D89219038523BF64E638BB37CC25335937A00DFD32869C5B390C8C32FF25C8C47A7181B4A599A224A9DADB0E0406FEFF9
311
F183B7448F081E3C55024FB33828784AB61704482CD0160C04174F9E33BA9291D58C2F1F1B1B3B5863B0D9F3E51C35C253D54A23E560E2C0CB3A6F7A81382601C2079CAE96B7B1560D20A341E85A928A4E01083256420576C2ED477E2E565FD9223BCC691CF394D3D8E281501E0EE5C1C8159E92585D255CF30CC854C75318
311
006EA4A01028EC853F9407C6053910BE105348324002260254886C156260F9189EE0F8C9A3CBAE9D5A992184568A69D5183A7DB97DB089FDC57AEE54F858FE54F577DBA85309640290F2D220952620750C5811FB772A7876D1E4040FBFC6474D51246D8B3FB378283FB514F8AB3C20B8BF7DBE5DE541C9A5D3D38DDB30E001
311
51E02523081BC89C2214103E0BC1B3D0199A08E002681A2613A2616CEDF0F0F9C5DDC75DA395C25C0309C03DEC8091A4AFD3FEB504AAC6633930556DAC86EE3561941E862C4A75DD6B6BB3A0C59BE153DFA73EDFCBC3CE2188D3D378FC976D0EF9A95B7C8532F527CE3CF539581E0FE501291E9139FFB65EFF5DBD8E0C18DE
311
3077170A64E033FD278F18068028802F156C3809FDEB11B1019C208D020C9BA2870457F0F8E1FDC7EDD393E3B9FC9C4308E9315704233F960E554802C14716B0B45DAB5EAB5E25AB7830EBB8D25E6CA94E4AA01794FB1EE164FE9F040FE82C940A4BCEF913075D087E85A7237D3CF29C47E4E676777779528C4781761F0BFB
311
C1D3A77880E40C9A2E5109180D5255317890394229F0F082010354082D574F1E3FBAB7D6553C2113DACB97BEB5526C7C6F69F9310A94C46CD89FF8F379AD1AA035FD00FF3F320180F01417A6F255A3A8D86319FE0C0B0E06A0DCD33F79841339C01E5BBE1911AFCFF7C1E0A540BFBDBFCF2372352686D863F83F59CB6865F4
311
3104007EE06F52406F680341102048A01BB048823082CBCB0B6AC48C313F3E7CFEF8F2D1FDC3D6F6F9F9D9E98D9D7CAE5EADE2A6512FAD7AB526E17F600C85550DDE9ACFE9D97E694513103BC69F8A2813176032C890C1E9C49FC09C61670FF8705B1D7386260E7C8E7122C7F8208A55139E8C8D4763F7EBF5728DF9C34677
311
364E3A3F9AEFDEC9CD95470788834F9FBEC512379890B38C94205B2557987C4186DF5C0837608DF0F9F3CB87B7EF6E920475752A01460E556919B2B64296FB9FB70DD5F47232A0F77465BF140CD001F00ADCA175090E2665A14E6329B62660E02A1CB50C6025E3DA252A670B3F0FFAA5EAD94A509FE7036B159E0D1D9F2E76
311
B7AE1FD5A606198D3A747AF450023CBDFD162278B9446688111009B4029B0F2180AE20A542D40610C073B47FEFE1416B2B12200F3C991C2F54EC2491027A816B0A34A9D05C6F437AC23462385DADD75642EDDA738AF1600DBE07EE8437804D2D011A94DF71C2085EDD40266A407FFA1D1C00B0C03927E60338E3B9D8C47D1F
311
8CAED578E06F7CFAA4BB63B175FA7C301B747CB377F45192003CB8FD34B12009224543D8604494011A80C1903CE0518C986208E1C5FDDB8FDA161686873BBABABAE74FA637BEA894A44078C19696F326E057D7F95D061A6B0394A9D5F2DCAAFE4C2388D8A6E9AB7695CB0BDD0A332430F1A9333DA41D1FFB97FA09AE84E738
311
C75C407C260408F8DBD5EDED7DE1570A7BE333C54F16963B46AB0C2B71208EA3D16EF4EEDCD7005241166C005A73C03164792151205C007288AE337B4D7103741BDE7B7AC913350B348B2D767515674EC6F72A0402BBCB41C81305AFCF05F2758D3ECAC8D26AB97606DB9581A4B7A8FFB068CD5C0604E6849046B70C2B60FF
311
0CDDF93C13822B4E82FA0479A68220E66D9FD775FB3C1A9CDBDB9829B6AF2F77EC9E0678FB20ED8D1B1A1A39D10F9812E20D6281F5673121AACAA9C53424000DAC173F7E18C3052EEE3E78E7F1160F5AAEAFB70E0F7775CFCE4EF384DDEEBEB9C0889D5243BDF557559FEDE5F17AB21E118C4C31A3DF6A96B56AC621802939
311
10ECD6B721047664BCFCC6B2DD3C65CA0F0C823DFEF84083C7ECCDF05898EEF158F4FEF97EB9C123F1B9D1D1A3D9F9AEC5F5CEDA84A3C96C14A55584D62893D6A54D8D2028D05C8B1F124884543F3223B29D208B04910D3FC43F5C52196AEB5B5F5E58E8E82610F08C21BD443801233C0CE8BD1E40F84A1CA8600199004803
311
1ABBAB11EF83F9283EA89F181F2A0D9A9F62D94B7F625FD727E6A93F63F200F614F7CF100D4511C07DB45FC5F0CB4CA359ABE4774631FDAE85E599EA0878A3C33D5AD6430CF4C055EE5FDB80629000D7855DED3F436F3B61B3DC7FFACEFD2B1BC6FB0696312CFA477CE87A87070C7998E04FBA78AE3F915A065E819FCF35B4
311
10321D9ABB308146A11AD5196CDDD7C477A171C8AFC74B45CBC6F641AB53C8D4ADA5870C02379BC0470CF83DB55F073E29CF5CE5F7A3F8FD62EB7AEB1774C2C6780B9523F9287193FD23DDB79FBEA513B45200E2E0C1B51350163AC19043C600F2C1DBF7DEBA7BB9B5457BC0D840CF325EB0BBABBB786D3014370000200049
311
44415472B491ABCCEDAFC0591201CAC8EBFACBF367FE7B6E40E69F551BBBE7123E3C00AC560CE20C62436E8C3C54CC225EE08C0D74CE26148877689EDD004FB2BFBFFFBB984035373A7954EC5EE8591FE531348654514DB1D1C56411DFA2A7C212BE5ED91278F2851A432244C6822C29C85A8B320ADCBDFDD63BF71FD32648
311
E7D098CD018BC35D7FE89E250EF2AC75F96C15271602687965C844B8807C6E7729D93F22E81D39ABD62A0820C1FE9F11CFA7208125D33E96FD69E83AF6052DD32D49FF0802CD9F9DFD39260389A950887A647CCC99BAB17132DFB5DED35138FB3A060F6295AA5E195BF0BB56495A5A4A8FA440026E46A047D40ED2520A441C
311
302D240F201FB8F7E0EDDB0E12A04D8816215A0579E8FE1B1281E9F19C9900DE79842E2A7CCD48E9876EB01C75DBA0E0C8D44AB5512947A00BE7CF5DE9E1A6A6BE43CF1A78783DFD5A404E4477336C1ED8B18908B2A847B2AFE9839E891137A6673BBB96FBBA2A4B8E9373B001F08369BA11BE8ABC4302FD2345FD6014A127
311
068427D007BE28B41D9B0D40FFB7EE531FA673C8870A69135B1CEEE8D009C08042A5B4EDA314920B635BF941E7487E45256439DFE9D276295F87E698389CD49FB394FE19720412DEDDC40E9CE9C6DD605E0B719FADC416CB15AB3A61F9B5B9B9426E54F81D8B03DD950946D432B40CEDAB7BB5AF11213CBA73C9BCCCDAFBCF
311
06127C7980FE6D1DC9B4DF14832D6568FEAEEBA76FBF438300B541064ED33F3AC0B0D10505306FD370AED02859234402F6C3FED006766DDED2034D90D119057225EEE3DAF787EBF30EC51ACB4F551678BD6728E1944730C095F13E4D81A4DFFBF67C5BEE37E62A85FCCEC6CC6C7BC77A5B477E22223ECA4FCC0F87E2A5E3EB
311
782BDB25B8CFC6736A044DE5A7CDA604526361D650484FE283B77EFBD65D52C1C73C4F48E7D0D81ACF572F2E2280F98FB230508FA906B42DE240ED651B301CEC83DE1790C9FD96B6CBF986BECF3BD332C18EF627A0B6EECD5B152E02088D03D828AFFAD26B05BF671B4F9A09A8CE0CD2707F67F2A4B3BB75B9ADA331C1305B
311
BAC182FB4A79820B7EEAF73199B8404C0B81231CDCBB871B80FC41FF5860E8E108222A1A076C29E6E03B6F3FBD4F1F295DC457573C7ADED636D6B7B8C88413DDF3B327E1046AA51040B40CB50C7E3F1D2E44DAD34CFA604029BFFBE714DF0C069908027EB275F1F366C132E1A7450B04011CF82B2B647CE754F650FF6E25BF
311
37AAF65B7BDA16CAA791F1D09F6CAB989EC5AB7809BE145FA459E8D3E4B0FB47DAEF093B946FED585B80FE1A0305FD5330FEDB4FDF79FBF6BDE81D8300CF6815E5F9896552412A03F31FCDCC7CB5E32365550CD9365FDCCEC8752E943161D78047336F8AF6539840A1F2E764FDA2970999F205CD2BD1F5CF496571F76EAEFA
311
0E1CF8FD2A55FD06391F9EEF8B9DC9994E72BEBEE1FC928E2F223EBA0FBFBFB4F2DF137BC894B8087643D64ADE6EDED67F7680FAC9060239E845FC94AE93D880F994FBF71FBCF5F66F9F32C292EA900F9C1E6F1105E81C5B5F58A067A448143842008D7275EA3BBA3D2516FDF02FF79260020D6B3C714711F3CFB61BFF56A8
311
26E627E82256F7400FB387FEF23C1C1E77FD6A21EBB1B2B35F2F95E7760BE1FA3ABB3A981423477517EEE36FF96F122B942F6FB64D9502BD1B9089162532A2FEFED255028FE653C9F46FA321E0B588B7DE79FBED07C44106CC85133CA65190543004D01D02D8181DDDA5A9C91A7110805B7875B689FC3902200FB192E7DFD9
311
36B37B57D9C338BD49E99E181F4E5FCAB2ABC1CA7AAB382CBC7D515457CFABE6FBC63D525E5CDF74B16378B9AD6774A58531912D232DF01BAA913DFB7D3AAFF912984302B84D0500077800D26C60A4742101DE420C610C2E92FA93056022EFBCFD5BB6B38651470CD33BD87630C05831BA864C85997B8754B05167F0706499
311
DC442FCD22592AEC2ABF3FF13F950039BF159FA9B36ABDB2778EFF83F70972B83BFD3F4899E64DD8346AA495CB155A7499F2CE39B0AAE755125EB84FD8CF8D8E4F4E9FB4B72E8F1DBCCB98B31BC4607C2CFF21C8145FB48EA0F2159F86A3098415609554DEFA7B27EF1301033DD06D274BAF6821D220DEF96FA4CBB60B3CA2
311
41C021D38E1AA76B4406B4767576166766A6C7F77273F5F395291BBA19F64F2E3095C14F3E60371827741CB27E89543857D6D96BF9A47C6A9A26057840332EB843717AAD171880217B71FCCC0355AED3D4819911F79D0EA8AD6DA31A83E36C5DC2D470295C011302387069158F6C9966022367ECF1D00BA9BB95C389AE7B61
311
05A1FB640689033A7FCCFFEDB762189103A61C3A4FEFE0D6A6B5A19EC5755A443AE78BC5E9235B047890A65919A0D2F96AA3C01CEE913BB3ED239C3E0CD8DDAB99E4348BF3F8B977B6C43DEBEFBD7721A839A63B94C06A10DB87FCBFA3C2932F8C26F88B6D6BB30C3C4E09AFE40FAB52EFAA1EC0316920E031A46D65A0FFE4
311
5A673432E907FBCF86717AC04F2CD0EF512D665FF53F05BFCDC43489F150890C60A8E0314E70A06F619D30D841189CA15D3417F3CD50191AE4396543F0C42BCFD696C58DF163F5B46D708BD5FDDA5E5E5FDF9401BC4F7E00E8A17520833D1CBFF495B5D1CE037C664123EEE74737268B5D1D3DBFDA6AAD8C08DF2C0BC7A737
311
E10AAB2A7B958990CEBF556CDBEE823CB09FB344143463C630CFFF585D330CF0320E921744A7918280FEEF981161008E9FBC78C830217A07B7D6985E83F9A79884ABB5AB383B4D7D788F9FB3D867A2112A43F19042B33A108690CF6F472F8661CFAC971478757F6E6F2F7AEB82FEA85E5715941778B278281F28C268AB24BD
311
B470EF3303E09C359E9DF1CF990D8A096106E6A66C8620DDE7D281DF0B2831F20439A30D68386CE13E002F7EDA8D7806162B205D6A19AA1FABFD6B1B400EC2BFFDD66FDF7E8755B4883C043F43046C1326136680404F1F934EBDDFDD39CB58A98DF1BD7880E0532E671FA1435E9D6EA5E9071000BE8F262E7C4044FD95D5FD
311
526EB40A05A634775F32205C3D779FDC168CD5E56BF982508BF572BDA4F6F57D3304BE9EB18149461B12F760D7485891CA47CFC44909136FBF4931716A2E100123FC6CCAA6A644F25EDF4AC980B14039009BECE8B798BF69A05DC5B6885CD23F8E13A46FF0C0A986D617F001C52241801E87C2974C31411DA3A5D7B6175472
311
763D637D3E57C33B908F867F4A59CFCA7923375E5F027A983E18BD7BD4E6FDDBB2250C1529F4202EFAAF979DFFB1F2612E87EBEFEC58581EDB9AA95AD1D7C1905F7305BF8182D5BBB524D47C4E3B81CD843220DE1E6536497C0962C225F75A2D6A998303B23FC501F0B3F736EE1FF01200FC8C99F5515207C9C40081DF304C
311
0A17D06E26CCBC5B3C47459308178301FA8057C2C0AE9D99B05F038828B08400F2E3251254DD7EB8BC4853B101F99AB48E387457C96951E5DB670648BAB70A7B04FE93EEC5F5B183F9739C98952C6845C380D401B8FC86E70A20744EC720E09D35955D96A9041720196D183AC2CFE6AEA816652D0234883D788BEC8F5DF261
311
5261DB031C2381092401B48D8D2D870FECEA9C3D99DDB036C8A051058030E32190976718C89F031DFBFF2EEA3D88606A8A19BD0AE305BDFD12BA4FF46F1A0002B07137989C748936E9DB2C91F43B07E4E4D16C3779CF5A4FFE8CC981F07C29E34B7C012AF0054FAEA4A6A3D49D3A16D2B3CF220A029003366663053C89B3FB
311
1827080DEC2780076FBFFD8E39810CB0593CC68B5D9009F2D400418028B0BC6CC74067E7C9CC0C2690FBB084AA5254A12AF63543B35EB40D17B693F7E3464D5094C00AA9E04E0E0524F5C35C5EC6BA94B21AAF2440725E2A9FF94FE7A8F0E769EB83FDEB039B631B18BF396F5C13CF89ACC02C387DA56DC3B1CD84B96CFAAA
311
37B55FE723B611062258257D331F186AC93D8AD600B4FEF4AD777E4BF68F2168FF08C081A37AC13446C859964803961928476D78F68419390D830C1935B5C2A0A22A3AB17D3D6428BF12DC373B8D464E04C0A496BB3B3B75639DCC2500E0F0B15FB6F47B5A7ED0183A87CAE8D535F2EDBD4B3B7FC762DFE65A07C30B2851DB
311
890082ADC07131EEEFA3DB7DD5CD32C0860CA83CD4B7993A175F422A8149B1C1D94C1145059D9C78A8A572A90B7C8B1E3392FF77A80C50220880FF3669004E90F101740D2B808181455A044904674E7482CC3EC85C4BCE339404C0B0BF6A5611E4F9B8157BAB6DE327EC9BFBA1B4557ECB609C1F45326499EFB90EE78F1822
311
7F09E563C9E63D847EDB3B68EB9C39E95AC4F7ADCF7D87F6752BB6912040281E4A0D8A8314E80D60470999B8A51FB1488A66A9F3F81FFA61C83F4FA6969E472288FADFD61B005E0EA4284822E018911828E868614DA0C36E11F3A051070BF2F0840E35F200E2C0C80A776CC9E7E6841C0503D0EDF15ED9AFE527E798D23BEE
311
5F0604E58DFB7099D739BF0BA5D332EF29F1535995BDBD0DE681C4F71DFE6A7AC5A13554AE6910963E9ABC9A0DB5B202225545F5CFACC942B5B93C207352B6E5310BF349AF200175D7DFDF78F6D683B7C87E087FA9B35812C4F8F13452CED610A2207541E6D659A739441F3833CD0C9C3C3DC2B0712F62333C4FA9327C9CA1
311
124904B4FDE0FE21C119776CB0C212AAFBA5CAF80EB43772ADFE77CD9FA8A4144C54C2FB2304C65F62FC3678E4F6C68F30FEE1BE8383CE7DB86F58B1AE0C51F0F055E188D02F00911DDB0991832228B3172B3E623E513FF1734FF414A611A603163F401BEA790FC9FF7FC3FD3DB02DC00184145B850D01D120424DC03C00FC
311
EB7880EEEE939399F1F18DBD4AA54C939899304D913CC2D5CFBC55E50C7FBE4C0E14AEEF53D6843DFF56BE2D554637EA047D3C210E2C61077875FB5B40E19F43AB7470CAFE1C0D3ED3B3B4778D1DF6D4F837C08747180FE8394F2CA1E0A46B6DA62CE2B2DABEDE0B1924098580FC16B369730E9E90541D3730D47FDE16EE1F
311
FAD3419CDA05ED1F2715C607F2E81893AFC5936303F40EB776F1D808BDE393A3FA401E1C706E154C892860AD74A2949C409E28A8FB3349C764D13E4D1D3468952B7B1B35001BF41142CAD58D6011C8B78961EACAB66E9AFBC627673B61FFDA4167950A274145BF11EA17BA9AA60815C2C43AE1F648E3772E53C94E6364AF82
311
6019E723069A8AA353A3BF7FB5359281700061FF64C28C10B9AF0B70B0B0D30A31CD1CFD22F68C76DA1E44558869257892363C091D313EFA46B57C3BEB252E9C6BF5B4799EC58F1910F469E25AA17B343799DB3E33CF410061F96C6D63FA91B1000CEBB7D2971BDD39A2A76361E000F5DBC1688D47CB812DD60F8001AF25B3
311
28D173A9E4BAC18CE9F1F628704330741B2649B92E9714447C68559C6CD2F681919367E4811100750058809D0230C087A89FF3C80C23C4C60882E481F48D531764BABD5CCECA308DE2F63D3BB50373D630796126803C2D1FBAC148F7592881B395ED7D26B7DD38D7096AF98841CB37592561D9C6565317AFBE9FC4AF7371E0
311
60736C7635E0CBA1809FC80F544DBAA1F2F9393D970D44C0615A0C6930E758B9E63AE690F73045F0C8C0731DE9CD80F718E94652383458799E02C06D328010011C7090D8C5E5336A83D4059953877EA1E1D66FBE994F04608C4C991917230FB61F9AEE183A40AB9108D032449FD1A7283DD25ED15360EF7EA9303EDDC00434
311
03531EDEAB10DFF87F5E2FD56DF0F1B701A9F614DB17FA0E0EDF6FD0B1622A81FA3D1DE5A33F551930335C353A87F9AB05C60455193448246944A232C5D07636D864CDD7A50D0B4440CDCC465D1C418321F50E1648D500294065D869559EF3C40C8FCC6C323E989AD0F0C73142480B200842802C061008B480A9954AF28205
311
2B3AF67350FD0DD30D1F4075AC303A5D490250F5400ACF479656861E4C77AFF327F3EBECA4B57B6B6C8FF62602BF150744656A87DABD7BC6BED50527B2120C001A0B3718C74F0C65CD34F275164D7968148DDF259AB8AD6CA81CDA4E8819509B996A7F642D987A401A2B04018C01E6C169A8700F9DE3B489DB2BC49C9B7B85
311
8A4F50D22AE15428FCA4A1EDB20C83492690CFE361CC7F8C8066FFD0D77AEE797977F468A36E0B0DFC87F90EE6348BC748F7CB73B5B9DD5C6EE7AB19ADBF6DF359F1DC2A0F9E44F213F8041F64274C0859A2AB7C37440FEDDD2F95BE44065F22067E3EA0CC3BD8C0D8194EAB291CCEE20B9CD8E02950AD806080047A279F19
311
024C837C848816719AC4A34DF8F0706CED904E8185753A458A27E4C1E37B5F30A104932BE140E0BF4E400160F320B054A8705042FFC47B4940810173F9C9E97240C7FCC3F3813EA239B745DE9F1B1F3FC2F9330374DBD1A7B475923F9A2ED81716D18D1B577DAAB9D1A0458655AD3CA7E211867AE7C702DCACCD291E0F7980
311
13DC01BC326087775C0833E04EA3778FBCB8DA4687A0255CA0AD210C15661E4E92001A4449031D1DD27D327334BE830B64DAD90CBF537A45FBD4E94A7A88888E715B7E74FCD040E818BDC1BF5AC609CCCC015DED23877080FCDC47BD8EF3A7B783A17D33F3ADEB6D6BC7AD75EA7C7852C5B6FDADA6AFEFC2D181C03F8C40DD
311
8A4AB5024F0B72E34B57BC1182472DC80946789AFB711DB7F1193C03C893B0345F420246114D3EA71D04FBA731C0DAB0D3CD311B218F0D5A15ECC105D02F3AC32F13600084731A83220040019B03180634B5923D438300B05BAC80881F061095FED5D572A3323ABD83F1D37A2301A8C930AB3F66ADF7CBEFED30BAAD7D78A0
311
6DEB6A87F15491F5AB7E25842B6B34BEFC12C8A159F187C64B3CBD2356DE5FBAB98BBE9583F0E3280C0076DA15BF34C15238145742B07080B1EFB83382F9FEF2239D003541041083C5AF9EF3C8944DC2030BC3ADEDDD9D27475800693049E05413BFB3FEB4308731512F13400D06F813368A0101D8D863EB3E75FCCADED124
311
F532AD3F123F131AB46A93DF1ECE7F96CE9EB6C365C6D6A07EEC461FC919FE288AF7AE1A7D012D291EB073735FF26BBB1C99FB706E972192819B7A34BF22424BEA1CC7958AC2E04BFC8E02DB90A4A1DD04811ACDBC181037864672C78F6C0EC3073A40CC49D5E813593B7002763BC6A909D31AC86F3F6E335C9E1C309BC58F
311
16418642E2AF6B290A34FEDC0CFEE08FCA0F56700699CB73B9C99302AA17BD516D7F1FD755A2B32B3FBE7134D3BEC813195BD355020A7DBB541539CD2C06E45F46FC0EE08293E6C0E1972176D9B678340AA1A4823404EF79B1E2347E47C35D0A2260730E0B513025DC0BD1C07E3366E9B9D17F767405FB5310707000356186
311
06F0B40C73C974CFD321B0C174A80C0F3AA54945FFEF348F5488895713E89B5C98DA501E06D8D24FF04FF0CD7ECD7BAA755A854EC6A180AD13BE094E8D5D63BFD6DFA5F5D3E4DB1BA18FD8473DC6E17FFC9832B71A2A94D96E808BB53F9192955D62C82E282B05168AA0927D54AB20A20A74800B7CC9655C8B15F62377CA4C
311
91641F9F4D0478F4FEFDCE273A002CC0A725EC165CE3A149F0333E8E9600B2C05A7D15FD831F0938DBE5D0FF13E3C0F0765965A0961C3FA86DEEB0E28304747BFBA5FCDEE44C23544F7BB7BF7A132DDE34F99E44EC3FEEAE92F667A10F7E90B0E8C6442DF5A5318B0F816311DB2E6DC6F172C363FC800EE09186BB9EC82A24
311
C0117700CD884AA42023B81EA6E0CF8B3056411110D78606EBC5AD5417B45BCC8E61EA01C4006AC233933E35D860BC1B6CB9C9CCCE7840D2E0C1C1FFC11CCE54D59300F2B47D66A10F09D8E24B71B9BDDF98FB62A3B897C53EC88D16D1FFE8C649B17BB8E760EB20B784F52F992544753F2CBF642CD3C9C70D8722C197142C
311
567E74FB431EE248A8F3FC00377F5142144A82FFC28AC2970A780C85A7EE9146FA4B2981F3C93BCB0F3FBCB6DD3DE69C72B6073B99140DE28B8E919D9D9E7C2F5FA99FC1FFD07E9AC0965CDAEA0A945FADE52C791EA989E8E7A21A355FB37E44405D171B98A6E946DB26AE71DBD01FEF07FD378F5B4B518724481820890E74
311
86E3FCE61A60E096D577701890EE07CA5D7F2B086040749FCEF3F81972E510A86359C9BB579883035887542090614E5C4461705D7CA1CF84DB564838606CF1597E8119790D021080C935A908324EDE9F60A04B7830A33F0670CB08605B8D01BF9A3D435693FAB4FD84EF6754930640C1F9D74B052A7ABBA9F502B39DA3BF6B
311
C7514EA4BEC71D752BFDC198EDA8DFE8F32B3EF811E4576B0A2074B99B070A069F60173E7427BDF285024E35A4418B7A412914F2800F1965C4F1120A2D5D2C64400563D5942044807BE7C738EBF3034C4A6F4D70C04ED1F97673C039FABC4CFF18866E08200BB66BDC9CCDCC3FFD1E43BEFC52C317F0F5E64900FBFCDA4DEE
311
68768FFF46350E0EDADB7B34DBBEDE3776BC55599AF84E312229F931E700D04478D66A0D88D09B2276141AF0F8811C5F8067DC04C0F90929F7F1AC9CCD368488AFB965C97B855A3E2E93AE5B4866502E55991B82D4388614F2C36B8484A5FA06E3EFFA984A6AF17D5C2073299D9F12FD63826F67FC460E54030981684E9FBF
311
C22009A3006962285FDF4FC84B699FB5BEF3736C6072F6844C15EDF25883037DE6BB7AFAD6AE164B367812FA8CFCA6FA25725D99AEC5C6EDEEC64ADDA2BE0056002032E1D7A20A54CF444E360D520A5B69816C0A953CE0434A8A898BF18E2B704588C01BDB2133342F5404FEE698957C200EF54E31BE6DF4E888C9C67F5F3F
311
1B41F922777E7FA6332677C20098C59F762F5DFE4A23F9801A3BB6F8A4F66E0D40EC867E92DEFCE84C714FC7CE8DD3DD3BDBF9C781B1C3B549FAD2C89D711808CAB100E09700BB85240374A7209212F320CA577222A7020E7824500179FC7096C714884BDFD9499E027ABEB3CB0226CD293CAE6E0C41A6788F396606A073E2
311
8CBE5CC67D584D36CA39D37974FE1023253E3FFB007A26F657FFC901D851130DDC2BF54884F20D5D40A0B7E5C7BCC7CC87B84F2ED820192CCE1AABA1FF24ADBE1D03635B5B3B53D4A5F84120125FADC36A0E792D3AD7E255792CD5241A4C84171F1104090017DA493D0A7790A7BDE6DF326180398E4B0DEADA5C2763825E43
311
E05C388E184678C88CE6422606C017F030366981353DF03A753DBF6370879F79889DD0BF75408724DB53C5B0063AB6568D02DC47AE4627B58D7E367A6000267E7840C23A0940B992DB98ED1C4731B4FB4DCFB6D3EAFB6CAC7646F0335C5031888CD74E2103380260AD47176D703960230370FBBF28813524C17FFFBD6288BB
311
28E4F905ADB4A788B40B4A6201C1878BED224DE9906C4C79EF32EE679B9F5D3B5DFA137327320643909A823F62106CB8F9BFE4BFEAFF0FC7A6393EC7F64A698EFF8ACE31BA05ECE6DAB6DF124118D1D13F892F3D3530602E3F3ED3D59DFB821ECFA3D9AE85B1ADAB9E328DE738BF55D5DFD039445AE76D0194180F57B15BEE
311
5F09C07F952F9A10372BC894CF7DA12CF6507E2A8916E0DF430C519485C55D61EFE209912D8C32866214E121611E22A0B1238DB18E86636A3BFAFD5B4EE02FF1E505F902BDF424D0516907BFC95EF3A76B6B3872769D67E25B548F0DA46E2B93DFDFD5F2B9E9EEE1EE1DCC7FBE6380DFBF38A165CAC73DF912AD76A4690D2B
311
766A3EB4AFA2D05BE543EA20B095FB17AE3F1928D84482049B659E671A4763CFA567C08824913D37F2F92F841FC244085C1681225C04AD6DE1684831682CE0D6096B56101C0D4FB3A1BD3F11FC1105AECF5660BD3FEEDF162B0D9DEC6DB55AF27FC98050BDDEDFF63ED14B01336053A19DE9AEF5F5D9E9D9F9E19ECDADCD49
311
7BCC57681922F327EB41FF681E17C1921B04FBAE371AC69E53F98183E91B84897A5DB164158BD1D12FF6F6BEF0E02847727BF2628F9FD48B6FB11DF6928C868B29590A0606F92140D0C08850DAA7DD8A5FE8A50389F61288AEB743E9C801BB67DBE0A7F64F63BC87770FDF57AA73FE1F5A84F8DD3AADDFC32087FBC0A7D645
311
C327B97D65E7A8BBA76DFD9BCEE1B1CDE3F5F7CE4E6DF4013ECD7CB60BD1239E8A4E9A5722AD9C4FAC8F7FF17B214AF8801950430639A08E3ABD05A0D94E253BD5951C885B0CE750309070555FF21F2EF83FF53F4E15038B8D8A244740A5C9CBC120043DA0B323FB1DA0A4EDA268C05A304619505000BE10415DE898809DB6
311
B66896E60AE347ED3D6DC707CB7D5B5BC374A158EDC343D0EA61C217D4878CBBDC1D85686782C3CF4272E7DCFB5E9EF628F5A95AC1AC0C6848F5771329EF8DF2BB79EFEDEC8DBEC72EB7F245287FD4B31008AB38EA4D52F2BF57167159E3004CD8950E217DDD6F699FC763E9D1A0AECC701F7BD4430A3E030374066938F883
311
C01DE40E7DAFD609345E33570F4CE6BE467FBD7F793B5AF2A9D331D86DBA7BF98067918F9FCDD609A0384B523F4413B574B818C6889FAEFC5E7B8F90CEFD62BC2C85B2478D54DD076635BE434FCADE68B3ECF1C8708E27863DBEC352D87BCC7A92A8E135700CDE65BC114026DE5DB68275E656D2C0D4087293D43BB4C9C14E
311
A83C0D806783B40DD7CD4F19EE9F33801F55A3F1FD600017A6CD5DE607783D5F74E34680E7DAB98D99F6E5B5ABC7F7DF19D8278322F6A97FDB2FADE1539BD945DDF868EE2B8B70D9EDAA45D1BB0A5801198CF1DA891540474745BF0317F8A3703E02510AE94B084221F887FE950272D62D4232781054A87C58D015CD45EBF9
311
B70E60820A2056E9D4D619E8494BBFA68B61EBDD8CF52CCBA124BACD4A4077E8420A7F36FCDAF661E577B792A7E1B7E337C7CF1FDEBB3B49F501F3C7366C1730E793F51FA20A9C3D2E9F18E63DC277449054CEADA36DA0807467D45F8A744E1BDED725A033868703F1392BBE221158220588F30574A0B0893D0515B0B7C404
311
AD0E7F40C11D504C49BD7DA39A85A19CD7357DFC966E5D92272FF06D59CA5A6A1C8AE30E52F1247C1F1D78F81887F9F3E387075B170F9F5EEE4A7F5BFC69DF02FD8795FCFFAB472E7C88D563DA514861B85BD41594A75F5E866BE69471110A9F75C8609C7E6BF6C7C727431EE3E9E3773D2378C25226E82C08104A57ED273F
311
E0921D6990E02B006BD038263BA360355E8DC446A380F0BA35FA9945A80CF60DFD54054202F91897C241C147D59F8E0FC67CD0F2BF377A3463F8BBBABCFBD6833C57E214AC3F5AE9C2FDE88852968F20337972C7E04EE5658223008AE82D93BC37D8DDD900BD6B16EF221F0D4149045D740A8A215D4FC186C658E01994B8CC
311
D317465828704BB630DA2243B3B4ADD3EA554A97408454148C04A1A0CAAC2E04033C04073851F54380E0BF2DFFA43FAD3D6B574F2E1E5EF6E5F4FEFBD1CA87C161FCBCF5C7AAE2F726F814027BAE10F79BC3D765D61D1803952210A9AA07F8C6BB2105B61145B324F96014EF223D4A9261080239F03FF6F4DD4975C183B887
311
E081F7A467A25EAA0C94028FEB808637768B07400A8235D4EF33143253198900E079E3FACB0C59B00F827A5785A6FFE2FCF0C0E6F1714F11CDE5140D931D707950631F3DE877F300002000494441540ADFB08704E252AADE1BD4E8DF55796A32B9B6F17737C67702E5C638682737286CB0E0A89B624D5BF28222432848C9AB
311
8C07170C97B814FF492A61072407D638006F7C8400860444C01B1930A522788045633DFA9507267A3A42BA05925BAD705CDD3792FA23C1075C6EE768A673919EB6C3FCFE7629B7310AA794CC9C0D14A1FB88F95C845BF22543F57996E0B26C9E4C2ADF187F979F8A55F11B47BC26594C52588518D25E6C2B1CCED231EA1B74
311
8F093E5726A21A54C91EF95789041030C20FD5AD68613432E19A4D0DA2505B6BD843516E10BB00AF9AC315EE9FDB39CC1F9EA59CD88F9CD071D470C86C4647FDEDDBB1CDAB81DA94034747A779F4CED497CFF817348F69F52E55490840E48840BA72DB71F3E84F6DA2F4717AA928F153DA6E4C7E8E00363CEC9A2E1C8E65F2
311
98FC4A52F087FCDEE5CBA38A80CBE11FF7BC2AFF249203FFAB77A128A001B1987BD334AD9B901890A8C2005B6B248196AD09C0025ED841325B31845032E327C531C839E66DBAB39566B631C2FF0A1DA5A3CC47E665AD8751B47CFE33899DF047C9F3C365E3B11278D49DF939298E09002F6430F9958803309827A7C791048C
311
A070061B7E9A64C557D235F83EE24822E5EAB805F9862F20FC58F483DC0EF02181F572930205107E00E523861895A2811309808F2B6C14B2AA579E893753C155D2F54302007E9FF36AC5FEDBCAD47E182D91A73920CFA5C18E01F8FFF4C3F1FF553BCAD0E58DEF85DD63B91BE38ECE1A9FFC4AD4A1FBA30D462C328C5A0340
311
DFD393D3D3D3C0659195C96990F391EFF4175213BC74C020922D4830FE215E76940962BC0713A3B82784C0CB6623DC40D6E1485BAD454F6892200B225096127FBD82D2B12006BAE2E329C771E25FEBC0DAB3B5395289D56D7A8A89081B34EE06F80F819EFE75C67DEEE95D227E283FE98A7B9F1C97D2D05B4D07A469153C3D
311
A3048EA68FA667A6D90E291C7D7E2D063E4D044964D055F2DBF3E31BB851AE9F78A0A7314F0AD24901F581D74A6929142039C65AF5830D1C809536CDC05E4BA51038F79D713DA930CF18BA3010E385351CF47F74D439BCBC793556A1F99814926AF12835E251C59BEA3C083EC2B2760FEBDF4304C9EB87B35769E1EB24B648
311
542CFA4EBA9EF93CD42F03C08F249A2C98897D8E2225E90077823F4A52171A61219998CED6FA050992B6B0A74A2220ED12123004FB977084208F8E2AFC80F456CB110BCA647A3A0F854085D84FE0052BE31FFE7F925610BAFEC06FC33F9931BF063F39DB3D1BB20EE357F594045F4226131578582CB055A59A073AE0413989
311
D215019B6EB8A21CF154D71164E0D8F4E730C2CD382D098DA5261456A425643686BC8301710F2C50665881399156AA2B4C3191BC555728384800CE10040F746A3D8A80A5F0E500A93456FEC52833BBB45203DACCA37FE1D3EE4B9BF0EC27ED47D89B8266F11EA2DB8B5A8BB93EAEDF0C06B7AD0402B9EAC6E787365535AF19
311
F15158308A9D9785C1BC1C01377F8C6B4D07B50DAD25649764A91DC9812C7B34CA98184084F7C01055466B48058CD44085AF26648520C85C41C67805462D8425680425559F4440F3ABBE1F3F81B1EC72708767DDC8FFB6465796C8FE310FEABE0C9B242A74137EC3E0427091967023299BE5D6D4D0C6D15747DC2AEA4ECC57
311
C72856E827D33CBD319D70FF854369EB841282F84B7CA4881447ACFCB257E252E00FBB3272120A75B99119840858486615636E0E0334031AAA8C08A62E080053A0AAA4158431EC727A084021D41CF5D630C94184F6FE7432E8F5F9A4FCDF3EA7CF136FC2988093F98ED622E38E4976E1BF0CF49D2889E6DF3566719FE1F9B4
311
7A2D3BF89C69155DCF24F88C609EE551160F0415900B4C48FB013D8900A9192A700748002924771A3686A0A580FE4009E00ACC090253E280B90AC15048E047020483A038A60ED232831F2CC90498648690D960C48E439F18F4DDBEB0B6F5AC7B7B89F6230243B4FA160A7B9327F3AD5D937C8BFFE5FF8B3A5E64283BEF8EAB
311
9F71159514CFED62DBC880614AA1F7994CCFAE7D8C87057F451733699B8DF87056E1F0654B5021E38097E4E23221B810DE20559AD183A61C2C88A648DB096081E9801CA00BC1DA0124E08DAAC15FD2936905CA8DA1C40E42B13F1764E0C4015EAD7F8BFEC99A310B1B7C0BCC7746D3C0702759C89EAD57122092122D1F8570
311
67684A578F1DAB7EAC400841F493A468113282FFE42316CC74C756B1C880FE78795C692813CF4644480EE9B02991BCA257A71861F00666D9410288487618D120D0E80D7773E2B7DD180E100EC98B221C94BFC4FF531A09B986230F1CD08378A8E4D0FDD7D9B1BC75F5C12EAD7FF83F3ED19EB018620303C217A6A35D826E72
311
ABF2D8E2BB1B783F6E48D2E3F360806E1D192085D022103473A10375B63853EC54F500B5B064DBC20945B88160DCF7E4F83A0200BF6FAEAC88E9F54D22D898E43F378D20B51B5D6B1457000922202800DD401A9266483029C0D6D57ED80D42A0E6E08835F0F3AC73D7FAE6D56185F04FC44472B854EB7D9CBF7134DF3DDC35
311
A9F6B38417DD6F508B37C1A718B0D054124176F7222F62DFB327F34D451799D56216880193254FF782D7DDE26C271BF38C6E422E271CE4AB8823C9510F021126A7A944E00DB4031D013C88EA0746C96D4574069BD5439C4110403B40020C30B07A604F1E41D19C21A93FD9002DFC35F23B1E7B98E95E38387E3603FE739368
311
0410D702FF9ED5A3C5E5CE68B5827D721FA78F3A9A0C08A79722D9C9B418F46C0057BB1640C70AA4A03D29CECF33987596D53CFB27B32C3BE304C540E14BF8464E080918268D254838C91A01F0FFB99154FD8A9C0495EAA6534A6C464440B4A71E16100E7405088122A35F7A511DC003D002E6C8E7E15F6D1D2FD09014139E
311
C11FDC89394621F77B9F88EB5A583C41E2FEDBC8F82334494C0BFA97FF3C3A34ADE60385B60E5A30CF036E5E75370BE3B83AE73B3B7DC0BB337DA0045299ED0C66681E4AE223D01B1BC3BD4C921E2005FEB5114739040758189BA8A320067B62A3995E4720055065AC2B4A8006BF8CFCC907C0063EACE41813C5F017065AD4
311
6CFDC6FF1BFEE052932CA3478C8E5A6F25DC8503D40F61FC1B047E4DFFE8E84407C81F1AC7B5C79DA358551CD0D13785A9AEB38D6EB68A0A8087FC6543E7471082873CDCE5CBEA1EFC5CC0579469E225428E9A43D6A6000B4219DE52E8DF00A55F4BF5035960661C2DB88AC1F67C2890A93FC420193C8326409E7B595FBBBA
311
9AE1D1511B3F6D65B09AC10A71C2317201A603E88C56CC68C91279E83F5C147787EFE6C675F00941D23EF092920330982DF38C65EDFCA89DA98E8ADDECCD77CB86D85118F3DD9884820B1128010D02F1060F582871CC8FF42024C02239273A1CC3BF71E770DFB7E96081682803188118B50310BD620234F230B12711B063E0
311
F0490FCDA9248B580D3D3DE944A30CFCF2A1E0F6E59E8FBEA289CCCC943785BB8880ADA9C2FD70F6A13F5418444E3A669273C006C4B4EEEC067827539FFBEA9CFF04D84E7F170480037005AAC8829084329899F90B5E013927F8E646514B4824B01D11F72C012CEACD163B6358A4454A4221D06E68A71062520649BF9E9127
311
D0772D6E5EADED52FF216BC2FC513C7D3C5CC4C8AF009811826AE20203B076A2AA66D8D32E317DEE0EFC000FCE16D9E0BEB17C74AB009256C5D8AD1CBABBDA61402612C675FBD72D07E633B1A42F2421208CE01397560811204306617A5141706105C9F4984C459F2D0F6C392FA05BED808512B0B9A8A9FC6CED89640EA347
311
D31F0DF76D3D9E61E800FE9F7601BE4C9614A1C58E6C839F13A12D0EB426DE6386B82369A9E6A7F1F9146EB578A2EF4289AA109B4F6CEFEC0463E0072A05CC9DEDEDFE08407B173B8AA65399C80B2911252E6290C82CC1B8909140C11B7AE161B42B93905045D017E00CED6D27AAA15F2C2179F1E83D411A7020B9408D2023
311
81E7E5DEE5A9E7E5CDE3B186433F488AC81554BEC09BC579018ADD1DCB3D9D70F02B14BF9159A4DA376225FE43DA224FED327941705DA582B2FD1BB5DC0540667B650BECDD1D5DDFB0C7F36DEE2B94F6EE2EE4E426F20A1174C31DF153321A24114C4FFF25E505475F6906D4149B21F1BD9D9DF7B059F8E0FD83323CB97991
311
FE80EE131A9003B81C491B218B1D42C0C0D593D9D548003839DC29A740298B0C23F0CE14BB167BD61989AEF0B985C8FAC8F923A73F31953989F0F6C96CA6C4D0A9A88184BEDBBBDA3BBADE77CD8E2FFEDEEF46184A86671D7DDC51417477BE9F04804F305AC82C2D018A21EA903866A0F959FBD4139916D036635EE03DDB74
311
08BCF0627A03027AD314C09B0A27F0A79490D53839D0DAF1416995CAB24101FA63F75029D57A4CBBA9FB4D120ADB17FB5A999FC9420DFE04FA670430B90FE7F589F7FE8D50A4B5F004CE5F07EB4EA007F8AEAE8E8EF7DB3BE2F81F42166C7246FA9E62D02C8209BA1024414C483498B50229FD923F2414040B2081390AAC35
311
3B5283EADA12A30B1080866D746B9ABF5BC107F33C2A015B275480759334B83AB02175EFD0DEC785DFC505E0064F4EBA5A97073A74C5C9FEC97BD25D819E28AEE661FD2732B8BBFB1BF13441B3C1F45E8AC1752BBF80C113DE960E0AC7D9D02C58C80505A19BA0E84B14402601A590A4AE00A825E98C3212342302EE10FC51
311
00681F86834A2804BC409D70270A2091DCE874B16BE0706C974EB3D26EFEDFFCA6C4579AA4DB781708469F055532A7046C6BEB0CF39F3ED2EC4FBCA3D00EA91CA68FD2B87B5C191E0EB2C300F00A1C9881F263571C6CFD83D079D09F176FAD839340CF030F70458F81F09AEE1329505150CA0A00576B56C06D58070B23086F
311
685E44232D9D53DE3FC3731044F286D19F459351863F749F1104198D6E14BBC68E17CAE70D7AFD958E350BEBBC70C9C4DFBA075240DA27D40AD7DB063A097DD3F041EDB3E4B682A7A12A548F3393DB01945547175879989302521EEB1431B08759B632B174E0F700E774FCA1BB83F95029ED1A084288C8893520E49415E00D
311
A080AE8027C34206D35491D050A4C6B080F6A20889A2FF82379AB6234F6710C05F9080ADF002B9C9F9C583AB220F45D618D7E7F7547FB27CED8A8B7A7D24EDA4988B0C1C2A1AFB53FDC61BF3DE50D63C560F0120B0372F0839DDDAF13E583B868717C1CB8CC71D1D7F440CC82184803144196EFD58BBE00B7EE77DE8C01594
311
2357FB06FC906A5E2B8882CCF9FFE184B0035A5CF186A962A63F84B3AAEE3D5A2C830008807568B6A9F424086D2095A3E262DBF124350082C4B5DF4704A9D2C93553DE47BD6766B69349610716999FA25854F759CA9792599D3837ACF6247CE8597B0F960FA3EC45B61715050260C5844FCCFEC9666BC71F875B17E3BCB4CB
311
151405D7D08F846B4CB952248B4603CC402B609E90F0044A007FA800EC46D07A51232B00E5683C55D5096E1374DA4FCBBDE2C25A5B8D26008227CA7758033D7D70DF12CAF7F247939F93F1CC63047D63ADA0B7CC8771B234D8095FCDB577B586D1834062035670E204B245EC093FCBE15626C10D210CB38A13F50E10A0D5C0
311
814B0C4B30AA9858516001669002229618F100767AA3D6D2528595FE7A398C2D2300ED0013A0AE60B91644A057327BD3C36BEBF48C91279B45F8BD145494674AFB211A91977CB838DF35DCB3D6D6AA2FB2784B591ED785DFD7DB77747DAC9D2F7674810EFC2895F9ED8007EC7885101679C06F21E4B1C8A6120956F80518D1
311
DAF1717BEBFB5803E20C6F2A11B2E48AFF4AD2810A70054623E341B3D1ACD92DA91150DE631EEB2C28882D092049C0DD38E262A7BD6F98549930C9D44B7C37028AEA9F8C5628A2BEF5704C0DCB2B428181B1BE766F43014498D2E57791E4C8DA6BD2ABF5003F0C40202E2E32EDFB02852D16C30B7F646B98FDF86C78916900
311
43128B0A0DE6B4EA27F08C30CA34C9D0AA0852A5997F8D11A6EE84E040B20472020256F4AFEBBB74E6705A12083B249089218E6452C8E5A69717E904A3F5EF3D5D08EC1F4D4E85086B238CFFC11AB9AE972CB775616C6D1DE04DDF073B4DE3747C41FBAE6072901CAD0237100670C5A00C2C3CE063610ED824826C1F665070
311
0E88C00B62468903A0D71D3A390255AD7040048348C56C4647413C2C2561216E0C469203EF06A5B101AD40D0E207F78B124747DB5B4BBB4E88B1C373C114E0470B345156EDDBCE1B4DBDF81DBC400746B0B54E05F693707B89A5E430982C2AC7D10DFF11D5B102B9505034B35D07E8E5F585757F088B390F2D4C85CF7218E8
311
418BB4F25B885053D07D5A908326809F31D6CC6B77CC948413B28664484439D118DBAC27DB5AC40C1AD166F25E6A2F0AE82100C0BF220405323E1FF80DFC518CACA8DE1003F3C9FAE9C7B2D60703A0004F8EAEAD2DE0F5485452D15B77B4B67F4C2403B8D8F9C533558ADE058A9E177A1698F75DC0EB4C800F74C0270178C8
311
579C1FACD025F0560844502D2BBC01E620030CB93636C1041636A693949CD80139FD15BE107F905590A292840F8860706D07E2970A2F15E5B13B87C3143CB2930374CC46A6F9B9D7A5CCCC14E11B9E879A49FBE27ADBD6DA82410FBB94FAA8487D61B51F4BE0A03FD08743C31020D6628ED20305A22C2C2FAFA7ED1E7881C4
311
38AA5B9035F20759E243C51F34D0D5F02F11403B9E204CC1686C0B6C9000470561519CBE1B0E4FBEAB37A39EE4B84C05F023858779341991F36D9D9F351E7BB3B5ADF00148D9D05784F9AD8B037D48C01BFA83D4247F03BB768BEEF973A14E610090D4B96B1EEC5C5E66928F28EBEB6CF578B067DD83086081579848E60DFC
311
7684044D8174993C39F886043481F6A2B743B18749E52447CD4D230513032D20D20206E536E15BCF7B7D211634F98FF9986287F33F9A94615A5A0A7CACF8DF5DCC1AC6EF9AF1945EB78E0A2FED1DA2ACC00EF983F9A012260BD722EF61C9DBCDD8719703ECF839029010CA0B9F100B1D2842153E01A1A3837AB579516A3198
311
2FD2908A09100DAE591016CBCD4B011A2F4DE299E1338CE065DC4841BF9895D8C81714800CD08F5AD39601BC929B55D291F6CDCEF2AB40DD5D98F4E6F107C47AEE4A09A079C05316F479DAF4C2BAB83221BCC0CE23FE3D3D4C7BC9AB673D89A3677D6020F6E182332028012FA0FBE0B2668FB85485902A8E7FA0BA2105C213
311
E20BC2169211A4BABA7D693C3F1DA961F203694853137073AD5CD25F1C017DE0477626D7BA55B88F83B5EE513C41D814639FD1BF759171F4577D3CAB0C3DFF68B2D3B1F8478C18F67BEBB2598FA76A4545E9E961BACF657E0791D2373030E0EC9FAEDD17BEA7703A738185D08236C407448A4CB504CBF01FF43859D3115488
311
EA01B55078000DF085911805790DE1B41B6F8CB2889C3834FE02AFE07D85143C6C008438A944EA63E047023A7EF37E13B0903AFEA7BBAB9579330FAFDAACD540022980B65A75FBA17D388F1E6576405CCE7032D95BDA420E7DC0EFA320879E5F8B3B04C1D2D9C1114210C19FCC49DC6A855E12010184DB8968109ED016E468
311
3CD552A36B3AFA13BFC2114068935A7E774CD2C7225642B73325938052D8634ABC18DC9442BF9E0402E85B42F9F3273672DA8E8F1070405D1DC3248487574CD98092B8B956E6AFE1566530B78FAE05B4A0DE51FBAF85DD075C7E11939F80E015A58D1F87E400CFFD2306C4D1D3C634380A201545A92BE01F445800BE12302A
311
B477BD6F62600D211232EB061448A0D2B877BB940D63D059C37E0569A83DE93E214F4BD86209FF6F479C640AFF8AF6D1BFD987D029A94DB7C329B4184D4BB013BF912FB88FEEF913071A8D82B651BC10DB067A7EC52FE1B421883144C00F64FA23A11CF708BF16CA59F18D4C04B8085964B2D8DA4A855187000BE440BC816F
311
FB13374640B0EB1D0998AF38A1AEF503F14302E2811081FC12EA6CD38A63B33035125F40F170C0B0AA45E9FCA38FC6D688D48563B5C4B4B7C359D3C7AE0EFB16ACD5E2FAA47EF8307044B4EBE1C71E84E742D81431FB06B90B600B9C239E277A57C94C427EE10E7826980C0136600D916A06058CBE8604DB4D314FBC014EDA
311
ACD0820F14BF75449B70339490FE5A0491221BF95F949DF1235380E969AABDBE2D32EB4403D3FDF17F42F9A0A7C28ED75BE86BDB7C7EC80C76F86B8800F77B305EB88F00A4352E0F8089EF811EA02A3DF08F7DA008F803BE4B4EF5F41E56087099E920708C3D720916444440FDFA013D4E1201414123A09290F5BD7AB72929
311
8209C4306D007BB0829FD4EC3A6D7E4F00B67DF38CA0764F832F0448E58439B952CB4F70DF964AFA74CCFDBABBDF273E2FF4F56D3DBFF2A78D42FFF2755DF307066497F44062AADFC0CC546F6DCCFECECFA232E14F408F05477D311B683A35BC245FCF8A5CD2AF20022C21022266905A5BCC8B20235D6FF04019CC04058AC8
311
0023662E25F342063165956320BE50370F2A657BACC817DDA3DDD3EFE04028645780A768FE38DBA88BF2EF3ADADFC7FEACA952E5A77568ECF0C971DF32BF1D24F8486B22A649EC81B1B60315CBEFC026091CA45F858D7D04C1B437079431E63E38F880758842E780A9E03791C0FAAFE10012588C3C592FE35461A6047802BA
311
18686887023A422A49599399893103942CF6DA53A8E387825FA0678B261F139F801E2B17C901D0F5217E07AC2401A87D0480F753FBED44FE949C93A1D042B879FCE499B3D861AEB23F9C1F372F0C24D0B7D6E70FE1AAF60F84BAE642D82F0A9F53E22783915518494FDBC0AFAE7DA282E5050B703570E06319A015E00D693A
311
6BEFFAE493941C3B08C13B96BD20D0115A9565701DC58568A3009DA13E965765C03091F0FF339F7309D44F6E61F837F1B1FF920450EB8FC48F9B40158BE89C81A597CFB0DAF5F5755D3886DC13D4479599B583758CBF35663AA234F133F91D3BCCFCE0A794367F385C59B19431780F1C099131384056616E15A1563B50021D
311
369C593FB292685A68A8B2A50A0A2085CF05434617E05FC24A6B077B990014421A68401AC4D65788EE25F737EB780D08A6E38F060F2ABD889E1B889C44852C2FF368C1E3E710D73B6589EA83F7417B341ADA1F639A23D15298F087AD0326410E116C3A1B325218433C71AE62C07C1480F1C045629724A076A4BB8D622D2469
311
0486727F56108D07046DAB065000678E04C4F8C342DE27F4AC102D854F2D08D59B4ED0E4F697B0FF62F113646BC5B7F3131D4EA8BF8B265EA3F2026E7061B96F6DF3D993276B2180B8E57067587428579460551049049B074CF8B1066C7E14C705F0B39298C0997C17F701097023BAC31081390196801FB0C2A12380042927
311
503D5A01CA127F9841B460310639C674BC8CDF1A320501448E0068905B07F6E5602F8C1F07786253438CEC51AE61FDB25FF71B09893AC026A9EAE3F30F369F5D5EAEA5801FBAD3C98B38C13EE017B054F81A56F05259DBDA64FE270B1FC4C77200FE276FE814B916E222575ED717A62A92956504605268408CFE13FD61F842
311
52228376060206802B9550F00B9D47E6AF1022538A752CF4FFF1F5931384A9FF8700EDD4FFA2B93FCBFABB3EA6C607FF714B0B8B04EBBE83B52B246092AB018C0D0002FC490849F1E214AE6FC42009D6D86616C835B65DB9862EFC4480C14137603C3089D0A5588FA27E693DD184131BA4E88C35045ACEF1CDE1A82323C20B
311
842F2419604821196EE8185BC834AD44F8E9B7549A32900196E9ECBBE20FFB4706861AACADBBFD9B56A23FFD3AB8BFACC18B1B5AC0ECD7B6AE2E2E9CCD2BE8AF1B1BC3A813B94107E82DE67A42E7CC7D4A6116700B5B2EE3C338A09B840F07C40A64800D7C605AC42B72227C4C7020AB1F20056E26F542717F56534261DE37
311
66AC10A6ED2D006DD03BA9DBA507AE0510A8B385C92363B9154167F1230C40D76AF6F3BE0CA08F8BA2FFBBCEFB09D0986550E0F0EAE2F2780CDF850CB0F88CFC2815FE87BD83909F474F45DD47F1C821DB2107A8817FD45384F57891B65F2543D0C1E20A89B4A8DF806862AC27C60F6A054627FD344250718AC0FA21CDC4E2
311
8DBF2650D1B39D8B8A420C348A4F846E2BE824BF8C45E1DB8EEB52F576F47A75FF95F90FCE0FD3A7A08D48D5B9AFBE3EA658E1676FE3372FB57F0AD8D70ED4AEBA3D4C2BE0AAF1C3AD63A6004D12900CFC481A47430C9EACB390038642C8C41B13303166614210592736B8603AD4FAB17189DBB32F3915F0C380795A089A15
311
228460BDE8E52203527D41B5470901B088D84FF8B3FE2BA7F4FD30ACAB3DE0B7E2FF95807AB0010FFDE3A048F7360F9F3FB9380EE537F16F8673131325D3351A3F664022020811A0FE8C019CA17370725CBFF64132025DA1BE2555102212E80A907FB43ED80A991A8AAC183932C19AE17524B06590B6AD286EB99BAD18FF4B
311
D64BAB519202F992A963648ED30E7521F909F090C0213E367A77D8836BEB6F34D92EDA624183070248351F1A079E5D3E7A9EE81F2CE6678F92E299EE312B6C0572C0A7B5EEE07853612403813152C7125E2022A20C18F855DBAFA399817FC97FB6E1CDCA31D348434ACD0012F0D32A5456B4007E6E92D72B1A4E9971223A42
311
C1042819E4049C0C5801300C0013FA48F8944FBAE71DAFC27F1826FA2304ECDF3F6C10FF47D5C7E49748DDD687DE8E91C09394EE0682A4F84CFD6067EEDF43E67EA46CB2F4070160439245F00343D03BF25D7E2F26FC400A896DBF19FB8D4D0A66DA669C3D608F9CD048A0533621B25690EE19D5D15248E390F042B12C6825
311
11B02BFE3E5700E4C9A9B2107A8F45248FA48234FD23005ED1F4EFE80D1320836F04003BF42856D478D1DCA3ABEEE3C68F9F30C3A16E5C238EA5DE3FF37DACC2F8B7980033F47FAC34421EF0418A045394802CE032D61C70023D788136788613887C0011A4EA316E005718AE191F8D0D841B9C679CD2FC478442D005429166
311
F5A24403B1E6ACF3298F388B6D0BA933D92339D48969A5C11F09B4FF017A9900A4F887010C474717E10F36468032FF33F4AD610517777104CD920C3CD15FC5F3B3A0C75BBCA3B00F2724863C10BCD4A0E00736C7981F2F72E4B001438B99714FCFAF713A2603BC710376A1715FC602022202E06FDEBBC680A3DF1C4C095A12
311
C50B554FE7623B50374FB2129DDEA4C392C9188077658C87F55FF92FFA507FF03FC8DFD3F31BDAB46DD51AEB03F7E1B38B8B87CFF47EA1479C3EBAD5C6B382C221C0F1B358B39D76D9D3142C4A20935F541E492E0EF081BA41B3620A8E172B584EA1485632E22A8221CEDAC6110AFA4B6D43E2B76A18AB240BB24337721C93
311
21D2C033B2D3E2641A55A400A28403C12D1DADE39AD23FC5FC08C47A64DC3FF6DFF76B5235124022D7E6D6D5F3CB870F9F31C96FE477FAFE54100068A3A87FA5908A2C08011CF31309C10025B089FEF9C510522B8DC07C30AA469841723A10C08E27F00F7FBC181C083F2809EC3B2B328E294AEAD5A071B3A95C81D2DE3F93
311
0372D022C9C793535B92FDAD5426E90490C3C81D000017C6494441544698C416520C1C40C71FC204B22448FD9303782FBA67089A1A7D4CE38E89050FEF5F1E078A4DCCFADA058032C34C1CBC2E1202B1F8962B1A8024F0EB7A11F209E96FB369D4B64202FE7BA230AD24C46413536EAE955B341B726C593B5D4630C0BE8224
311
80908522B0D85430230352618DCD4F7BA6D568BF4343801480006658EA3EDCBFFA9702B4FDE9022163C43F9B72B58001A23FCE6F0B3FF0E4E1DDFB9801A6FC42FD0132CC1F2224F89933107AD30B6C9131A53818AE944BE25A70810821C38F098411980E46D108F483DC63F49B91B852351604091D60546702F58A3872A171
311
6411B642C7629C267E64E77719F46B0548FD6BFFFC86A38DBFADFCDF700228C124C8664FAA02BFB1F92B09800876FCE4F2D1C3FB4FD0A44E0106A8DB8079751CBF0BD9340066C3D52BC64706467C05B5A54401BE4A1B0132A55EAC1CCCB10D378A3DFEB9812022327745EF2102886A9142C812A1A2C9708027BB55B7006357
311
459F9C2080E0BC34489FC629510F3017B62D5073E2A2C64048A0A42580E413BA9E08274091A398EA80B5BF31C87BF5ECF8F1C5DDFB4F22AAC181F070AAFDDAE5650C4000516440D8806786D874215149E69ABEC43FF0EFC820FEA112B0522003C84BE03FB76623513B6D840820358B084119B0CEC8C00AE888826339A54091
311
F5FCA513AFE147975BB1A86FC50618D9D74502F0C7C8815AA306602FEE3A5E79E0D7DED1B221001118B73182CD439A092FF801105D1AA14E1918EC282F6260869D55108065988BD67F68E5581720A708051F7C8070F582389C682BE53F2AFD85853F2A013D21564028E06E79B7A71E43212180A81541EBC88F451E02385100
311
491AB0C4A3BC5309A95911E66D04C0B448366988ECD204C2FC930F8CEE8FA410EE4C25B58DD1B6EBAD83F6196670F7DE635282C0A56A851AB035831725F0471A10FE52097089C80495804100318405F0DFC2136004B4C40705EC9154315129205EC357930035688F61AC02188250CFA9A980233925F16A117A48CA54DAB640
311
0221976B75D863330942E20EE3B00B08FBB71AA813B0E502FD2B023DF70114E0D7DF2E2EEEDE7B789504200112075478F2FBD6897835C91F0C20782401E801A2F9142700B74805703426023A81CC0BE88B537D0003E0C5181D29EB8D83050964DD2580910A1E7A8138F76253DC01DC2F3824391AD748276C0B0CDF12366625
311
D038603D0003E0266CB42704C8CE7FA7F11B4D59C0BF454A78F8FCF1E50513715D469607031272358F04E0003C90107223A581218F10008B10247CD20D860FF0BF48801040B361808148714764028EAC137E871501EFDD97C89B52107FF1235B0928C562530082573CE137840EFEF82A0BDC602736C595912FBEC69E6A3A26
311
903B3A300C5A098A9E3F1810CDFFBA019D97B4E7A7A075850F2E92569BD960CA7B8304995FD006FC4213BB1448A6F4BFBB3A9F9FC4962D0A1369129B10073771FEDA38B1737B663A71C088D8848027FC3008DAC4E4397A6F76271DFFFCF77D6BD7F1F67DA51E0E08875A6BAFBD6BD7AE52CC04A0B4A2206F650EC412841A48
311
258258E8662C3838FBE21E25172C2A15A4F78D82DCF68A005DCF07047C183E1CE47731BBCCB5469D9169E0D588945BEB637E87802A03D88FB82486210D28FB3B858D13DC7CE75F5E6F3B03C1744D30CC58C7C7A256146853A05243060B850072A7010CA47CFBF9A1E24F414037B8781E8E9F219A774B36481CB43E48A79819
311
D638C8760D672FAC19FB9D3FC5EA9158DBD0159C27860409682E8FF2595652FE189D2CC2D7C023E944158355806FC320087CC74116030CC376C559C098B93A041C5DDA48AF33827D2327DC761D19C17CC62780D82A170E6CE7415A5E7FE825E053048F88D2AC2A561CA4D4C60098DA28EF1A01382772484698F60C8DD24BF3
311
96EA76260542810A625978C03580A9CAB91D10249BE579B0377A3DD15749A45F24C4D81FF3D7D7996F6A1690288008C0FF6CC186DA9D5FC95BB09B1301004B016E707FDFED306A1BE8FA208828F00BF342186839839F1F6FA338DC5A0200FF383DE92614C03A4508DA18F4D85F9354F7E867AA77A42FF49BBE6757A1A74544
311
48D0BFC3C220714FE43A3D8F1547BE10F0BC5A05985AC3C28829A06FE24CD062700601F4AF12AF99099B08E7071DC4626A97C920C3FF96E190C9D1FD7CB6163E800D79E5F3F10A9306C02B799E80F1AB380E0571A584C0370A220C3125000B500900D96FEA40409F980E2083E4EDF4D8D2480AE5667222E020BCDAD4EF1968
311
2120818FE18EC7FD6AAD67C03F7DF1955E697456F517AC4F24700C30171C67E9168B109A4F60AFA60F98BE30941BF776DBC7C70792A2FBE98AAA97224F8BEA39B47BFD14A8CD03320DA2B676E3AA397E652E30A42CE2987B7DA1EF7F75242413800A04C0270C62A13372400B435ACD84B8B5009208F5AC73EB149FFF3508E2
311
1C2201E0338BE07E50EB47E7FF6D97724A601028C5519073E7978EC88834410450E074DD58AD13A4900103A6444A9CB99103229F0EF8C0C78161EBC68137240734CDCFC349807851E0EB46CE864D2E405ED341B71A390CF2DE20CF5193189E1901E866D0230409684B193D17E2928534D04240937D3C84477494FC5E0FE0B4
311
48E35AFC19007926C1C6A6E622FDB8A12E30993C6710E070397C4B26304C0AE38218D19F01FFB15BAE1C0E7E74DF75F2406E373C414E848FF8E500EFAF3C1029C9C0ADAB2313A7426CA9B2C1B9E30032C84EF31A09A88A386F136E8C2F1D582EA0459207015F10F1F001F0B1B7DF7222011EA2001F00BFD36BAEE0850928B0
311
8C077030FE3806C880EAA74BCE0863A952812E6008B3A89199C1EE918AF96AF583F1A073B0A355B9D861AF1460DCFB3BFC6B7EFDC834B09700CBED3510E48DC7129041C991F06BA5006CA6B5B34EE21501374E8DFC910042036111EC9C7CFA1C05D48A7270F7F835BF04A4194DA4CF76CEC66718C84CD020D04C412AC848F0
311
3E3C61A1C8D50D0EA6838A00376054D3DF61A0E393E1F8B058A6C994093476D601A4A06F0CFD3C0A6BFA910E75CC10400A80FDA93AC9B5EA4303F6C0D188B559086091CC5910137772E14F2376D03181B5CFE74C0EA38440D0AC256D6C4D104CE05302FCC00B60B9CD4D71E08BD40C144A025E60D4C1F45FE846A2105D717E
311
EA84808A5DD90A168E133640311CF05DD870768683F5D2F1800F485AEBE5CABD8FFA3C0BEB33702493AEB551B1EB035EF5C8E5757FA7832141F88E8578A363802B560007AF93D7D470B478C4D00B412D634C9140C4F9275C00DCE8DFE3C7F8C0AFBC5B2CE82E3C3BDF393D4375D50C43CD1C17E3777CD2C170725B7B42B41D
311
F15BFC344DAD089C1E9118522B4A2C60B794E4E8F33081BB7C8CFCEEA0B2015E49D586429C6C78646180B7710E06018A3082243C275F077FBE412C17DE80D3E6B9462C5204C5D980D1DF84A864401C483CD01B143F4A4868087A0F780F37230200A4FBF6AED325114C367C22512750A5C7C3E32D545CE20A0904183BA10015
311
DCAD89864B3E1EE97EBAE8B204266A48E010511838E2FE413FB116E60880C2D8440AC3880DDA6DF6618C138CF1CB2A09637E18D00F80CB0DC05322E31EADB8081C29410903F06BFCDF5AB46024E4A75828056440503C707856EF0C037623DD4922A400E8A6BD75E4D2800905F18450A00CEE88860C8964C7B3F90F56528BA1
311
8F71CFBBBCD2D05797E168FC37DB26DBE0DD2EAEF39686C18440820013C1444055402A541400DD362A0A402F1FE51246404E098249FEE30708C10CA0B54601053159480C00BAA9B1223A773234FE72FD5C3BD81804D8D196FE3D5315A0C981D88D04FA01DFC185CA93F9120E1F480B08063364A0A318F08DF95056E4C91F11
311
50D31B011200383502E079EE43CC18603AE2F88FD139C802A739F208E88D06DC78267C448C27C4113C19B0F51B0E9C1C021CF8F9167C6B1F2E10E461002910105D1042792D1CA303F469714C018C23D72179E165049C40E801CB96CF334562E5807291D1E0C70FE6CAD91656715F0E5C5E70F8D7F83290549B1BAA6F781D25
311
180EBCA93EC84E72A74081CE3020789B3790E1A9E478E658C099BECFF01E530E80EC5FE31204ACFF70AF8177A03059240CD074978A002A878BF883FEEC81DD684E406CA630ACFDE87292822A11953710F000885D6F68A67ED40CD772B0828359B753F7CE23D9479AB9845771B389D6A77130F8C134EFC83947392029B10E44
311
25440A84AF0E54825228FC1634D369874739C837A9DDC83C20D320C36042610ECDFA750303710224D01202488012CA847424F8D53F78AB6BECE9B3B35A7F32396AC6B7444566327DBB4DF06FD9616744F4D3A397EB3B0A3FBA8D763702883ED742FE5CD24146D8E353ACCF811C806AE09914D8446E93840FF4D6C963FF32BF
311
B6AB015D1D3B0C9A0968776F021F21404B6260CF84A14F35180CE20B5E85BDA2EC91FD5A7DBA7E5705F4F0F97AF26CE18E3BA078138202400A62930FA6CC7882F911A92F33E547E64990B0F27323D73B6222863F86425153FA8009361C675554C25382CE148420C8DCC47A20122806CA178A0918C14CBD33440289078A00EC
311
6070184CA9907FD0A1270478E0B325B67C2193694EDB7DD0F3C238447C8A11485562FB4902134E6AC952FD5320A4F7C780882DA9684285CD81D278C0E8FF8DEC9F45D22DC3C2CA99C2728110888799575B6834BF22B0F01EDE72D7F21B672C40F0A972999E2200B7C91403F9BB3D09C01990819238CBAE5E7510D7D5745050
311
7E3DB04AAA0A3C280064E0775380C8C16EEA4834346A04BF0CE847B4B3AF760D06D24BBB267C32E2C9257DE5EB748AD101AF1FD33265E2B674EED8C01A0AC901392211011AC810560F77778E85B13BAFE3E25C95B70919A4862C15928BD8989664AD8638101D009A80F00BDC41AF27602A4BDA0C077E550048E7F1011410F0
311
1405045E1C140B4D0E70E0F6E034171C3D6FD12004FCC1FA304312518910356628A4A326EC9ADF5DFFD1B2C0399503F14B4F8E3E0E4E39A06ABCB56A8014687E86E462BDDE5124615ECDB412B7314F62E6E0C76ADEC0F717B360E741960104CF1706CFA18E0605004B01AE007869B095ED92144A807841EFF2811C047889A0
311
4901C809062057192688C92346F97F279449F89B113500BAD282D1DA80A55C27EFFE02C8D4F395003F285B617BBF0831F49B055342DDDD414378E8888E92C16789F269A27C9A221FAA4A0DFDDB9F935B2ECC04DC51481558A69301E0460B02665AC4DD30C03D480866C3409400051811876014C0F294C542821AB045011A3E
311
3F09001FF304E3A0BED05CC11A811B865001769507FC01ADC611F400CF68C7B093606E30F3C7E0F00C1D10C31951C1E2D7252181DA00345842A19130715C736EC9ECE686A712FDB31E4D3E50AB336E5666D7B212C0113C4A4406029709B43D0228F3FBAF49921B19CA0C82A2D5BC4A2079809240F37D3E10F9637607C3983F
311
0458508A98B8B4EFC92AC13530180CF55359500080061DF59B98BB3FEACEE881DC8127F182A885A86FB12B43C590A4380504E32305E3148BBEEB2D2782029765428092545BA5C2C681FC5F8E869C0EE1034A822FF09A12C94084505AA868080303473F8161F7AA0A6610745E280BE4427FB770106F8800EADABA19F4532104
311
35BDB2348471B13B65F2FCB554827632C4C44467333E4127095D22092ED492009930413251B5408345065065E415266E20279A40B3F520370BE2050C8360E6BB4601C1673B9BFE007EF5200B6483CD195400A783E6DEA0653515B0FCE8E86D1618FC1EFC15C2E727F24F2A2DAB57326D8D0877D4E298894E7A0C3C7D9CE8A0
311
E2D17AA2020FA1097D6372F2A9F955060FDD467AD0426368C24A8340FD0D6687A76316DEF5179ED9042005A2BF02A5DD810A4DEFA4A8F700EFC50FF4FB8C06410F0303C106ADF8852ACC6A2CA9046E9ED070739339857222CC009E206479886EA26227BF7A341A15C351A8404A6C10080A2140FA4B4E8D9B9A116458993323
311
63FD69887F436A660566964250FD752E787B64BCF8E6C8190DF8EA0C854C062D8A5A1346F810414313E606ECA0AC3A01D6928544029D5F42E202C0CB386F880F7842A31287061F32F3CBE09F2950783394F2F2B23D85386C6F51943E99DD10C8A0000BA9569A14805693274BD0E4F4DC3F28E331EEA91C4F33ABE057889BFB
311
92819187840A08E57A276A8BFCB75B0342668C70C565C8059996D209C2800941A21FB82B2F520BC2E6FE6F1A8827043DE17000DACC8193E78BBB8DF1467978C06F6AFE986123E3A95272CAC122046F4C65C4B88FED2F1CD1D918F7CDBF8903BF1A90057D42F4DC133AF804ACBB58446A0DB78806FC053FA1E45D0AF1112613
311
CC0DD976C5E70AD3282F42725C0D02AC8588DE451B1C01ABF063E7748A3882F0DD484BB78D037F9812240EB88B6034C0AD53E5116D4C6D920C6A89F084E6D0598AD7EB6930CC7B293E27A666E5CDFE9A3FA52FEB3C97976FDAAE9A60008FCA6B33099CF9880D35D419FC687D424378E3099441E110C5B3C6DC311E6653514A
311
67A530D863326C4D8430E0C28024803B5B069B0E60C10EDB6DF087034171DF01F1F3404B27B1056D8C0E56E7CA6056E7798147BE4C2F01CED5987E413AC6A724876DE3F599E0601CE7B9CEF3BEB3671E12DCE8AF9631B8031D3F360B6955DC2342B2A0E4632A00264C0DA002220CFEC3E10D9BADC8904D88DC51928593AA16
311
C91DF6FFF82B3234404C7214D0F8608E0052283EFB2B0563F1D072936C4017706010BCF1B16CDE0C1FA9C777E44E1F5259B0C9BBC8794A82A6C182A3AF56B16921405351FDDC91B5BAAA617860E8D76C97C377FE701A4EB4378FA97C2C8E3CC8950886C6FD93AF70A1F5F676B7ED16CBC56AF5D09110EEB8607CC08A795882
311
358280DDB98AFFE7087C6EB593D62F041CDB4018935238E73F1098100D0C8769818F777057F64C703C6530E142FDF5C837AE1CF66C94C4887D3A3726AB990DEA248F73B5D32C8E04F6714B1E67C53FC52040252E605B322407CBF8C7F05453462A295ABF4D95592DDD76AC23512E9A2DF964715C80DD752CA8E263AC36F02C
311
3C28A133EB22AC8D099BDEFDE28C3E8FFEE3815D5D00C17C00511058354D62443C1A546280E43572A9C661A34FA5891F8E7570608C8DF21DF51DF9D2A84D4501F41B8CD4F4C9DEB2F901E810C0E4CEB6EC08DFB06341C864CF8D0EEE779A606545E1E64AAF30A4324C20FDD3BD558BD966BA994FA915CD162B1978642AD016
311
94E533EC190368A68234657085B5F88E27A0805E04B8BB6A00A51646EE3C10A50FF007FF410F1963CA69BE2002F0F902E701AEC995FD41F83A3F0C3809A3288A083003A6CC2A20E6D703EE48E3777AC07ADD51EB6101603A9FCF17B3D5928F6D742EE7E4CF38AE2B03C5FB39C81D7B2978FAFE85AF3D2710B0582C970F0FEB
311
0E4D1103B8BE2B4D560CA10002FC8F334C891C07B44FE06B2E3ACE5E1E2D1FC32203110ABF9CA0E8381F68EC3C06701328E5A38278A5FCD944CEA5283DA933DF2A2448BD23F1C5D8BE04CC2DC3B43B3EEC29F8B5FF926D11D3E97EBF7FA1BD1E5E5F5FE6D3D972F548547783146ECD84873F377C5820F7F9FCE5E07378D6CB
311
CB7E036DF7F7104079A05B77C6942D1BA95D47424BFC3DB6411009A42E207871B7EE9B06614BBD20F22F7523FB985F3F7068E37600273A3ED0C1CCC380F6EC4AF01CC1CF95E4848B7BF950AD14C44F10460221E02D21D01DAE800F323704C00035DFE97CB37F797D3D1C0E4FBF35EE1E5E9E0E879FBF3DF6F474780A01FB3D
311
AF01FE0C0798218007C2090A3008BA7682A338F4A8804A06CBFE6A80CEC766F49853F15B2F45FCEA3F8250012841315016E75E797EFEEC4ACA6C79F515CF1738F7C36E2406071051043817C9E8C5888D49D0332E800062FF54FA562BF7446CC0BFDFBF8603D1FEFCC9F7FFB5A7F000430755C2D3F72F2D02A022820897ABDD
311
44594475BDCCA4A10AF34C06B08B4AB58BBFAE30999DC66C7CE903A83CF8EB006EEEAA063430F84B05F0ECF644825F5E95073870E72A0771AB89B080022A0C5A9FAF34C89286257FB7BEA000EC65B59750C68E0815B0D9834B15606328F80709DE09018AC2A7817F83F96DB3D562C10A0A31300230CD4200B87F85808BAF64
311
D04600254047F9C14DE93464009E7F5AABB4FDD6D55142A2C0BF1541FCE19C20C899BF4F76AB54B84CB97F88F48ECC029FD253F0C70DF4816B9AC94BCBD653B1A283C4001A0337955E4AFED3FB790B6B1F5EA0B5514074103A38D84280EE0F5F9BE974EAB2D16AB1EA969684B6E4166CA28264B300474C7308D20013B204A6
311
5F82970718D05678B3315D442E1C0A327E2F56556040C005D2FAB1326A68A07507C9E46A3648555A7080F5F50219A00E6222E3E0862CE95B5680930530742F1D041805E69B788161F015944D041182B861A2C17F3AF01CF5BFDF6C343F9171F5B004BF59C016719164B888EA206A02AD05E8464D06B48E4381A0E9345FD171
311
625AC22198F57C003BEA5510F81FF78D31C9B033D0030000000049454E44AE426082504B030414000608080071BFA75C28BB58AF800100009E0500003D00000038413031343443352D354332332D343730322D384545422D3246364133443936444642432F536368656D61732F436F6D6D6F6E536368656D612E786D6CBD54
311
4D4FC23018BEFB2B96DE15493C78601010A34B880709DEDFB52FD0D8B54BD70DF6EFED3AC0B12E6442E2716BFB3CEFF3D18E26FB440405EA8C2B1992E1C323095052C5B8DC842437EBFB673219DF8DA659866649B798C078B48AE6410122242F2A4994AC7F93815DF85C049C8564CA0A901499DD886B2EB9B1E02448F35870
311
1A9235880C49A0119892A20C89D1B9FD768815CAD268CB5E0355B40B1E47F3E37A2020464BED06AA57CE8FCC20C3C3446D46761A2632A8C1283D07031EFF2AE7CCB1BFEEE916E406DFAC8E36FFD99A9D60A6944090EEDC3B670C7DC13DE86B6B2C5C240D6E503BB85ACD579D513F1B9F9A69DC9CC22AFA80C426D40AF0B21E
311
A168559156B6276F0F726A6BFF04DCD513A87A62CAD41FB24FCB2858B3952E3D852084DA25B9303C15687973CC8E8AAE11DF2836C38C6A9E765E8C1BA1BFB1DC29CDFE518C8B5A7655A4ED7E77291ABEB80DBD82EC866ADE1B8D05AF9E35CF09D7A061F38A986D9EC412B8F0F65E5D81534D9B231D1E5A8FE577A241F3A5FD
311
01504B030414000608080071BFA75C1004A04F380500005C1700003E00000038413031343443352D354332332D343730322D384545422D3246364133443936444642432F536368656D61732F47656E65726963536368656D612E786D6CED585B6FDB36147EDFAF20F41EC7F69A2005E214768278069665709ABE0A3445D9DC
311
A80B44CA89F7EB7B0E2FBAC4B2A32643D10E33505411A9C373BEF39D1B2F3F3D27926C79A144964E82D16018109EB22C12E97A12943A3EB9083E5DFD7239558AEB07B6E109BDBA7C5CDC902D959360CE535E0866DF07A7579733AAB85D5AF234E2C51DD5B081CA7A87DEE56E47E2D6689E735AD0947194500A22A249308DB6
311
F82682A3782C52A141BD80E4E54A0A3609622A150F48C16994A57237097451C2DF462738529D3AC5FCFFB5B401988BC78824973CE1A9A628D91CB968BDBAC335B9A4BB379C6ABF5D2474CD7B9F773F7F78C349F055EF13FE2CF856F0A7379CE2BEBCCE6456F8E316A9E66B5E18E4AC77BF5812F5937FDEF0F5BFE3E3C78557
311
6D96659253EB54863A87AB5D98ADFEE24C3B8E38FE48BAE2C062631799EDC8BDDD833C6E88585B9287340B23AEA990CA49B1A473421E81F856D06D9125E45E6F001C4F7F85D6DECA8C6A835753A250DA50DF92F743409CBC3BFA4C6EFCE2618D302A0CEDDB264D93950002937BC66489A18D0A345DD650415124BE376A745E
311
A9F0E016108E328D14C979C1302CD6BC0A4191B2C2C49112FFC0DB51401288D6A44C26C1B87A160AB6A11E5BD862514BE8B3DB750607BABFF6F781D6A74EED6EA7AC28FB3BA68C87AC94B2138A99DB41AE7147A71F56659287340123812054CAEC8965690A74E111C5BCA7260158B0963EC50C07E38FEDDFC5C5C70AB6A915
311
F446D44E46C321E46087E23E221E2BC0DA6EB440EE6F44E80CE5AE2E2D2F31AD7AB71B8B139AF730773909401FE0D8DC3FCCFCC3D438DC1176062076C3CB4A9D953ACC72CA84867CDA0361E0910F4EF3B109A07D332211C72556825745A215835F47678059E337068E3ACB0E2EA2B507175B0818FD1082EB4D26186F85BAD3
311
3464988F1420E1B9E43D522F8452A450106B04F01362BFF1B2BF5059B60F687C9F663A54396722163C7231012E7480FE916910E6572B6D8F4A54CBF92C5CD324A163C8508058D3F16A399B13B348C6830FB5FD47257A1B8D2CF08253EE776B3A72D782D895363D96020B6C18D3C86359B3C6D45E728B4B9D716893D091E4D5
311
33045F495D2EFEF633FF5A660A520A5790765FE52E12F0AC82685E7FFA0398D65528850A132894DDE9F837B1DE48F8A74D487795A482C7122A6DAE377BDC5DC212A465ECD8B03E7E2E208EC88DD9DA89456CFBC477FB798C74389668AB1A75C820AB7568FCBE0B5F94DC9AFF0D038D9F77E49D45B8278FC7177D0DDCE732FA
311
0BCDDB42720FA90E87115FF76375C5696F368AF83103F6A5911FFF03561EE06AD10ABE933AA9DEC398588888137017449E09C377051FCAEED1E8BC3BFA9CB27DA2CFDBF533459F374FC0C4FDECCBF3E06CDC6874E0710421EEAA6CEDBFEE60EB913607436C3F5BBF713F6F42253B9A4A0FD64C08416FA986EB02254B1846D8
311
2E7CE2584EBE31E340E9A8247483F07D5B84AE3A5AE0D4C5B202EE585468BA84105B1F5EC00C16FADB133FB7399F390FCF245CBF9027A137FD26D1D651058D44D9B331A93985CAC2046CB4ED9E0314977128A42C13DB06879A273052525D16BE833B8706BD1269FA69F2B9B109BB55D30D37679986D85848B86F026CF21E74
311
809100180B0D280C36F6015A7DFBD06AEB6F8D503BDCD7DD6DABBBEF54E1FF5EDF0E3AD53C03509B5B816FE9F51BC8026F44DAB82BA989F200C4220B24166C3037854094FD46C5648D9C42F8B07E53687D824917FED3CE56F3FBA68BE3C6853FCD64F4A00BB85831B1243346654A134805AF5CF39A9DFE22C9906A6EAFE830
311
3A5F4AC4FBE637489CB62EA59B9D529255F326CCC28ECB77F812A7D6E63DF957504B030414000608080071BFA75CF702076DC3010000E60400004500000038413031343443352D354332332D343730322D384545422D3246364133443936444642432F536368656D61732F52656E6465724D6174657269616C536368656D61
311
2E786D6CA554CB4EC33010BCF31596EFF405481C9AA2A64851255E4A816BB438DBD4926347B15BE0EFF1236982021512B925E39D9D9D59677EF3510A72C05A7325233A1D4D2841C954CE6511D1BDD99E5FD39BC5D97CA9359A0DDB61098BF9CBFA961C4044344599637D0F066B0E22C074BC98C7A0319C58A9B254B2435ED2
311
3BC2F388AECB4A6089D280B18D139496815152EDDF046711DD82D048498D902B293E236AEABD7DF74D5D839F69EE1D9F48E1F3BF448FC9E6BF144F351E38BEFF9D662D0D16587B77825FAF2195BF515C395B563BC5197A0AE68DCF363BA831CF7C7C8D7F0DA23D42898037B451BA833673DA92BC82D87F636ACFFB0CEC96F4
311
EA30EF9A0FEAB85D91CAED89348D80E9B178DDC3ACFC71D06F2528A182138DD8672E4DC6DC57CF91467432BA985E4DBE3DB399079353607C0A5CDA0B70D4E65A122FA41BAEEF6C272908D315B076451BD55EB0FF9E092E11ACF8C6B5306028F9D5F15EB95426D31532BEE5D6EC700FBA0C1E94211D7ADC8341143D429D2671
311
564059C2EC72108B4EE3847890CC4697DDF8A708DB01FD7AD8209A41EFC2DCFD7063A504821C7869545188D6C16DF801342CCE6B276363DC8EFA4AFD0E86ED0677C3B77747C7FD3FD617504B030414000608080071BFA75CAA304EB64F000000570000004700000038413031343443352D354332332D343730322D38454542
311
2D3246364133443936444642432F4173736574446174612F41737365745461626C654F66436F6E74656E74732E62696E5361606070323473B1743431D235727231D735713575D175347301722D5D2C9C8C0D9D0C1D0D1D8580EA72134B528B321373120B0A52138B12F39253818260C00B24DD53F380B2C9C1C919A9B98900
311
504B030414000608080071BFA75CC55C663656000000680000004100000038413031343443352D354332332D343730322D384545422D3246364133443936444642432F4173736574446174612F53747265616D56657273696F6E5461626C655D8CBD0A80300C06F73E4B29FE6CDD8A2E82A083B8B7F209014925C9FBA3AEAE
311
C7DD2555D896CB85E51C2A1BD834F6A1F56EC4494C4695278364ABB24ABD2146F88CCEBB89D5321FF8F3F43D672A3B44DF3CB6A1710F504B030414000608080071BFA75C4F5F5EE1360100009E0400003600000038413031343443352D354332332D343730322D384545422D3246364133443936444642432F417373657444
311
6174612F636E782E786D6CCD943F4FC33010C5BF4A648931719A52FE548E2B044B2790A818D82ECEA55875ECC8BE20F8F6D86D065051A70E5D4FBFBB7B7EF23BB1FAEA4DF6893E68676B362B4A96A155AED5765BB391BAFC8E652B29BC73F40B6399851E6B96CA4C8AAD77E330955AEC6034A96AB4DD4DC587109036D0187C
311
EE1E9D25B41458A60C8450B3A03EB0870246722D865DD10241312B3C06377A857112E91EA749CA2310B64C56657593978BBCBCDD54F3E5E27E39BF7E173C915234CE9989D7719977C35555AAC35E264BC11320C5E8F544A5D730F99FCAA2D156F0484A11C84757A60EFA1E62070C83D10A289AC79D22A43C4208BDE007580A
311
9E5CF8E3C51376DAEAD4B28ED2809C7F8902D193C60BF4E494DAF37BB3B681C02ABC64478E359EDF87D7FD2F7A3BC4729F9BCB4BCBB1C633E484EF4F498C4DBA2CF207504B030414000608080071BFA75CD1A18ADAE8000000600100006700000038413031343443352D354332332D343730322D384545422D324636413344
311
3936444642432F5265736F75726365732F42313644394134322D324244372D344535442D413644322D3239443842333142314131412F7468756D626E61696C2F302F636E782E786D6C4D90CD6EC4200C845F2542EA3181CD76FBB322EC4BF4D44BE51237454B300253B56F5F6839EC69ACF127CB33FAF2BDFBE10B53761416
311
7198941830585A5DD81651F8637C12C3C5E844C437981802ECB888660BA3B74425766BC50F28BEB9DE856B37370C989C7D8B611383F590F322B2FDC41D26284C2BE6EBB402C3749812662AC9623DC06EC77EC02604C6559859CD0FA33A8DEAF1653E9E4FCFE7E3FDAB968D34FA9DC877DE05C644F16E5696EA18EA3F4ACB06
311
185D92EB540B21CCCD735AD6A5D19953CDDF21FE89158218BDB3C0B526499691C70A21EC5AFEC346CB96B7CA5F19555B37E617504B030414000608080071BFA75CA233C2345D000000800000006500000038413031343443352D354332332D343730322D384545422D3246364133443936444642432F5265736F7572636573
311
2F42313644394134322D324244372D344535442D413644322D3239443842333142314131412F7468756D626E61696C2F636E782E786D6C4D8B490E80201004BF42E6EE76F3C0F216234B883063108CCF170C074F95AE5473F5C4C06E932E4F28601967600677D21E9D8092EDB002539227A2FCCB80E1168D80A6417297A89C
311
5D6963B7129A0D1E8F2EE73AA7B62BBEB8B27DE50B504B030414000608080071BFA75CBE89762363000000880000005B00000038413031343443352D354332332D343730322D384545422D3246364133443936444642432F5265736F75726365732F42313644394134322D324244372D344535442D413644322D3239443842
311
333142314131412F636E782E786D6C4DCC3B0E80201004D0AB90EDFD75167CCE820A4A845D83603CBE602CAC26799919AEEEE0D965E2E908050C6D0FCCE04C8BC355404EB6198129C92351FAD580A10E464065907C8D948F8F166375F655BDC3FDC3B4E530A176BE7057BDC43B2A593FE403504B030414000608080071BFA7
311
5CA7FF41FF7E000000A30000003600000038413031343443352D354332332D343730322D384545422D3246364133443936444642432F5265736F75726365732F636E782E786D6C4D8C410E83201444AF42FE9EB6DF5AAB096020F420A6A2214568A8188F5F685C74F5322F33C3FA7D716433F16383E780A70B10E39F61B47E
311
E690D689B6407AC16208EB5F0D881F16C3A168106C8E21BD0F359A6948AE5867FDEB900A1BDDC9BAA295D2775A3F6E9ACA46E7D8E9565D51A1449917E732C9F8FD65967BF105504B030414000608080071BFA75CCAD468F60C010000550300003400000038413031343443352D354332332D343730322D384545422D324636
311
4133443936444642432F536368656D61732F636E782E786D6CCD933F4F432114C5BFCA0B89E3E3D157ABB6E1D1C1C1C9459DDC106E2B29705FF863F4DB0B95A14DDC74E80627BFDC9C73E0F2EDA7B3DD078468D04F644119E9C02BD4C6EF2792D3AEBF23DD56F080984E30D279E96022552682EF03E6B9491A7632DBAA5AE3
311
0F4DBC47E7D03FAB77709274CACA1827128F572A73420DF140B54C922E688088392828139271D026A8003281266264E34DCF563DBB7D19979BD57AB3BC7EE54325057F43B48D373E41C0F96A640ACBD117438C0F15103C07D3A89A82885377B4F4C18742081E53282D34327DCD8594F36C8D92A994351CC11F46F0A1863D8B
311
FC001E8251979AF9CCDEBF857E02AF213C96970A46DA4BCDFE9BCBBF55301C37A07C83BA10E21B504B030414000608080071BFA75CE3603EBE7A000000C20000002C00000038413031343443352D354332332D343730322D384545422D3246364133443936444642432F636E782E786D6C6DCD410EC2201085E1AB90D9DBEA
311
CE05D09878023D01A1D34A8419C380F1F82DA68B9AB8FDFEC93C3D7C52546FCC12980C9CBA232824CF63A0D9402DD3E10C6AB03A3397DD192872090D3406ABE7CCF5B5D18893ABB1690CF4DCF02282E5EA8A5BB96FFE536F285CB347F95BEFFE81C9ED5AFF9D5B1FB575BB00504B030414000608080071BFA75C1073E6447F
311
000000A300000007000000636E782E786D6C4D8CD10A832018465F45FE7B37336B0ED228ABF7886521990E97638FBF1C5DECEA83C3774E557F368BDE3ABC8C7702B20B01A4DDC34FC62D02E23E630EA89655F07EFFBB0172E3A605240CB25A828FCF134D7A1EA34DD41AB79E903724634C15B85034C7EC4628E67DDF623A94
311
4DDEDDCB6E68D5615C9372CCAF776CCACB2F504B030414000608080071BFA75C1E7A0675A400000032010000130000005B436F6E74656E745F54797065735D2E786D6C95904B0EC2300C44AF1279DFBAB0400835ED02B8011708C16D239A8F121795DB93D22D20B1B467DE8CE5BA9DED281E1493F14EC2A6AC4090D3FE665C
311
2F61E2AED883689BFAF20C9444F6BA2461600E07C4A407B22A953E90CB4AE7A3559CC7D86350FAAE7AC26D55ED507BC7E4B8E025039AFA449D9A4616E739AFD7DE8C8338AEBEA54A820A61345A713E0B17153F7257E37E705E3371913892B25F02FEA0F1FD83E605504B030414000608080071BFA75C3DEE336E6400000079
311
0000001B0000006175746F6465736B2D64657369676E2D7061636B6167652E786D6C35CBC10E83200C00D05F21DCA56CA76D41FC96062B120735B69A7DBE268BB7777961F8D5AF396893C2ADB70FE7ADA196782C2DF776D7A97B5933C430F15651E5469C55D70F80A4992A3ADC954792C525AE70A1E4D6AD9816CC044FEFDF
311
01FE3FDE907802504B030414000608080071BFA75C84A381DAFA000000960100003700000038413031343443352D354332332D343730322D384545422D3246364133443936444642432F4173736574446174612F636F72652E786D6C8550CB6E833010FC15B477F3B0130A91711412F2053DF5661987580936F2A3EAE7D70E
311
546A4F3DED6A76667677E8F16B7E669FD23A657407555E4226B530A3D25307C1DF5003D991516B8CFF45834CF3597690606074B2262C1B248CF65227549B516E20774E7AC8C433361D38719733CF79F091E11EF9C2C5834F32AFF295C768086ADCA46A8C6EEAA6A405D637976AA8FB1661D2D468772D2BD40F2D46D7FA4C86
311
A13F9FEA9ED0228919F56AFED92EACE45E8EC070896B54EE51F9F68EC961DF1EC8EE831689C9A8F336FEBC2D4DDF013BA5AB2FDC735AACD33FAE6119FF770D4A7B8237D755E18055F1C8D780D122A514CB2BC25853A2EC1B504B030414000608080071BFA75CC5309878F50000008E0100006800000038413031343443352D
311
354332332D343730322D384545422D3246364133443936444642432F5265736F75726365732F42313644394134322D324244372D344535442D413644322D3239443842333142314131412F7468756D626E61696C2F302F636F72652E786D6C8550CB6E833010FC15B47783B1134A22E3A8A4E40B7AEACD320EB1126CE447D5
311
CFAF1DA8D49E7ADAD5ECCCECEEB0D3D7FC283E95F3DA9A0EEA1243A18CB4A3365307315C510BC58933676DF84583C28859759061E06C72362E1B24AD09CA64D4D8516DA0F05E0528E423351D787953B328450C89E1EFE522E45D4CAAACCB95C7598C7ADCA47A4C6EFAAA9503DEB76FF5D0F4074468DBA0DD05D7A81F0E045D
311
9A331D86FEFCDAF4945559CC59D0F3CF76E994086A044E306910DE23FCF24EE8717F38D2DD07AB3293331F5CFA795B9ABF038E59B5A27FDCE232FEEF16B509946C6EABC203AFD371CF0167554E27956774A9E624F937504B030414000608080071BFA75CE46DB0D8FB000000960100006600000038413031343443352D3543
311
32332D343730322D384545422D3246364133443936444642432F5265736F75726365732F42313644394134322D324244372D344535442D413644322D3239443842333142314131412F7468756D626E61696C2F636F72652E786D6C8550CB6E833010FC15B477F3B0134A22E328A4E40B7AEACDC50EB10236F2A3EAE7D70E54
311
6A4F3DED6A76667677E8E96B9EB24F699D32BA852A2F21937A3042E9B185E06FA881ECC4A835C6FFA241A6F92C5B4830303A5A13960D1A8CF65227541B2137903B273D64C3149B16DC709733CF79F091E11EF9C287071F655EE52B8FD11094D8A44A44377553D202EB9AD7AAAFBB03C2A4A9D1EE5A56A8EB0F185DEB0BE9FB
311
EE72AE3B428B2466D4ABF967FB6025F75200C325AE51B947E5CB1B26C7FDE14876EFB4484C469DB7F1E76D69FA0E98BF87F9437335D1629DFE710D8BF8DF3528ED09DE5C57850356C5239F03468B94522CCF08634D89B26F504B030414000608080071BFA75C613FF1940D010000B10100005C00000038413031343443352D
311
354332332D343730322D384545422D3246364133443936444642432F5265736F75726365732F42313644394134322D324244372D344535442D413644322D3239443842333142314131412F636F72652E786D6C8590C172832014457FC5618F0A28D10C929168BEA0ABEE182529930819814E3FBF10ED4CBBEAEAC1E5DE7778
311
8F9DBE9647F6A956A7ADE900CA4B902933D9599B5B0782BFC2066427CE566BFD2F1BC88C5C5407920C38BBAD363C7769B2C62B93546367B58BD239E541363DE2A1036EFA508BCC65F0D1E1EEF9534E77795339CA371F6721E8798FEA3976D357AD56C04533A0918A1662D250585D4A04C5D86278A167328EE2DC53415891C2
311
9C79BDFCD0A75549AF66C07189292C6B581EDE3039D6ED9154EFAC484ECE9C5FE3CC3B344D1771880E6D5F6188C57080D5580FB0A743BCB643230812A8473D2BB6E01F6078CEFF0383369EE01DB8251CE028FEFFF5C059911618CB6BBBB1A665F36F504B030414000608080071BFA75C10FFE687FB00000096010000370000
311
0038413031343443352D354332332D343730322D384545422D3246364133443936444642432F5265736F75726365732F636F72652E786D6C8550CB4EC33010FC9568EFCEB30D69E5B82225FD00C4899B656F83D5C68EFC407C3E7613243871DAD5ECCCECEED0D3D77CCF3ED13A65740F555E42865A18A9F4D443F057D24176
311
62D41AE37FD120D37CC61E120C8C4ED684658384D11E7542B591B881DC39F490897B6C7A70E203679EF3E023C3DDF2858B1B9F30AFF295C768084A6E5225A39BBA2AB4C086EEA51ADBE140EAA66BC9EE525664180F35B9B4E7661C87F3733B34B4486246BD9A7FB60B8BDCA3045697754BCA3D299FDEEAE6B83F1C9BDD3B2D
311
129351E76DFC795B9ABE03F68ACE042BD0D1629DFE710D8BFCDF3528ED9B7A735D150E58158F7C0C182D524AB13C228C3525CABE01504B030414000608080071BFA75CA1947E57F9000000940100003500000038413031343443352D354332332D343730322D384545422D3246364133443936444642432F536368656D6173
311
2F636F72652E786D6C8550CB6E833010FC15B477F3B0130A91715452F203EDA9370B3BD44AB0911F553FBF3650A93DF5B4ABD999D9DDA1E7AFF9917D4AEB94D11D54790999D4A3114A4F1D047F430D646746AD31FE170D32CD67D9418281D1C99AB0ECD068B4973AA1DA08B983DC39E9211B1FB1E9C08D1F72E6390F3E32DC
311
3D5FF878E793CCAB7CE3311A8212BB5489E8A66E4A5A607DF3520D75DF224C9A1A1DAE6585FAA1C5E85A5FC830F497E7BA27B4486246BD9A7FB68F56722F05305CE21A9547543EBD61723AB6277278A7456232EABC8D3FEF4BD377C05ED73B1D2DB6D91FCFB088FF3D83D29EE0DD73533860553C711D305AA48C6259038C35
311
E5C9BE01504B030414000608080071BFA75CF593B97104010000D80100002D00000038413031343443352D354332332D343730322D384545422D3246364133443936444642432F636F72652E786D6C9591CB6EC32010457FC59A3D7EE0471EC24489937C4157DD5133715162B00C54FDFC42EDAAEDAE5D812EE7CE7067D8E1
311
7D7C246F385B65740B459A4382BA3752E9A105EF6E640BC981B3D918F70383448B115B88327036CCC64FABD41BED5047551B89AB28AC450749FF0897166CFF8AA348857781B0F77412FD5D0C9816E9C271E6D4F865ED67140E25709AD386E435C9374FB4DCD7BB7D593DB32C929C79A55D49D76638BEA04CCCE44224E075C9
311
B2E539605EC91552327C52DD14CEC0B7C7BCA8AAAE2675474B526D724AB697CB89D06B732CCFBBE67C3D75A148307366DD1C46B3168943F8AB7D31FE8AE627F9CF688BC3022FBE436571CE9C659F4B0867DC09FF00504B030414000608080071BFA75C7DB412AF09010000B201000008000000636F72652E786D6C8D50CB6E
311
C32010FC15B477FCC089EB4498A84E9D2FE8A9376A888B628365206AFFBE1053A9BDF5B468667667187AFA9C277497AB5546B750660520A90723941E5BF0EE8A1B4027465763DC2F1920CD67D9428481D171357E49D060B4933AA2DA0899406EAD748086293C5AB0C3879C79C6BD0B0A7BCB163EDCF828B332DB748C3A35FF
311
AC0EABE44E0A60A420352EF6B8787A25D5717F3856BB379A4725A3DE2B91AC9408EEEAAAE40AAC6B5ECABEEE0E98544D8D7797A2C45D7F20F8529FABBEEFCECF7557D13C2E336ADD1AFE9C8E849C0E597E8FBE34DF2846DF8D9992208412C8E8E90B5841F348FC09ED17F18FD04ABB8AA483DB86055686400F2218C706C378
311
D41B666C9B7D03504B0102140014000608080071BFA75CBF2E3D20F6000000A80100004F000000000000000000000000000000000038413031343443352D354332332D343730322D384545422D3246364133443936444642432F4173736574446174612F446566696E6974696F6E4974657261746F7250726F706572746965
311
732E62696E504B0102140014000608080071BFA75C0A0F943AF40000003002000045000000000000000000000000006301000038413031343443352D354332332D343730322D384545422D3246364133443936444642432F4173736574446174612F496E7374616E636550726F706572746965732E62696E504B0102140014
311
000608080071BFA75CB5A795FFE3790000DE7900006B00000000000000000000000000BA02000038413031343443352D354332332D343730322D384545422D3246364133443936444642432F5265736F75726365732F42313644394134322D324244372D344535442D413644322D3239443842333142314131412F7468756D
311
626E61696C2F302F67656E657269635F706E67504B0102140014000608080071BFA75C28BB58AF800100009E0500003D00000000000000000000000000267D000038413031343443352D354332332D343730322D384545422D3246364133443936444642432F536368656D61732F436F6D6D6F6E536368656D612E786D6C50
311
4B0102140014000608080071BFA75C1004A04F380500005C1700003E00000000000000000000000000017F000038413031343443352D354332332D343730322D384545422D3246364133443936444642432F536368656D61732F47656E65726963536368656D612E786D6C504B0102140014000608080071BFA75CF702076D
311
C3010000E604000045000000000000000000000000009584000038413031343443352D354332332D343730322D384545422D3246364133443936444642432F536368656D61732F52656E6465724D6174657269616C536368656D612E786D6C504B0102140014000608080071BFA75CAA304EB64F0000005700000047000000
311
00000000000000000000BB86000038413031343443352D354332332D343730322D384545422D3246364133443936444642432F4173736574446174612F41737365745461626C654F66436F6E74656E74732E62696E504B0102140014000608080071BFA75CC55C663656000000680000004100000000000000000000000000
311
6F87000038413031343443352D354332332D343730322D384545422D3246364133443936444642432F4173736574446174612F53747265616D56657273696F6E5461626C65504B0102140014000608080071BFA75C4F5F5EE1360100009E04000036000000000000000000000000002488000038413031343443352D354332
311
332D343730322D384545422D3246364133443936444642432F4173736574446174612F636E782E786D6C504B0102140014000608080071BFA75CD1A18ADAE8000000600100006700000000000000000000000000AE89000038413031343443352D354332332D343730322D384545422D3246364133443936444642432F5265
311
736F75726365732F42313644394134322D324244372D344535442D413644322D3239443842333142314131412F7468756D626E61696C2F302F636E782E786D6C504B0102140014000608080071BFA75CA233C2345D0000008000000065000000000000000000000000001B8B000038413031343443352D354332332D343730
311
322D384545422D3246364133443936444642432F5265736F75726365732F42313644394134322D324244372D344535442D413644322D3239443842333142314131412F7468756D626E61696C2F636E782E786D6C504B0102140014000608080071BFA75CBE89762363000000880000005B00000000000000000000000000FB
311
8B000038413031343443352D354332332D343730322D384545422D3246364133443936444642432F5265736F75726365732F42313644394134322D324244372D344535442D413644322D3239443842333142314131412F636E782E786D6C504B0102140014000608080071BFA75CA7FF41FF7E000000A30000003600000000
311
000000000000000000D78C000038413031343443352D354332332D343730322D384545422D3246364133443936444642432F5265736F75726365732F636E782E786D6C504B0102140014000608080071BFA75CCAD468F60C010000550300003400000000000000000000000000A98D000038413031343443352D354332332D
311
343730322D384545422D3246364133443936444642432F536368656D61732F636E782E786D6C504B0102140014000608080071BFA75CE3603EBE7A000000C20000002C00000000000000000000000000078F000038413031343443352D354332332D343730322D384545422D3246364133443936444642432F636E782E786D
311
6C504B0102140014000608080071BFA75C1073E6447F000000A30000000700000000000000000000000000CB8F0000636E782E786D6C504B0102140014000608080071BFA75C1E7A0675A40000003201000013000000000000000000000000006F9000005B436F6E74656E745F54797065735D2E786D6C504B010214001400
311
0608080071BFA75C3DEE336E64000000790000001B00000000000000000000000000449100006175746F6465736B2D64657369676E2D7061636B6167652E786D6C504B0102140014000608080071BFA75C84A381DAFA000000960100003700000000000000000000000000E191000038413031343443352D354332332D3437
311
30322D384545422D3246364133443936444642432F4173736574446174612F636F72652E786D6C504B0102140014000608080071BFA75CC5309878F50000008E01000068000000000000000000000000003093000038413031343443352D354332332D343730322D384545422D3246364133443936444642432F5265736F75
311
726365732F42313644394134322D324244372D344535442D413644322D3239443842333142314131412F7468756D626E61696C2F302F636F72652E786D6C504B0102140014000608080071BFA75CE46DB0D8FB000000960100006600000000000000000000000000AB94000038413031343443352D354332332D343730322D
311
384545422D3246364133443936444642432F5265736F75726365732F42313644394134322D324244372D344535442D413644322D3239443842333142314131412F7468756D626E61696C2F636F72652E786D6C504B0102140014000608080071BFA75C613FF1940D010000B10100005C000000000000000000000000002A96
311
000038413031343443352D354332332D343730322D384545422D3246364133443936444642432F5265736F75726365732F42313644394134322D324244372D344535442D413644322D3239443842333142314131412F636F72652E786D6C504B0102140014000608080071BFA75C10FFE687FB000000960100003700000000
311
000000000000000000B197000038413031343443352D354332332D343730322D384545422D3246364133443936444642432F5265736F75726365732F636F72652E786D6C504B0102140014000608080071BFA75CA1947E57F90000009401000035000000000000000000000000000199000038413031343443352D35433233
311
2D343730322D384545422D3246364133443936444642432F536368656D61732F636F72652E786D6C504B0102140014000608080071BFA75CF593B97104010000D80100002D000000000000000000000000004D9A000038413031343443352D354332332D343730322D384545422D3246364133443936444642432F636F7265
311
2E786D6C504B0102140014000608080071BFA75C7DB412AF09010000B201000008000000000000000000000000009C9B0000636F72652E786D6C504B0506000000001A001A001D0B0000CB9C00000000
310
504B030414000608080071BFA75C000000000000000000000000370000006662782F37313841453432452D313332352D343242322D424146322D3835453836423541413333412F617474726962757465732E62696E504B030414000608080071BFA75C000000000000000000000000350000006662782F3731384145343245
310
2D313332352D343242322D424146322D3835453836423541413333412F76657274696365732E62696E504B030414000608080071BFA75CF270F1330600000004000000360000006662782F37313841453432452D313332352D343242322D424146322D3835453836423541413333412F747269616E676C65732E62696E6366
310
60600000504B030414000608080071BFA75CB5A795FFE3790000DE790000420000006662782F37313841453432452D313332352D343242322D424146322D3835453836423541413333412F7265736F75726365732F322F305F67656E657269632E706E6701DE79218689504E470D0A1A0A0000000D49484452000001000000
310
010008030000006BAC58540000000467414D410000B18F0BFC6105000000017352474200AECE1CE900000192504C5445818181B3B3B35A5A5A4848486060605C5C5C6464648383835E5E5E6262624E4E4EAFAFAF4A4A4AB5B5B54C4C4CB1B1B1858585B7B7B7585858ADADAD7C7C7C464646787878ABABAB747474A7A7A768
310
6868707070B9B9B96E6E6E6A6A6A8B8B8B666666545454565656A5A5A5505050A1A1A1BBBBBB8F8F8F9F9F9F4242425252527676764040403E3E3E9B9B9B7A7A7A8989897E7E7E9393939797974444448787873C3C3C727272BDBDBD3A3A3A6C6C6CA9A9A9A3A3A32020209D9D9DBFBFBF8D8D8D9595959191912626269999
310
992222222424241E1E1EC1C1C1282828C3C3C32C2C2C2A2A2A2E2E2E303030C5C5C53232321C1C1C363636383838343434C7C7C71A1A1A0E0E0E121212484A484C4E4C1616160A0A0A4A4C4A787A781414147C7E7C9193915E605E464846838583878987B1B3B18587856668665A5C5A626462818381A7A7A5A3A3A1B1B1AF
310
ADAFAD7072705C5E5C9D9D9BABADAB7E817EB7B9B7585A58BBBDBB4C4C4A8D8F8D747674B5B5B3B7B7B59FA19F606260ABABA9A5A5A39B9B99A9A9A78F8F8D6C6C6AC7C7C5451AD12700002000494441547801DCBD89771BD7B5A70B8EE04C702641712605CE034890E220088028C93245451215B713AF388E7DFD9EEDB8DD
310
CE6ABFF4B57D97137BE50FEFEFDBA74049B6AEED74869B7E87404D2814EBB7F76F0F67A8835CEEBFA0E42B854AA5B2BB5B6BCC951A8D52A93657A914FE0BEEE39FFE2FF395B9B9C6CAD2D4C4606F4B7FFF8D1B37EEDCB97587F7CD9B4343BD134BABE7DB48E3FFA7A228ECD6F6574E4786C0FC8B5FFCE2CD5FFCE297BF7CF3
310
CD5FFC92B52FFE58BFF9E69B776E0EF5F79E55CBBBF9FC3F5D3DFFB07F5898ABAF7CDA3B74E74EC0CE20230561BF096E97E05712BFFCC59BC80539DCE83DDD6E54FE61B7747DE17FB8980BBBFB2BBD4337DF487881AAE6C5ACC6AF25207877B2B527BFF1CB3B77FA47561ABBD7F7FA7FE146A5B6BD74E3164C7F51449AE95D
310
B412200EC539418717E7F2F11B376FF62E95FEAF1442BED0581DBCA1BD2780D23F506AFA16E1A7AD974EF17876F00DD7BCB187A1A97AE51FCED5BF2BC1F2BBE5B3C19BE27B43CF26DE00933658FE129B109C2FFF922CC22C4260FA01BEFB462A77DEBC35F42F600C3F5B0795D2E9E02DAD5E650B4438A92801B65C35CBAB7B
310
1EE5041CE69D3B6F1822DFB873EBD6AD3B6FBC71EBC6C86AE967DFC2DFA4CEBFF1BF54F6276EBC114E2F43FEC60B01A0D440A868B2920E5C4BC10D60931ADCB871F3268B21D3851B08E1D6AD9BFD4BF57F7577909FAB86F29B982571136AF01DF5FE32AC3BD9406CAAF2440A54CF176EDD01FBADA1FEFEFE21FE4C9858DFF4
310
183458A9FD2B6708A5A5A137E0EE1D11A9EC0C7C58B2C73C0AD6B479BD76B7790CF899E287FA5B06FB7B07C9195B7851FA8794031EF1FC5F9406BBFB23375420286399B631E93B08022A785C4DBF9996EC3551874094D71B6F487E80F6837E50F483BDBDBD83232323AC420A18C68DA196EDDADF68A77F938F78FD972BABBD
310
B7B87FB164AC6FC2CB760365821ACB74AED44FFAD7E7431ECD7E08AC421F391D199998989A383D9D98E8E56F84A318C58D9BFD2DAB73FF5222C8EFAEF4DE7AF30D756E5108683DA471E70D0502099A7240F19E4089D3FD203E620F1B47BF43501E85031AE44B4B9F2E4D2D9D4D51D8970983FA861B3706FF950CA170DE82F6
310
B312CC4F42C8966295F7D725ED29882415DC055F36DEA1FE96FEC141493F05FAA9A9A5A595B333DED5B3D5A533F62183323032F46EFF13EA0AAFA5FBF7C8976F8C10F7280A014832593B90004D52341980D907EAEB73411EB2F1EBC9F507F92746C40E7AE0AFAE54292BAB2BAB67CAE0746264A277B06508168C94BF772BE9
310
765F7BF0B548FE1E07F3B5A521340A5CB5297C4B12811B89E82191ECF3E41B3259C529F135E23CF4C7F961FB13537F5A02ECCAEA76B5BA5D3D3FDF3F2FEFEFB3AA22053E5008833428DC6C59FA2F770595F311F235D427F379BB8A121BD901B96076A388DC4C3C61C7933CCCD770FF375A6E0CE9F535FE2534BF5ADD3E3FAF
310
D71BF57AA951B6D4CFEBFB8864758A26154430080B06ABFF557610ECC93726224F155D1471041E0D42F82F4891C926C1355B0831649FF365F46FF05300A7A790BD8ADEEB0D4AA9569A9BDBADCCD56AA55AE377F5F3F3EA2A34983A1DE91D810543138D7F28E57FF4E2B5335A3928B76EA1CB9B00BF158C8F63A2E788826896
310
D0B5E7C461949ECE089144F8EBEFC7FB4D8C9C4E9DAD60F7FBE572B416C2F2423ECF8B86C439E450DA970634ACFDA977629098D0B2FAF313A36B3869E37AF7853378CDA1171FBEBA95DF1E44FD5144A420588641B0055A79ED91CC0DC41E27064512FB33F1F04D09D0D2DF0203A646A6CECE80DF28356A348CED8C4F1EF137
310
B9319E1BCD29867CA556AA97F7B757567006A447FD375A26CAAFDED9CFDCFB2BB0BEEE8AA5911BC2C7F85DF88A3775389990AA72219D582409210F85A4E66F2987D875C30848023088FDF77E87F96FD7CBA5B9DCCEF4F4C9FC7C676777577B7B7B67E7ECCCE4E8DEE85E81A6D55AA3BC7FBEB242589CE8ED4770E785D7DDE2
310
3FF2587EBF57F50B9E820527316488E5C32D50F979BCA58207297E2B6D658702FFCD211840FE43FC9F3A5BAD9E97E6F21B9FCF16BBBB3A3A5A175B5B1787875B5B3B86DFEFFC687A72674F19D46A8DFDF3EACA59E405375ACE76FFA922C817CE86A89BDD92F400F2C55B7462F610459837D3A61ACF50C7471C8F2F2A9D38C3
310
DA2F068007F80EFCDBFBE5DCC674B1D83EBCBEB8BCBCBC3ED0D3D333D0B3DE33BCBEB0D8DA35FBF9F8CECE68AE020BCE61C112A4C1138CD47F9AD13F7DC6AB9CF9CFCFAF9D0E01FFE6CD503F5B91C5218E2899CA15098714848B04FCE5654884ABF0E554F11F6C21D73D5D5AADD64B7B9327DDAD8B0B7D7D6D6D07070763BC
310
0F3E38E8EB4310EBEB8BC3DDB347E3E37B5842B97C4E44A0C630427E5CFDFB71E03F471E12CA9FF70E055AE141042DD81234B879EB4606361D9328149037D7D76A571A7E974FA20AD0323832713AB5BA7ABE3B3E3D3FBC30307070B0B9B645D93C3CDC3CDCA41CFC6AAC2D64D0D579B4B1B397A7C1BDBEBD7D36657A3CD4B2
310
F44F4909F2B9CA597F4245C59DEC354316F0587020D0C661742BC02869435FD12CF195C422DB3C5A3E2305C000CE6B7B27ED8B7D63079B5B5B878787C787C7C7C757C76C51B60ED60EDAFA06D67B965B3B672677080BB5329E60E9B477847AE2E9EB53E35779FD37EFCD2D0DDD68AA355B6B0D81860502B8B68C801F5C697E
310
9AD62F4B406244CB975560BAC756AAA577675B07C6D03778C17E7C95CAF1B3ABABE3E3ADADE3CDB1B1B6B681014470343EBA979F8B90383545727C63E43549D14FD0F927E5F1FDEFD7263058FE02EBCD1BDCBCA053496BD58E69BC44F9F854D4D979AE9ADB908824382AC1D4014E9756EAF9CE85B6B54DB01F02F8EA5908E0
310
D9D5F1B3E72188C3C3AB67879B07C8A0A767B8B831FE5E7EB754DEAE5261460243FFF07858D8EF0D658BDC563A2C5EF5833C13C90B69248C4DD97842B61DFA7F210A2F6108A0F96B62E2D3B3F3DD939EA47E30ABF5AB2B903F4BE5F9B36757CF65021E616DAC6F60A1FB647274B4B05B2E5341B082D43278F67D8DFDA48AFF
310
9A13F22B34C7586C9992BA6E66CABC190E313E7C811AA57304B421A75B289B9D174CC868C24548823E230B9A5A2DCD2CAFE1F98E61C015CA7E96B083FC59F3ED06EE60F360B3AD6F79787ED278D0A86FAFE00BA9220EAEFE1D5DE1F7855939C3FCC1332426B377F692406E022C010DB437EF009803F0DCFD3B7C94440571D8
310
F2C328F115F47FD324802070BAB43FBA80EFDB92FCA1F7E7CF9FA875CBB327CF9EB08C4DE4815BC4210E2CB7CF1CEDECEDCED5B757490968286899FAF95583BF46F9393CEE6A86D6F618CAAD9BFF0BE22B042412C5CFB50556815CC5BBE33E9F61ECEC26A9BCB8145FD10590078F9C9E953B513FAE1FE387FAC246E14F9E3C
310
E7F5F8194BD6594140876B6B84C5D6799C61A16434201E5237582AFD75C07EEED9863F463284E2E13425A036BD41061259289B6BDC1ED656FC8B8592C9D00701E27CEA749F0D8EF44EAD8C1F80FFF8F8F9D513191F6803384C800097F24069C407CFAE88136B7DCB3D5D4A60B711F19070D83235F77331FD35E71596688903
310
8E2E0B346EAB7936C4162043E1A1F144093695443A570144898BC4079CEF1912809A3035A1D3F361235F90FFF1E3E0FB93C7E2750719F88E7D8E68123883ADB5B18185AE99F1D11C1238A792DC4BEDE8EC6FF503DF377E0445F68FAF4E08D43082D02170F30131A154206CC559A8D9CFDD762B31273E4947A581E0D9BB71E3
310
3FFA07CD02CE2A6BE1EC80167497F2A81CFA3F7EFE58D0CF5D5D170DE4F89070B0BC4040CC17BEAC6B0586C3D3FF0309BC06F44B04A1E13729929B4DF73C44070692C810B08AC3012E8EE9EAE22067796288C193B2139B970B86F47FAD0F98382B1E035D9C32FD318A4FAFCB274F2E1FA772F94411B0CD42493C23393A685B
310
5FEF3E1ACF554AF5F3552A478383374E6B2FDDFC4F6DFE38F4F4ED7A7FE838F488EA852482F412D3CB07E293D02C9F074F12E84C5AAC423271450572A385449844706475FD38DC3C22486A0639E5F1E38B0CFE93CB4B25910EF309A2224BD8DAD40C682C28341AD69047E8539A6AFC14EC573F7FAD10AE0FE6EB13E87B28E0
310
93B513B5803514DE408809BC12A14876DE0A25F643009E9176D9F0C330164285A7444DC8CAF0E9FE41429EE0A2F6A6DE91C0856C501272404A8468822E24C807030B1D33D40D4AFBDBABB411D093D88C86D7205E05FC57EDD1F805FA4CED5920F0CED39157E007CE21757C5DE440ECBCB46CD283E378029B43FB077B4F47E6
310
0E9F61E8D01BE017D7E843EB49F50A2028F1E442FCC90C9EE308E4C0C2C94EAE30B75FAD3A0EAFA57FE9EF960F14BE15638840EAF3BA490BB6850EDB38EECAFD21A0C746D0C4234DBD035EFC7EDD121FA585FAB73DB89FE6A03CF833AB0730E5E2F1A36CE3F202A128934B44E396961121E1F2C9F32BFCC0C140CFE22C1CA8
310
E109B182919696BFB98120234F61B59F7BF46EC30CF067B21A33B0FB3E402448EE266CCD93135A8E823DB31F85E677434E608F53F8100BC0098EA2FD6BC01770E0F2F2D1E5452A711C4BB8486248FAD756D852026B6DC90A2AA5C6B69E9068B8F27AFABFFEE8AB36F1D23985D5960014FD711940800B560250D2272CC54FF1
310
D3A660B275AC3881E349689C1616E1E9044129D032313509DE4700BC867C71F128C400159407C761022BA8A040F40A244788808C60B3AD67A17576279F6F946923191921B0545FC2F12AC0EFEFBD7262B6935679FC7F80629160ABFAEC88E8430E76D82A8DE62ACE50BD4A42FBF03B387B37FD321B37E31C3F063D99703F51
310
60E6C9E5A300CF32A91E0A085A29C0FC507F6C21012303C6104B82C1F1E156DB3229D1A855A32A8352C9077AF733A0AFE0FB3EF81FDF2F0F82C21B0EB06998866878B103305E31EC17F4FD43831E570A2118D1667632D4FFFFB125782F96168A833DBE78C3F11F8383A79D49F58F1E3DBC780417AE6581381E8610604888E2
310
913E12492881274822C221AD04CB0B1D273B8542837460898C686864FF6F801E8269F40AD0481DFAF5E6E9C1F3BE391C325004DF0746A4E4448F7B52C0D5EAD39EC46896B888C4210D68E99DFA2820DF7FF850EC407EB55C3EBC5028611409BFCB8889C90F1C52355AEF98B18100094C9D0EF6F64FD47E5CBF3FF5293DDFB4
310
B50DDD54F351446FA1F14580DC3902C085F593CB24ACC917B213BBC11B3F0A61042FD8B24F4FB9C4556D0CB9E1A880DE89934CE9607F18F81FDD950DD0E1D143F41D56110E227C250621FF098838042BC85B5B6BCBCBC31DD37B34966E9FFD9936A2FEFEA9EBA4182E5CD3E17AE35501FCE0707E5525A7DBC64DFD077825BE
310
37CE0BBE1BBEC061410C660B6E49912665E2B3749C7C9F93834022F74CDE6CA5EB501D9CBC04B768292C5CCB84478F3CA83074092C6082169015E5800D5839DC6C1B58EFE83ECA513BDE3EFB8EF1242D2D4B3FD55AFE03D42F8492AF8A3F21444FA2FA9ABBF525EAF84C09F0168527B0138A85D1EC0443C467B28BF844EAF7
310
6323BE13D7C11F72FED783837B970FEFDE7D7817E077C17EF7E2A1C2C0FE851FE4C008388C15E818958746129E1009D054B67530D6B3D8DA3D59D82D9D57CF70039FF50FFE0DE94089DB269C3655A4F25B38C49D0BD48E59F1526887C18FC5272197F85CA72862A593A4843CD25F920487DDF7AA0441A2C0600D062001F103
310
FCEEA3D8560CEC3EBACB01CAE5A51E420349F602191E5F901893142381351CE17047E764BE50DEAF9E4D8C38B6ECFFACEB141E54A6865A88A60133EE9CBB4C256930B0B168C1C3AB59FE1743FB422C7166082E934AFA5EFA3E4BCE0B69362FA7041818B7FDECE1DDFB4D022007CA23E521F0700AAEB5888BBBF08023E128B4
310
045381542FA256B0D04E28A0C3804E233A1BFB476A2F48FD135BAF9843BEDA3264EB42BA499601F16B566E72C7EA35908ABCB9176BBED43204C696AFD3D7B24B08D3AFA44BE243D88A6D9D0B6562B52F741E1610C0EFBBAF2B0829289A640EC4C8A4FF66A24430786CEBE1E1E61AF9507BFB496EAEB64F8F49B4129EBDEC06
310
5EC1F8A3F228A3CD0950883B41BEC6D1944AE06147289600A7726313AC69A3F91197F1438BCB743E76F01F6EF1D1C854071670FFFE43FF1EDED702EE5A14C85D0C42DF90B86068800659AC88981855E3E774A71C0CAC2F76754EE7CC87C808D1E1E0F6CF47FD4224731337BE1E39C5010823EE997B1491BBD99FC8D8EF7748
310
2BEB5EB2CF66499A8E0F7511B19B3EFBDACB6507BC78731B1B383D02FFDD7BE8DD9256F7D0BA7B46015941097B80018F700FFA024CC08078F51806100ADBFA163ABA8A3B95B9D2F92AC30BC908ED31FABE0CBEBFFF0279B675868F9AA24E9530B08C174055B7F48E4F58002F3E82F0BDFA003E8B431EB6C4A91E4D9B5FFB79
310
1265BA8827BBE5F1BCFA7F789F72F75EC800F8AE43FFAEC42F13009FB905A9A0132015D0068ED7682AC608BA6771038DEDB3B33082891FAB1ABF5614F93238079726B833958796B845B731FCB86316713C1DC581B1E19B424EE32674093F80776F7E27C6FBFAC85C536CD955B96EDA2A3FBF770FF4BE11845470EB3E42D022
310
000E0FE07D161811020742162444668308801E133A4C163BE68F6826A5523071CA78B2FED51F28F8C70FE4190073A3E5D3259D7A288CD19BDE623F10021BAB0C6E327FD507B2741627727EA00D31856492F9F009D7F152D930704E642795C1C1B336E0DEBB7F0FDCB79318543B25341F36802D64A981A690B94259607DE0B1
310
9D466BF8C1C5E1CEF9A3FC5C639FD6117B4BAEAB453F8EFBDA500A67E8BAF76C8A06566E36EE1184E8329419161F83D843D5DE7D8221163E145F56921C3EE383978072129E290A9B7166E63D26BAB1FCDBF710009E4051842390031845F20077CD079407C575F20364C4910ED2A574BC357630B0BCD8DE39335EB175646A69
310
8458F6A346F003A93002E846FFE0C459B8006E506D79BF902908A0AA05CB5E73530E33BA1D3C2EF99C712B7C8B41DF4D2A7830BE8707485FCFAEEB85A09AB6D39BBF7B4F23E00509C20DB04E240822A4B810E04D8D53D10D504C059ED86BB8697F514777717A8F8144D48A4C89077F7EDB00E2D89DC02A7B975640A282C49A
310
4AA84B70B12BFED8EA6584860DFB7EE23FCB00C6BAF7332FF259FA3C9346508813E372F1DDE425065BB61FDF8300F7EEDDBE8D0C6EDF46F7D8823478590AE23759D60DA6B7A9F125EDE8F4A5D2B37470D0B63C30DCDE3D3D59A8D1501EB1B0A5377517BDD6E301F995E3F955F0F58FAC2E81CE172A8344AC03DC6781939D24
310
84B8FFC15E8F3ACCD3954CE19576B942D0A029188EC7013FE59AE90B71292DE774F1F63D60230180B30A2EDC65291B6211B4081128856001A680015CE000708254891851D4B3BED0FA4D7166B466BFF1D2A924885AD12B387FC0FCE6819AC3AE06A7AA4B715F0927B74D119D4A668FB54B8A8C268D8B038A207D10A7B1E95E
310
42195B695BE0240F7408B311257C23F581E987C180140C584A02B1670CB817CEC0A080F259F1360E58452013200E3EC107AC1DF4FD7B0F6D23F33347F9527D9F51E6138E31AF35F1BDAAEEEBA3D71BB402E2FB47CECEE96B4DB85536772B07C82A34F3E66D0BCEC207FEB9E70643761276F7B50D5EE963CFF80C7AF4A2130F
310
5BF8C4EBFB5F07B709840480DBD8007FB7EF3F90104908BA457D43AA2A6A02C91422285E5AAC143F3313A0CB74D9D164933B86C25587134E8D342B453FC982860D09FD13ABE72055ED020E85D3E312F74C25CB0293D978A1C4001927C80B86FD06349126EC219F0C735C8053D8F5F310817EA01F1B7851F406144C211C6362
310
C27DD51F1E310C0102280ADB891E9B085CC528A2B1369A46BA195B9A2B351862CE43174BA73FB7CBB430A5798F4C54B7333B96C3224A9863AD02B9FBD8E63092191924E77C199D92887DA594B6DCF0112857162FD0949FE6A441F5E62E42FB2105BC405A2301A3424601DC807912CB2C39C604A27908021CDA30C4C8C2019A
310
883B3A8BD393BB3546136EAF561980FB63E9E035FF73B96D09A905ACB2C11D79571C5159026227DDBDB81396EB03F14100BEB66DE1FA9EF82C3ECCBE318119C4269FD014E66361FC8BB0B4EA9A98EF3D8848A01360430284335004C183CC25BCA82D2302EB03B8419241C64DF4F5ADAF77B533BE786334BFCBB8DA72BDBEFF
310
C36103AFB30608A0B39B58D93F0BF42180841DD26BDC22CF0A770E90240006BAC65197D90920131C7B2EB3CFD3C71C6378A305EE8488FC1FF8D391E2BDDB0F6E3F45E7C8207C419800DB410073A3173942CA8D5242642A74496FF115832A6314D9FA4257577BF7FCF8F8E8CEE8DEDE5EBE76DD3CF892BA7FB8B90F629431B5
310
525E92A15A3A4A6FEA3FDD73136172060959206591F4C927196CF645AA285CF3014630121754261C0D31E1A7E3DA2DBDB54B04703BDE3A4209F02045C4BB0F529A14BED07098A2A1CD47513DA64B512F409BC01663090796D787173B5AA141B1B39BB470EEBCF1E30F9D263ACC4D05110797CEF7B923B027F089F74D1D06F0
310
A4D8C0CDA6604023FCA45B76C5CDE0BF3845ECBE13E0C0ED73700A8A753C1AC8AEFFF1B407FC8A20F42F0D94019121DE304077A027D4112283BB8FF0072444D68AAD111D6F591BC0061854BBC048EBBE9E81F6A33A95C21BFD13AF3C7E7DCDFFEB0DE8903F77B41DF178E99C289895B0EA8CD640549D68935BA7C5294E0A1D
310
66DA0CC419BD398E6265789CA1241441AC94532A3C19C95340BEFC68703077EFC1D307B71F3C500859C11494838E902203A2BE90EACC5135B80B078804340C920C2300BCC06F7A1C71B875DC572C9BD1D84BD5FB9363CA6BA7D03E5C40FDFC54FC23C9B4B9DDD028787D89219038523BF64E638BB37CC25335937A00DFD328
310
69C5B390C8C32FF25C8C47A7181B4A599A224A9DADB0E0406FEFF9F183B7448F081E3C55024FB33828784AB61704482CD0160C04174F9E33BA9291D58C2F1F1B1B3B5863B0D9F3E51C35C253D54A23E560E2C0CB3A6F7A81382601C2079CAE96B7B1560D20A341E85A928A4E01083256420576C2ED477E2E565FD9223BCC69
310
1CF394D3D8E281501E0EE5C1C8159E92585D255CF30CC854C75318006EA4A01028EC853F9407C6053910BE105348324002260254886C156260F9189EE0F8C9A3CBAE9D5A992184568A69D5183A7DB97DB089FDC57AEE54F858FE54F577DBA85309640290F2D220952620750C5811FB772A7876D1E4040FBFC6474D51246D8B
310
3FB378283FB514F8AB3C20B8BF7DBE5DE541C9A5D3D38DDB30E00151E02523081BC89C2214103E0BC1B3D0199A08E002681A2613A2616CEDF0F0F9C5DDC75DA395C25C0309C03DEC8091A4AFD3FEB504AAC6633930556DAC86EE3561941E862C4A75DD6B6BB3A0C59BE153DFA73EDFCBC3CE2188D3D378FC976D0EF9A95B7C
310
8532F527CE3CF539581E0FE501291E9139FFB65EFF5DBD8E0C18DE3077170A64E033FD278F18068028802F156C3809FDEB11B1019C208D020C9BA2870457F0F8E1FDC7EDD393E3B9FC9C4308E9315704233F960E554802C14716B0B45DAB5EAB5E25AB7830EBB8D25E6CA94E4AA01794FB1EE164FE9F040FE82C940A4BCEF9
310
13075D087E85A7237D3CF29C47E4E676777779528C4781761F0BFBC1D3A77880E40C9A2E5109180D5255317890394229F0F082010354082D574F1E3FBAB7D6553C2113DACB97BEB5526C7C6F69F9310A94C46CD89FF8F379AD1AA035FD00FF3F320180F01417A6F255A3A8D86319FE0C0B0E06A0DCD33F79841339C01E5BBE
310
1911AFCFF7C1E0A540BFBDBFCF2372352686D863F83F59CB6865F43104007EE06F52406F680341102048A01BB048823082CBCB0B6AC48C313F3E7CFEF8F2D1FDC3D6F6F9F9D9E98D9D7CAE5EADE2A6512FAD7AB526E17F600C85550DDE9ACFE9D97E694513103BC69F8A2813176032C890C1E9C49FC09C61670FF8705B1D73
310
86260E7C8E7122C7F8208A55139E8C8D4763F7EBF5728DF9C34677364E3A3F9AEFDEC9CD95470788834F9FBEC512379890B38C94205B2557987C4186DF5C0837608DF0F9F3CB87B7EF6E920475752A01460E556919B2B64296FB9FB70DD5F47232A0F77465BF140CD001F00ADCA175090E2665A14E6329B62660E02A1CB50C
310
6025E3DA252A670B3F0FFAA5EAD94A509FE7036B159E0D1D9F2E76B7AE1FD5A606198D3A747AF450023CBDFD162278B9446688111009B4029B0F2180AE20A542D40610C073B47FEFE1416B2B12200F3C991C2F54EC2491027A816B0A34A9D05C6F437AC23462385DADD75642EDDA738AF1600DBE07EE8437804D2D011A94DF
310
71C2085EDD40266A407FFA1D1C00B0C03927E60338E3B9D8C47D1F8CAED578E06F7CFAA4BB63B175FA7C301B747CB377F45192003CB8FD34B12009224543D8604494011A80C1903CE0518C986208E1C5FDDB8FDA161686873BBABABAE74FA637BEA894A44078C19696F326E057D7F95D061A6B0394A9D5F2DCAAFE4C2388D8
310
A6E9AB7695CB0BDD0A332430F1A9333DA41D1FFB97FA09AE84E738C75C407C260408F8DBD5EDED7DE1570A7BE333C54F16963B46AB0C2B71208EA3D16EF4EEDCD7005241166C005A73C03164792151205C007288AE337B4D7103741BDE7B7AC913350B348B2D767515674EC6F72A0402BBCB41C81305AFCF05F2758D3ECAC8
310
D26AB97606DB9581A4B7A8FFB068CD5C0604E6849046B70C2B60FF0CDDF93C13822B4E82FA0479A68220E66D9FD775FB3C1A9CDBDB9829B6AF2F77EC9E0678FB20ED8D1B1A1A39D10F9812E20D6281F5673121AACAA9C53424000DAC173F7E18C3052EEE3E78E7F1160F5AAEAFB70E0F7775CFCE4EF384DDEEBEB9C0889D52
310
43BDF557559FEDE5F17AB21E118C4C31A3DF6A96B56AC62180293910ECD6B721047664BCFCC6B2DD3C65CA0F0C823DFEF84083C7ECCDF05898EEF158F4FEF97EB9C123F1B9D1D1A3D9F9AEC5F5CEDA84A3C96C14A55584D62893D6A54D8D2028D05C8B1F124884543F3223B29D208B04910D3FC43F5C52196AEB5B5F5E58E8
310
E82610F08C21BD443801233C0CE8BD1E40F84A1CA86001990048031ABBAB11EF83F9283EA89F181F2A0D9A9F62D94B7F625FD727E6A93F63F200F614F7CF100D4511C07DB45FC5F0CB4CA359ABE4774631FDAE85E599EA0878A3C33D5AD6430CF4C055EE5FDB80629000D7855DED3F436F3B61B3DC7FFACEFD2B1BC6FB0696
310
312CFA477CE87A87070C7998E04FBA78AE3F915A065E819FCF35B410321D9ABB308146A11AD5196CDDD7C477A171C8AFC74B45CBC6F641AB53C8D4ADA5870C02379BC0470CF83DB55F073E29CF5CE5F7A3F8FD62EB7AEB1774C2C6780B9523F9287193FD23DDB79FBEA513B45200E2E0C1B51350163AC19043C600F2C1DBF7
310
DEBA7BB9B5457BC0D840CF325EB0BBABBB786D301437000020004944415472B491ABCCEDAFC0591201CAC8EBFACBF367FE7B6E40E69F551BBBE7123E3C00AC560CE20C62436E8C3C54CC225EE08C0D74CE26148877689EDD004FB2BFBFFFBB984035373A7954EC5EE8591FE531348654514DB1D1C56411DFA2A7C212BE5ED9
310
1278F2851A432244C6822C29C85A8B320ADCBDFDD63BF71FD32648E7D098CD018BC35D7FE89E250EF2AC75F96C15271602687965C844B8807C6E7729D93F22E81D39ABD62A0820C1FE9F11CFA7208125D33E96FD69E83AF6052DD32D49FF0802CD9F9DFD39260389A950887A647CCC99BAB17132DFB5DED35138FB3A060F62
310
95AA5E195BF0BB56495A5A4A8FA440026E46A047D40ED2520A441C302D240F201FB8F7E0EDDB0E12A04D8816215A0579E8FE1B1281E9F19C9900DE79842E2A7CCD48E9876EB01C75DBA0E0C8D44AB5512947A00BE7CF5DE9E1A6A6BE43CF1A78783DFD5A404E4477336C1ED8B18908B2A847B2AFE9839E891137A6673BBB96
310
FBBA2A4B8E9373B001F08369BA11BE8ABC4302FD2345FD6014A127068427D007BE28B41D9B0D40FFB7EE531FA673C8870A69135B1CEEE8D009C08042A5B4EDA314920B635BF941E7487E45256439DFE9D276295F87E698389CD49FB394FE19720412DEDDC40E9CE9C6DD605E0B719FADC416CB15AB3A61F9B5B9B9426E54F8
310
1D8B03DD950946D432B40CEDAB7BB5AF11213CBA73C9BCCCDAFBCF06127C7980FE6D1DC9B4DF14832D6568FEAEEBA76FBF438300B541064ED33F3AC0B0D10505306FD370AED02859234402F6C3FED006766DDED2034D90D119057225EEE3DAF787EBF30EC51ACB4F551678BD6728E1944730C095F13E4D81A4DFFBF67C5BEE
310
37E62A85FCCEC6CC6C7BC77A5B477E22223ECA4FCC0F87E2A5E3EB782BDB25B8CFC6736A044DE5A7CDA604526361D650484FE283B77EFBD65D52C1C73C4F48E7D0D81ACF572F2E2280F98FB230508FA906B42DE240ED651B301CEC83DE1790C9FD96B6CBF986BECF3BD332C18EF627A0B6EECD5B152E02088D03D828AFFAD2
310
6B05BF671B4F9A09A8CE0CD2707F67F2A4B3BB75B9ADA331C1305BBAC182FB4A79820B7EEAF73199B8404C0B81231CDCBB871B80FC41FF5860E8E108222A1A076C29E6E03B6F3FBD4F1F295DC457573C7ADED636D6B7B8C88413DDF3B327E1046AA51040B40CB50C7E3F1D2E44DAD34CFA604029BFFBE714DF0C069908027E
310
B275F1F366C132E1A7450B04011CF82B2B647CE754F650FF6E25BF37AAF65B7BDA16CAA791F1D09F6CAB989EC5AB7809BE145FA459E8D3E4B0FB47DAEF093B946FED585B80FE1A0305FD5330FEDB4FDF79FBF6BDE81D8300CF6815E5F9896552412A03F31FCDCC7CB5E32365550CD9365FDCCEC8752E943161D78047336F8A
310
F6539840A1F2E764FDA2970999F205CD2BD1F5CF496571F76EAEFA0E1CF8FD2A55FD06391F9EEF8B9DC9994E72BEBEE1FC928E2F223EBA0FBFBFB4F2DF137BC894B8087643D64ADE6EDED67F7680FAC9060239E845FC94AE93D880F994FBF71FBCF5F66F9F32C292EA900F9C1E6F1105E81C5B5F58A067A448143842008D72
310
75EA3BBA3D2516FDF02FF79260020D6B3C714711F3CFB61BFF56A826E627E82256F7400FB387FEF23C1C1E77FD6A21EBB1B2B35F2F95E7760BE1FA3ABB3A981423477517EEE36FF96F122B942F6FB64D9502BD1B9089162532A2FEFED255028FE653C9F46FA321E0B588B7DE79FBED07C44106CC85133CA65190543004D01D
310
02D8181DDDA5A9C91A7110805B7875B689FC3902200FB192E7DFD936B37B57D9C338BD49E99E181F4E5FCAB2ABC1CA7AAB382CBC7D515457CFABE6FBC63D525E5CDF74B16378B9AD6774A58531912D232DF01BAA913DFB7D3AAFF912984302B84D0500077800D26C60A4742101DE420C610C2E92FA93056022EFBCFD5BB6B3
310
8651470CD33BD87630C05831BA864C85997B8754B05167F0706499DC442FCD22592AEC2ABF3FF13F950039BF159FA9B36ABDB2778EFF83F70972B83BFD3F4899E64DD8346AA495CB155A7499F2CE39B0AAE755125EB84FD8CF8D8E4F4E9FB4B72E8F1DBCCB98B31BC4607C2CFF21C8145FB48EA0F2159F86A3098415609554
310
DEFA7B27EF1301033DD06D274BAF6821D220DEF96FA4CBB60B3CA241C021D38E1AA76B4406B4767576166766A6C7F77273F5F395291BBA19F64F2E3095C14F3E60371827741CB27E89543857D6D96BF9A47C6A9A26057840332EB843717AAD171880217B71FCCC0355AED3D4819911F79D0EA8AD6DA31A83E36C5DC2D47029
310
5C011302387069158F6C9966022367ECF1D00BA9BB95C389AE7B6105A1FB640689033A7FCCFFEDB762189103A61C3A4FEFE0D6A6B5A19EC5755A443AE78BC5E9235B047890A65919A0D2F96AA3C01CEE913BB3ED239C3E0CD8DDAB99E4348BF3F8B977B6C43DEBEFBD7721A839A63B94C06A10DB87FCBFA3C2932F8C26F88B
310
6D6BB30C3C4E09AFE40FAB52EFAA1EC0316920E031A46D65A0FFE45A673432E907FBCF86717AC04F2CD0EF512D665FF53F05BFCDC43489F150890C60A8E0314E70A06F619D30D841189CA15D3417F3CD50191AE4396543F0C42BCFD696C58DF163F5B46D708BD5FDDA5E5E5FDF9401BC4F7E00E8A17520833D1CBFF495B5D1
310
CE037C664123EEE74737268B5D1D3DBFDA6AAD8C08DF2C0BC7A737E10AAB2A7B958990CEBF556CDBEE823CB09FB344143463C630CFFF585D330CF0320E921744A7918280FEEF981161008E9FBC78C830217A07B7D6985E83F9A79884ABB5AB383B4D7D788F9FB3D867A2112A43F19042B33A108690CF6F472F8661CFAC9714
310
78757F6E6F2F7AEB82FEA85E5715941778B278281F28C268AB24BDB470EF3303E09C359E9DF1CF990D8A096106E6A66C8620DDE7D281DF0B2831F20439A30D68386CE13E002F7EDA8D7806162B205D6A19AA1FABFD6B1B400EC2BFFDD66FDF7E8755B4883C043F43046C1326136680404F1F934EBDDFDD39CB58A98DF1BD78
310
80E0532E671FA1435E9D6EA5E9071000BE8F262E7C4044FD95D5FD526EB40A05A634775F32205C3D779FDC168CD5E56BF982508BF572BDA4F6F57D3304BE9EB18149461B12F760D7485891CA47CFC44909136FBF4931716A2E100123FC6CCAA6A644F25EDF4AC980B14039009BECE8B798BF69A05DC5B6885CD23F8E13A46F
310
F0C0A986D617F001C52241801E87C2974C31411DA3A5D7B6175472763D637D3E57C33B908F867F4A59CFCA7923375E5F027A983E18BD7BD4E6FDDBB2250C1529F4202EFAAF979DFFB1F2612E87EBEFEC58581EDB9AA95AD1D7C1905F7305BF8182D5BBB524D47C4E3B81CD843220DE1E6536497C0962C225F75A2D6A998303
310
B23FC501F0B3F736EE1FF01200FC8C99F5515207C9C40081DF304C0A17D06E26CCBC5B3C47459308178301FA8057C2C0AE9D99B05F038828B08400F2E3251254DD7EB8BC4853B101F99AB48E387457C96951E5DB670648BAB70A7B04FE93EEC5F5B183F9739C98952C6845C380D401B8FC86E70A20744EC720E09D35955D96
310
A9041720196D183AC2CFE6AEA816652D0234883D788BEC8F5DF2615261DB031C2381092401B48D8D2D870FECEA9C3D99DDB036C8A051058030E32190976718C89F031DFBFF2EEA3D88606A8A19BD0AE305BDFD12BA4FF46F1A0002B07137989C748936E9DB2C91F43B07E4E4D16C3779CF5A4FFE8CC981F07C29E34B7C012A
310
F0054FAEA4A6A3D49D3A16D2B3CF220A029003366663053C89B3FB1827080DEC2780076FBFFD8E39810CB0593CC68B5D9009F2D400418028B0BC6CC74067E7C9CC0C2690FBB084AA5254A12AF63543B35EB40D17B693F7E3464D5094C00AA9E04E0E0524F5C35C5EC6BA94B21AAF2440725E2A9FF94FE7A8F0E769EB83FDEB
310
039B631B18BF396F5C13CF89ACC02C387DA56DC3B1CD84B96CFAAA37B55FE723B611062258257D331F186AC93D8AD600B4FEF4AD777E4BF68F2168FF08C081A37AC13446C859964803961928476D78F68419390D830C1935B5C2A0A22A3AB17D3D6428BF12DC373B8D464E04C0A496BB3B3B75639DCC2500E0F0B15FB6F47B
310
5A7ED0183A87CAE8D535F2EDBD4B3B7FC762DFE65A07C30B2851DB890082ADC07131EEEFA3DB7DD5CD32C0860CA83CD4B7993A175F422A8149B1C1D94C1145059D9C78A8A572A90B7C8B1E3392FF77A80C50220880FF3669004E90F101740D2B808181455A044904674E7482CC3EC85C4BCE339404C0B0BF6A5611E4F9B815
310
7BAB6DE327EC9BFBA1B4557ECB609C1F45326499EFB90EE78F18227F09E563C9E63D847EDB3B68EB9C39E95AC4F7ADCF7D87F6752BB6912040281E4A0D8A8314E80D60470999B8A51FB1488A66A9F3F81FFA61C83F4FA6969E472288FADFD61B005E0EA4284822E018911828E868614DA0C36E11F3A051070BF2F0840E35F2
310
00E2C0C80A776CC9E7E6841C0503D0EDF15ED9AFE527E798D23BEE5F0604E58DFB7099D739BF0BA5D332EF29F1535995BDBD0DE681C4F71DFE6A7AC5A13554AE6910963E9ABC9A0DB5B202225545F5CFACC942B5B93C207352B6E5310BF349AF200175D7DFDF78F6D683B7C87E087FA9B35812C4F8F13452CED610A2207541
310
E6D659A739441F3833CD0C9C3C3DC2B0712F62333C4FA9327C9CA1124904B4FDE0FE21C119776CB0C212AAFBA5CAF80EB43772ADFE77CD9FA8A4144C54C2FB2304C65F62FC3678E4F6C68F30FEE1BE8383CE7DB86F58B1AE0C51F0F055E188D02F00911DDB0991832228B3172B3E623E513FF1734FF414A611A603163F401B
310
EA790FC9FF7FC3FD3DB02DC00184145B850D01D120424DC03C00FCEB7880EEEE939399F1F18DBD4AA54C939899304D913CC2D5CFBC55E50C7FBE4C0E14AEEF53D6843DFF56BE2D554637EA047D3C210E2C61077875FB5B40E19F43AB7470CAFE1C0D3ED3B3B4778D1DF6D4F837C08747180FE8394F2CA1E0A46B6DA62CE2B2
310
DABEDE0B1924098580FC16B369730E9E90541D3730D47FDE16EE1FFAD3419CDA05ED1F2715C607F2E81893AFC5936303F40EB776F1D808BDE393A3FA401E1C706E154C892860AD74A2949C409E28A8FB3349C764D13E4D1D3468952B7B1B35001BF41142CAD58D6011C8B78961EACAB66E9AFBC627673B61FFDA4167950A27
310
4145BF11EA17BA9AA60815C2C43AE1F648E3772E53C94E6364AF826019E723069A8AA353A3BF7FB5359281700061FF64C28C10B9AF0B70B0B0D30A31CD1CFD22F68C76DA1E44558869257892363C091D313EFA46B57C3BEB252E9C6BF5B4799EC58F1910F469E25AA17B343799DB3E33CF410061F96C6D63FA91B1000CEBB7
310
D2971BDD39A2A76361E000F5DBC1688D47CB812DD60F8001AF25B328D173A9E4BAC18CE9F1F628704330741B2649B92E9714447C68559C6CD2F681919367E4811100750058809D0230C087A89FF3C80C23C4C60882E481F48D531764BABD5CCECA308DE2F63D3BB50373D630796126803C2D1FBAC148F7592881B395ED7D26
310
B7DD38D7096AF98841CB37592561D9C6565317AFBE9FC4AF7371E060736C7635E0CBA1809FC80F544DBAA1F2F9393D970D44C0615A0C6930E758B9E63AE690F73045F0C8C0731DE9CD80F718E94652383458799E02C06D328010011C7090D8C5E5336A83D4059953877EA1E1D66FBE994F04608C4C991917230FB61F9AEE18
310
3A40AB9108D032449FD1A7283DD25ED15360EF7EA9303EDDC0043403531EDEAB10DFF87F5E2FD56DF0F1B701A9F614DB17FA0E0EDF6FD0B1622A81FA3D1DE5A33F551930335C353A87F9AB05C60455193448246944A232C5D07636D864CDD7A50D0B4440CDCC465D1C418321F50E1648D500294065D869559EF3C40C8FCC6C
310
323E989AD0F0C73142480B200842802C061008B480A9954AF282052B3AF67350FD0DD30D1F4075AC303A5D490250F5400ACF479656861E4C77AFF327F3EBECA4B57B6B6C8FF62602BF150744656A87DABD7BC6BED50527B2120C001A0B3718C74F0C65CD34F275164D7968148DDF259AB8AD6CA81CDA4E8819509B996A7F64
310
2D987A401A2B04018C01E6C169A8700F9DE3B489DB2BC49C9B7B858A4F50D22AE15428FCA4A1EDB20C83492690CFE361CC7F8C8066FFD0D77AEE797977F468A36E0B0DFC87F90EE6348BC748F7CB73B5B9DD5C6EE7AB19ADBF6DF359F1DC2A0F9E44F213F8041F64274C0859A2AB7C37440FEDDD2F95BE44065F22067E3EA0
310
CC3BD8C0D8194EAB291CCEE20B9CD8E02950AD806080047A279F19024C837C848816719AC4A34DF8F0706CED904E8185753A458A27E4C1E37B5F30A104932BE140E0BF4E400160F320B054A8705042FFC47B4940810173F9C9E97240C7FCC3F3813EA239B745DE9F1B1F3FC2F9330374DBD1A7B475923F9A2ED81716D18D1B
310
577DAAB9D1A0458655AD3CA7E211867AE7C702DCACCD291E0F798013DC01BC326087775C0833E04EA3778FBCB8DA4687A0255CA0AD210C15661E4E92001A4449031D1DD27D327334BE830B64DAD90CBF537A45FBD4E94A7A88888E715B7E74FCD040E818BDC1BF5AC609CCCC015DED23877080FCDC47BD8EF3A7B783A17D33
310
F3ADEB6D6BC7AD75EA7C7852C5B6FDADA6AFEFC2D181C03F8C40DD8A4AB5024F0B72E34B57BC1182472DC80946789AFB711DB7F1193C03C893B0345F420246114D3EA71D04FBA731C0DAB0D3CD311B218F0D5A15ECC105D02F3AC32F13600084731A83220040019B03180634B5923D438300B05BAC80881F061095FED5D572
310
A3323ABD83F1D37A2301A8C930AB3F66ADF7CBEFED30BAAD7D78A06DEB6A87F15491F5AB7E25842B6B34BEFC12C8A159F187C64B3CBD2356DE5FBAB98BBE9583F0E3280C0076DA15BF34C15238145742B07080B1EFB83382F9FEF2239D003541041083C5AF9EF3C8944DC2030BC3ADEDDD9D27475800693049E05413BFB3FE
310
B4308731512F13400D06F813368A0101D8D863EB3E75FCCADED124F532AD3F123F131AB46A93DF1ECE7F96CE9EB6C365C6D6A07EEC461FC919FE288AF7AE1A7D012D291EB073735FF26BBB1C99FB706E972192819B7A34BF22424BEA1CC7958AC2E04BFC8E02DB90A4A1DD04811ACDBC181037864672C78F6C0EC3073A40CC
310
49D5E813593B7002763BC6A909D31AC86F3F6E335C9E1C309BC58F16418642E2AF6B290A34FEDC0CFEE08FCA0F56700699CB73B9C99302AA17BD516D7F1FD755A2B32B3FBE7134D3BEC813195BD355020A7DBB541539CD2C06E45F46FC0EE08293E6C0E1972176D9B678340AA1A4823404EF79B1E2347E47C35D0A2260730E
310
0B513025DC0BD1C07E3366E9B9D17F767405FB531070700035618606F0B40C73C974CFD321B0C174A80C0F3AA54945FFEF348F5488895713E89B5C98DA501E06D8D24FF04FF0CD7ECD7BAA755A854EC6A180AD13BE094E8D5D63BFD6DFA5F5D3E4DB1BA18FD8473DC6E17FFC9832B71A2A94D96E808BB53F9192955D62C82E
310
282B05168AA0927D54AB20A20A74800B7CC9655C8B15F62377CA4C91641F9F4D0478F4FEFDCE273A002CC0A725EC165CE3A149F0333E8E9600B2C05A7D15FD831F0938DBE5D0FF13E3C0F0765965A0961C3FA86DEEB0E28304747BFBA5FCDEE44C23544F7BB7BF7A132DDE34F99E44EC3FEEAE92F667A10F7E90B0E8C6442D
310
F5A5318B0F816311DB2E6DC6F172C363FC800EE09186BB9EC82A24C0117700CD884AA42023B81EA6E0CF8B3056411110D78606EBC5AD5417B45BCC8E61EA01C4006AC233933E35D860BC1B6CB9C9CCCE7840D2E0C1C1FFC11CCE54D59300F2B47D66A10F09D8E24B71B9BDDF98FB62A3B897C53EC88D16D1FFE8C649B17BB8
310
E760EB20B784F52F992544753F2CBF642CD3C9C70D8722C197142C567E74FB431EE248A8F3FC00377F5142144A82FFC28AC2970A780C85A7EE9146FA4B2981F3C93BCB0F3FBCB6DD3DE69C72B6073B99140DE28B8E919D9D9E7C2F5FA99FC1FFD07E9AC0965CDAEA0A945FADE52C791EA989E8E7A21A355FB37E44405D171B
310
98A6E946DB26AE71DBD01FEF07FD378F5B4B518724481820890E7486E3FCE61A60E096D577701890EE07CA5D7F2B086040749FCEF3F81972E510A86359C9BB579883035887542090614E5C4461705D7CA1CF84DB564838606CF1597E8119790D021080C935A908324EDE9F60A04B7830A33F0670CB08605B8D01BF9A3D4356
310
93FAB4FD84EF6754930640C1F9D74B052A7ABBA9F502B39DA3BF6BC7514EA4BEC71D752BFDC198EDA8DFE8F32B3EF811E4576B0A2074B99B070A069F60173E7427BDF285024E35A4418B7A412914F2800F1965C4F1120A2D5D2C64400563D5942044807BE7C738EBF3034C4A6F4D70C04ED1F97673C039FABC4CFF18866E08
310
200BB66BDC9CCDCC3FFD1E43BEFC52C317F0F5E64900FBFCDA4DEE68768FFF46350E0EDADB7B34DBBEDE3776BC55599AF84E312229F931E700D04478D66A0D88D09B2276141AF0F8811C5F8067DC04C0F90929F7F1AC9CCD368488AFB965C97B855A3E2E93AE5B4866502E55991B82D4388614F2C36B8484A5FA06E3EFFA98
310
4A6AF17D5C2073299D9F12FD63826F67FC460E54030981684E9FBFC22009A3006962285FDF4FC84B699FB5BEF3736C6072F6844C15EDF25883037DE6BB7AFAD6AE164B367812FA8CFCA6FA25725D99AEC5C6EDEEC64ADDA2BE0056002032E1D7A20A54CF444E360D520A5B69816C0A953CE0434A8A898BF18E2B704588C01B
310
DB2133342F5404FEE698957C200EF54E31BE6DF4E888C9C67F5F3F1B41F922777E7FA6332677C20098C59F762F5DFE4A23F9801A3BB6F8A4F66E0D40EC867E92DEFCE84C714FC7CE8DD3DD3BDBF9C781B1C3B549FAD2C89D711808CAB100E09700BB85240374A7209212F320CA577222A7020E7824500179FC7096C714884B
310
DFD9499E027ABEB3CB0226CD293CAE6E0C41A6788F396606A073E28CBE5CC67D584D36CA39D37974FE1023253E3FFB007A26F657FFC901D851130DDC2BF54884F20D5D40A0B7E5C7BCC7CC87B84F2ED820192CCE1AABA1FF24ADBE1D03635B5B3B53D4A5F84120125FADC36A0E792D3AD7E255792CD5241A4C84171F110409
310
0017DA493D0A7790A7BDE6DF326180398E4B0DEADA5C2763825E43E05C388E184678C88CE6422606C017F030366981353DF03A753DBF6370879F79889DD0BF75408724DB53C5B0063AB6568D02DC47AE4627B58D7E367A6000267E7840C23A0940B992DB98ED1C4731B4FB4DCFB6D3EAFB6CAC7646F0335C5031888CD74E21
310
03380260AD47176D703960230370FBBF28813524C17FFFBD6288BB28E4F905ADB4A788B40B4A6201C1878BED224DE9906C4C79EF32EE679B9F5D3B5DFA137327320643909A823F62106CB8F9BFE4BFEAFF0FC7A6393EC7F64A698EFF8ACE31BA05ECE6DAB6DF124118D1D13F892F3D3530602E3F3ED3D59DFB821ECFA3D9AE
310
85B1ADAB9E328DE738BF55D5DFD039445AE76D0194180F57B15BEE5F09C07F952F9A10372BC894CF7DA12CF6507E2A8916E0DF430C519485C55D61EFE209912D8C32866214E121611E22A0B1238DB18E86636A3BFAFD5B4EE02FF1E505F902BDF424D0516907BFC95EF3A76B6B3872769D67E25B548F0DA46E2B93DFDFD5F2
310
B9E9EEE1EE1DCC7FBE6380DFBF38A165CAC73DF912AD76A4690D2B766A3EB4AFA2D05BE543EA20B095FB17AE3F1928D84482049B659E671A4763CFA567C08824913D37F2F92F841FC244085C1681225C04AD6DE1684831682CE0D6096B56101C0D4FB3A1BD3F11FC1105AECF5660BD3FEEDF162B0D9DEC6DB55AF27FC98050
310
BDDEDFF63ED14B01336053A19DE9AEF5F5D9E9D9F9E19ECDADCD497BCC57681922F327EB41FF681E17C1921B04FBAE371AC69E53F98183E91B84897A5DB164158BD1D12FF6F6BEF0E02847727BF2628F9FD48B6FB11DF6928C868B29590A0606F92140D0C08850DAA7DD8A5FE8A50389F61288AEB743E9C801BB67DBE0A7F6
310
4F63BC87770FDF57AA73FE1F5A84F8DD3AADDFC32087FBC0A7D645C327B97D65E7A8BBA76DFD9BCEE1B1CDE3F5F7CE4E6DF4013ECD7CB60BD1239E8A4E9A5722AD9C4FAC8F7FF17B214AF8801950430639A08E3ABD05A0D94E253BD5951C885B0CE750309070555FF21F2EF83FF53F4E15038B8D8A244740A5C9CBC120043D
310
A0B323FB1DA0A4EDA268C05A304619505000BE10415DE898809DB6B66896E60AE347ED3D6DC707CB7D5B5BC374A158EDC343D0EA61C217D4878CBBDC1D85686782C3CF4272E7DCFB5E9EF628F5A95AC1AC0C6848F5771329EF8DF2BB79EFEDEC8DBEC72EB7F245287FD4B31008AB38EA4D52F2BF57167159E3004CD8950E21
310
7DDD6F699FC763E9D1A0AECC701F7BD4430A3E030374066938F883C01DE40E7DAFD609345E33570F4CE6BE467FBD7F793B5AF2A9D331D86DBA7BF98067918F9FCDD609A0384B523F4413B574B818C6889FAEFC5E7B8F90CEFD62BC2C85B2478D54DD076635BE434FCADE68B3ECF1C8708E27863DBEC352D87BCC7A92A8E135
310
700CDE65BC114026DE5DB68275E656D2C0D4087293D43BB4C9C14EA83C0D806783B40DD7CD4F19EE9F33801F55A3F1FD600017A6CD5DE607783D5F74E34680E7DAB98D99F6E5B5ABC7F7DF19D8278322F6A97FDB2FADE1539BD945DDF868EE2B8B70D9EDAA45D1BB0A5801198CF1DA891540474745BF0317F8A3703E02510A
310
E94B084221F887FE950272D62D4232781054A87C58D015CD45EBF9B70E60820A2056E9D4D619E8494BBFA68B61EBDD8CF52CCBA124BACD4A4077E8420A7F36FCDAF661E577B792A7E1B7E337C7CF1FDEBB3B49F501F3C7366C1730E793F51FA20A9C3D2E9F18E63DC277449054CEADA36DA0807467D45F8A744E1BDED725A0
310
33868703F1392BBE221158220588F30574A0B0893D0515B0B7C404AD0E7F40C11D504C49BD7DA39A85A19CD7357DFC966E5D92272FF06D59CA5A6A1C8AE30E52F1247C1F1D78F81887F9F3E387075B170F9F5EEE4A7F5BFC69DF02FD8795FCFFAB472E7C88D563DA514861B85BD41594A75F5E866BE69471110A9F75C8609C
310
7E6BF6C7C727431EE3E9E3773D2378C25226E82C08104A57ED273FE0921D6990E02B006BD038263BA360355E8DC446A380F0BA35FA9945A80CF60DFD54054202F91897C241C147D59F8E0FC67CD0F2BF377A3463F8BBBABCFBD6833C57E214AC3F5AE9C2FDE88852968F20337972C7E04EE5658223008AE82D93BC37D8DDD9
310
00BD6B16EF221F0D4149045D740A8A215D4FC186C658E01994B8CCD317465828704BB630DA2243B3B4ADD3EA554A97408454148C04A1A0CAAC2E04033C04073851F54380E0BF2DFFA43FAD3D6B574F2E1E5EF6E5F4FEFBD1CA87C161FCBCF5C7AAE2F726F814027BAE10F79BC3D765D61D1803952210A9AA07F8C6BB2105B6
310
1145B324F96014EF223D4A9261080239F03FF6F4DD4975C183B887E081F7A467A25EAA0C94028FEB808637768B07400A8235D4EF33143253198900E079E3FACB0C59B00F827A5785A6FFE2FCF0C0E6F1714F11CDE5140D931D707950631F3DE877F300002000494441540ADFB08704E252AADE1BD4E8DF55796A32B9B6F177
310
37C67702E5C638682737286CB0E0A89B624D5BF28222432848C9AB8C07170C97B814FF492A61072407D638006F7C8400860444C01B1930A522788045633DFA9507267A3A42BA05925BAD705CDD3792FA23C1075C6EE768A673919EB6C3FCFE7629B7310AA794CC9C0D14A1FB88F95C845BF22543F57996E0B26C9E4C2ADF18
310
7F979F8A55F11B47BC26594C52588518D25E6C2B1CCED231EA1B748F093E5726A21A54C91EF95789041030C20FD5AD68613432E19A4D0DA2505B6BD843516E10BB00AF9AC315EE9FDB39CC1F9EA59CD88F9CD071D470C86C4647FDEDDBB1CDAB81DA94034747A779F4CED497CFF817348F69F52E55490840E48840BA72DB71
310
F3E84F6DA2F4717AA928F153DA6E4C7E8E00363CEC9A2E1C8E65F298FC4A52F087FCDEE5CBA38A80CBE11FF7BC2AFF249203FFAB77A128A001B1987BD334AD9B901890A8C2005B6B248196AD09C0025ED841325B31845032E327C531C839E66DBAB39566B631C2FF0A1DA5A3CC47E665AD8751B47CFE33899DF047C9F3C365
310
E3B11278D49DF939298E09002F6430F9958803309827A7C791048CA070061B7E9A64C557D235F83EE24822E5EAB805F9862F20FC58F483DC0EF02181F572930205107E00E523861895A2811309808F2B6C14B2AA579E893753C155D2F54302007E9FF36AC5FEDBCAD47E182D91A73920CFA5C18E01F8FFF4C3F1FF553BCAD0
310
E58DEF85DD63B91BE38ECE1A9FFC4AD4A1FBA30D462C328C5A0340DFD393D3D3D3C0659195C96990F391EFF4175213BC74C020922D4830FE215E76940962BC0713A3B82784C0CB6623DC40D6E1485BAD454F6892200B225096127FBD82D2B12006BAE2E329C771E25FEBC0DAB3B5395289D56D7A8A89081B34EE06F80F819E
310
FE75C67DEEE95D227E283FE98A7B9F1C97D2D05B4D07A469153C3DA3048EA68FA667A6D90E291C7D7E2D063E4D044964D055F2DBF3E31BB851AE9F78A0A7314F0AD24901F581D74A6929142039C65AF5830D1C809536CDC05E4BA51038F79D713DA930CF18BA3010E385351CF47F74D439BCBC793556A1F99814926AF12835
310
E251C59BEA3C083EC2B2760FEBDF4304C9EB87B35769E1EB24B648542CFA4EBA9EF93CD42F03C08F249A2C98897D8E2225E90077823F4A52171A61219998CED6FA050992B6B0A74A2220ED12123004FB977084208F8E2AFC80F456CB110BCA647A3A0F854085D84FE0052BE31FFE7F925610BAFEC06FC33F9931BF063F39DB
310
3D1BB20EE357F594045F4226131578582CB055A59A073AE0413989D215019B6EB8A21CF154D71164E0D8F4E730C2CD382D098DA5261456A425643686BC8301710F2C50665881399156AA2B4C3191BC555728384800CE10040F746A3D8A80A5F0E500A93456FEC52833BBB45203DACCA37FE1D3EE4B9BF0EC27ED47D89B8266
310
F11EA2DB8B5A8BB93EAEDF0C06B7AD0402B9EAC6E787365535AF19F15158308A9D9785C1BC1C01377F8C6B4D07B50DAD25649764A91DC9812C7B34CA98184084F7C01055466B48058CD44085AF26648520C85C41C67805462D8425680425559F4440F3ABBE1F3F81B1EC72708767DDC8FFB6465796C8FE310FEABE0C9B242A
310
74137EC3E0427091967023299BE5D6D4D0C6D15747DC2AEA4ECC57C72856E827D33CBD319D70FF854369EB841282F84B7CA4881447ACFCB257E252E00FBB3272120A75B99119840858486615636E0E0334031AAA8C08A62E080053A0AAA4158431EC727A084021D41CF5D630C94184F6FE7432E8F5F9A4FCDF3EA7CF136FC2
310
988093F98ED622E38E4976E1BF0CF49D2889E6DF3566719FE1F9B47A2D3BF89C69155DCF24F88C609EE551160F0415900B4C48FB013D8900A9192A700748002924771A3686A0A580FE4009E00ACC090253E280B90AC15048E047020483A038A60ED232831F2CC90498648690D960C48E439F18F4DDBEB0B6F5AC7B7B89F623
310
0243B4FA160A7B9327F3AD5D937C8BFFE5FF8B3A5E64283BEF8EAB9F71159514CFED62DBC880614AA1F7994CCFAE7D8C87057F451733699B8DF87056E1F0654B5021E38097E4E23221B810DE20559AD183A61C2C88A648DB096081E9801CA00BC1DA0124E08DAAC15FD2936905CA8DA1C40E42B13F1764E0C4015EAD7F8BFE
310
C99A310B1B7C0BCC7746D3C0702759C89EAD57122092122D1F857067684A578F1DAB7EAC400841F493A468113282FFE42316CC74C756B1C880FE78795C692813CF4644480EE9B02991BCA257A71861F00666D9410288487618D120D0E80D7773E2B7DD180E100EC98B221C94BFC4FF531A09B986230F1CD08378A8E4D0FDD7
310
D9B1BC75F5C12EAD7FF83F3ED19EB018620303C217A6A35D826E72ABF2D8E2BB1B783F6E48D2E3F360806E1D192085D022103473A10375B63853EC54F500B5B064DBC20945B88160DCF7E4F83A0200BF6FAEAC88E9F54D22D898E43F378D20B51B5D6B1457000922202800DD401A9266483029C0D6D57ED80D42A0E6E08835
310
F0F3AC73D7FAE6D56185F04FC44472B854EB7D9CBF7134DF3DDC35A9F6B38417DD6F508B37C1A718B0D054124176F7222F62DFB327F34D451799D56216880193254FF782D7DDE26C271BF38C6E422E271CE4AB8823C9510F021126A7A944E00DB4031D013C88EA0746C96D4574069BD5439C4110403B40020C30B07A604F1E
310
41D19C21A93FD9002DFC35F23B1E7B98E95E38387E3603FE7393680410D702FF9ED5A3C5E5CE68B5827D721FA78F3A9A0C08A79722D9C9B418F46C0057BB1640C70AA4A03D29CECF33987596D53CFB27B32C3BE304C540E14BF8464E080918268D254838C91A01F0FFB99154FD8A9C0495EAA6534A6C464440B4A71E16100E
310
7405088122A35F7A511DC003D002E6C8E7E15F6D1D2FD09014139EC11FDC89394621F77B9F88EB5A583C41E2FEDBC8F82334494C0BFA97FF3C3A34ADE60385B60E5A30CF036E5E75370BE3B83AE73B3B7DC0BB337DA0045299ED0C66681E4AE223D01B1BC3BD4C921E2005FEB5114739040758189BA8A320067B62A3995E47
310
20055065AC2B4A8006BF8CFCC907C0063EACE41813C5F017065AD46CFDC6FF1BFEE052932CA3478C8E5A6F25DC8503D40F61FC1B047E4DFFE8E84407C81F1AC7B5C79DA358551CD0D13785A9AEB38D6EB68A0A8087FC6543E7471082873CDCE5CBEA1EFC5CC0579469E225428E9A43D6A6000B4219DE52E8DF00A55F4BF503
310
5960661C2DB88AC1F67C2890A93FC420193C8326409E7B595FBBBA9AE1D1511B3F6D65B09AC10A71C2317201A603E88C56CC68C91279E83F5C147787EFE6C675F00941D23EF092920330982DF38C65EDFCA89DA98E8ADDECCD77CB86D85118F3DD9884820B1128010D02F1060F582871CC8FF42024C02239273A1CC3BF71E7
310
70DFB7E96081682803188118B50310BD620234F230B12711B063E0F0490FCDA9248B580D3D3DE944A30CFCF2A1E0F6E59E8FBEA289CCCC943785BB8880ADA9C2FD70F6A13F5418444E3A669273C006C4B4EEEC067827539FFBEA9CFF04D84E7F170480037005AAC8829084329899F90B5E013927F8E646514B4824B01D11F7
310
2C012CEACD163B6358A4454A4221D06E68A71062520649BF9E9127D0772D6E5EADED52FF216BC2FC513C7D3C5CC4C8AF009811826AE20203B076A2AA66D8D32E317DEE0EFC000FCE16D9E0BEB17C74AB009256C5D8AD1CBABBDA61402612C675FBD72D07E633B1A42F2421208CE01397560811204306617A5141706105C9F4
310
984C459F2D0F6C392FA05BED808512B0B9A8A9FC6CED89640EA347D31F0DF76D3D9E61E800FE9F7601BE4C9614A1C58E6C839F13A12D0EB426DE6386B82369A9E6A7F1F9146EB578A2EF4289AA109B4F6CEFEC0463E0072A05CC9DEDEDFE08407B173B8AA65399C80B2911252E6290C82CC1B8909140C11B7AE161B42B9390
310
5045D017E00CED6D27AAA15F2C2179F1E83D411A7020B9408D202381E7E5DEE5A9E7E5CDE3B186433F488AC81554BEC09BC579018ADD1DCB3D9D70F02B14BF9159A4DA376225FE43DA224FED327941705DA582B2FD1BB5DC0540667B650BECDD1D5DDFB0C7F36DEE2B94F6EE2EE4E426F20A1174C31DF153321A24114C4FFF
310
25E505475F6906D4149B21F1BD9D9DF7B059F8E0FD83323CB97991FE80EE131A9003B81C491B218B1D42C0C0D593D9D548003839DC29A740298B0C23F0CE14BB167BD61989AEF0B985C8FAC8F923A73F31953989F0F6C96CA6C4D0A9A88184BEDBBBDA3BBADE77CD8E2FFEDEEF46184A86671D7DDC51417477BE9F04804F30
310
5AC82C2D018A21EA903866A0F959FBD4139916D036635EE03DDB7408BCF0627A03027AD314C09B0A27F0A79490D53839D0DAF1416995CAB24101FA63F75029D57A4CBBA9FB4D120ADB17FB5A999FC9420DFE04FA670430B90FE7F589F7FE8D50A4B5F004CE5F07EB4EA007F8AEAE8E8EF7DB3BE2F81F42166C7246FA9E62D0
310
2C8209BA1024414C483498B50229FD923F2414040B2081390AAC353B5283EADA12A30B1080866D746B9ABF5BC107F33C2A015B275480759334B83AB02175EFD0DEC785DFC505E0064F4EBA5A97073A74C5C9FEC97BD25D819E28AEE661FD2732B8BBFB1BF13441B3C1F45E8AC1752BBF80C113DE960E0AC7D9D02C58C80505
310
A19BA0E84B14402601A590A4AE00A825E98C3212342302EE10FC5100681F86834A2804BC409D70270A2091DCE874B16BE0706C974EB3D26EFEDFFCA6C4579AA4DB781708469F055532A7046C6BEB0CF39F3ED2EC4FBCA3D00EA91CA68FD2B87B5C191E0EB2C300F00A1C9881F263571C6CFD83D079D09F176FAD839340CF03
310
0F70458F81F09AEE1329505150CA0A00576B56C06D58070B23086F685E44232D9D53DE3FC3731044F286D19F459351863F749F1104198D6E14BBC68E17CAE70D7AFD958E350BEBBC70C9C4DFBA075240DA27D40AD7DB063A097DD3F041EDB3E4B682A7A12A548F3393DB01945547175879989302521EEB1431B08759B632B1
310
74E0F700E774FCA1BB83F95029ED1A084288C8893520E49415E00DA080AE8027C34206D35491D050A4C6B080F6A20889A2FF82379AB6234F6710C05F9080ADF002B9C9F9C583AB220F45D618D7E7F7547FB27CED8A8B7A7D24EDA4988B0C1C2A1AFB53FDC61BF3DE50D63C560F0120B0372F0839DDDAF13E583B868717C1CB
310
8CC71D1D7F440CC82184803144196EFD58BBE00B7EE77DE8C015942357FB06FC906A5E2B8882CCF9FFE184B0035A5CF186A962A63F84B3AAEE3D5A2C830008807568B6A9F424086D2095A3E262DBF124350082C4B5DF4704A9D2C93553DE47BD6766B69349610716999FA25854F759CA9792599D3837ACF6247CE8597B0F96
310
0FA3EC45B61715050260C5844FCCFEC9666BC71F875B17E3BCB4CB151405D7D08F846B4CB952248B4603CC402B609E90F0044A007FA800EC46D07A51232B00E5683C55D5096E1374DA4FCBBDE2C25A5B8D26008227CA7758033D7D70DF12CAF7F247939F93F1CC63047D63ADA0B7CC8771B234D8095FCDB577B586D1834062
310
035670E204B245EC093FCBE15626C10D210CB38A13F50E10A0D5C0814B0C4B30AA9858516001669002229618F100767AA3D6D2528595FE7A398C2D2300ED0013A0AE60B91644A057327BD3C36BEBF48C91279B45F8BD145494674AFB211A91977CB838DF35DCB3D6D6AA2FB2784B591ED785DFD7DB77747DAC9D2F7674810E
310
FC2895F9ED8007EC7885101679C06F21E4B1C8A6120956F80518D1DAF1717BEBFB5803E20C6F2A11B2E48AFF4AD2810A70054623E341B3D1ACD92DA91150DE631EEB2C28882D092049C0DD38E262A7BD6F98549930C9D44B7C37028AEA9F8C5628A2BEF5704C0DCB2B428181B1BE766F43014498D2E57791E4C8DA6BD2ABF5
310
003F0C40202E2E32EDFB02852D16C30B7F646B98FDF86C7891690043128B0A0DE6B4EA27F08C30CA34C9D0AA0852A5997F8D11A6EE84E040B20472020256F4AFEBBB74E6705A12083B249089218E6452C8E5A69717E904A3F5EF3D5D08EC1F4D4E85086B238CFFC11AB9AE972CB775616C6D1DE04DDF073B4DE3747C41FBAE
310
6072901CAD0237100670C5A00C2C3CE063610ED824826C1F6650700E88C00B62468903A0D71D3A390255AD7040048348C56C4647413C2C2561216E0C469203EF06A5B101AD40D0E207F78B124747DB5B4BBB4E88B1C373C114E0470B345156EDDBCE1B4DBDF81DBC400746B0B54E05F693707B89A5E430982C2AC7D10DFF11
310
D5B102B9505034B35D07E8E5F585757F088B390F2D4C85CF7218E8418BB4F25B885053D07D5A908326809F31D6CC6B77CC948413B28664484439D118DBAC27DB5AC40C1AD166F25E6A2F0AE82100C0BF220405323E1FF80DFC518CACA8DE1003F3C9FAE9C7B2D60703A0004F8EAEAD2DE0F5485452D15B77B4B67F4C2403B8
310
D8F9C533558ADE058A9E177A1698F75DC0EB4C800F74C0270178C8579C1FACD025F0560844502D2BBC01E620030CB93636C1041636A693949CD80139FD15BE107F905590A292840F8860706D07E2970A2F15E5B13B87C3143CB2930374CC46A6F9B9D7A5CCCC14E11B9E879A49FBE27ADBD6DA82410FBB94FAA8487D61B51F
310
4BE0A03FD08743C31020D6628ED20305A22C2C2FAFA7ED1E7881C438AA5B9035F20759E243C51F34D0D5F02F11403B9E204CC1686C0B6C9000470561519CBE1B0E4FBEAB37A39EE4B84C05F023858779341991F36D9D9F351E7BB3B5ADF00148D9D05784F9AD8B037D48C01BFA83D4247F03BB768BEEF973A14E610090D4B9
310
6B1EEC5C5E66928F28EBEB6CF578B067DD83086081579848E60DFC7684044D8174993C39F886043481F6A2B743B18749E52447CD4D230513032D20D20206E536E15BCF7B7D211634F98FF9986287F33F9A94615A5A0A7CACF8DF5DCC1AC6EF9AF1945EB78E0A2FED1DA2ACC00EF983F9A012260BD722EF61C9DBCDD8719703
310
ECF839029010CA0B9F100B1D2842153E01A1A3837AB579516A31982FD2908A09100DAE591016CBCD4B011A2F4DE299E1338CE065DC4841BF9895D8C81714800CD08F5AD39601BC929B55D291F6CDCEF2AB40DD5D98F4E6F107C47AEE4A09A079C05316F479DAF4C2BAB83221BCC0CE23FE3D3D4C7BC9AB673D89A3677D6020
310
F6E182332028012FA0FBE0B2668FB85485902A8E7FA0BA2105C213E20BC2169211A4BABA7D693C3F1DA961F203694853137073AD5CD25F1C017DE0477626D7BA55B88F83B5EE513C41D814639FD1BF759171F4577D3CAB0C3DFF68B2D3B1F8478C18F67BEBB2598FA76A4545E9E961BACF657E0791D2373030E0EC9FAEDD17
310
BEA7703A738185D08236C407448A4CB504CBF01FF43859D3115488EA01B55078000DF085911805790DE1B41B6F8CB2889C3834FE02AFE07D85143C6C008438A944EA63E047023A7EF37E13B0903AFEA7BBAB9579330FAFDAACD540022980B65A75FBA17D388F1E6576405CCE7032D95BDA420E7DC0EFA320879E5F8B3B04C1
310
D2D9C1114210C19FCC49DC6A855E12010184DB8968109ED016E4683CD552A36B3AFA13BFC2114068935A7E774CD2C7225642B73325938052D8634ABC18DC9442BF9E0402E85B42F9F3273672DA8E8F1070405D1DC3248487574CD98092B8B956E6AFE1566530B78FAE05B4A0DE51FBAF85DD075C7E11939F80E015A58D1F87
310
E400CFFD2306C4D1D3C634380A201545A92BE01F445800BE12302AB477BD6F62600D211232EB061448A0D2B877BB940D63D059C37E0569A83DE93E214F4BD86209FF6F479C640AFF8AF6D1BFD987D029A94DB7C329B4184D4BB013BF912FB88FEEF913071A8D82B651BC10DB067A7EC52FE1B421883144C00F64FA23A11CF7
310
08BF16CA59F18D4C04B8085964B2D8DA4A855187000BE440BC816FFB13374640B0EB1D0998AF38A1AEF503F14302E2811081FC12EA6CD38A63B33035125F40F170C0B0AA45E9FCA38FC6D688D48563B5C4B4B7C359D3C7AE0EFB16ACD5E2FAA47EF8307044B4EBE1C71E84E742D81431FB06B90B600B9C239E277A57C94C42
310
7EE10E7826980C0136600D916A06058CBE8604DB4D314FBC014EDAACD0820F14BF75449B70339490FE5A0491221BF95F949DF1235380E969AABDBE2D32EB4403D3FDF17F42F9A0A7C28ED75BE86BDB7C7EC80C76F86B8800F77B305EB88F00A4352E0F8089EF811EA02A3DF08F7DA008F803BE4B4EF5F41E56087099E92070
310
8C3D720916444440FDFA013D4E1201414123A09290F5BD7AB729298209C4306D007BB0829FD4EC3A6D7E4F00B67DF38CA0764F832F0448E58439B952CB4F70DF964AFA74CCFDBABBDF273E2FF4F56D3DBFF2A78D42FFF2755DF307066497F44062AADFC0CC546F6DCCFECECFA232E14F408F05477D311B683A35BC245FCF8A
310
5CD2AF20022C21022266905A5BCC8B20235D6FF04019CC04058AC80023662E25F342063165956320BE50370F2A657BACC817DDA3DDD3EFE04028645780A768FE38DBA88BF2EF3ADADFC7FEACA952E5A77568ECF0C971DF32BF1D24F8486B22A649EC81B1B60315CBEFC026091CA45F858D7D04C1B437079431E63E38F88075
310
8842E780A9E03791C0FAAFE10012588C3C592FE35461A6047802BA18686887023A422A49599399893103942CF6DA53A8E387825FA0678B261F139F801E2B17C901D0F5217E07AC2401A87D0480F753FBED44FE949C93A1D042B879FCE499B3D861AEB23F9C1F372F0C24D0B7D6E70FE1AAF60F84BAE642D82F0A9F53E22783
310
915518494FDBC0AFAE7DA282E5050B703570E06319A015E00D693A6BEFFAE493941C3B08C13B96BD20D0115A9565701DC58568A3009DA13E965765C03091F0FF339F7309D44F6E61F837F1B1FF920450EB8FC48F9B40158BE89C81A597CFB0DAF5F5755D3886DC13D4479599B583758CBF35663AA234F133F91D3BCCFCE0A7
310
94367F385C59B19431780F1C099131384056616E15A1563B50021D369C593FB292685A68A8B2A50A0A2085CF05434617E05FC24A6B077B990014421A68401AC4D65788EE25F737EB780D08A6E38F060F2ABD889E1B889C44852C2FF368C1E3E710D73B6589EA83F7417B341ADA1F639A23D15298F087AD0326410E116C3A1B
310
325218433C71AE62C07C1480F1C045629724A076A4BB8D622D24690486727F56108D07046DAB065000678E04C4F8C342DE27F4AC102D854F2D08D59B4ED0E4F697B0FF62F113646BC5B7F3131D4EA8BF8B265EA3F2026E7061B96F6DF3D993276B2180B8E57067587428579460551049049B074CF8B1066C7E14C705F0B392
310
98C0997C17F701097023BAC31081390196801FB0C2A12380042927503D5A01CA127F9841B460310639C674BC8CDF1A320501448E0068905B07F6E5602F8C1F07786253438CEC51AE61FDB25FF71B09893AC026A9EAE3F30F369F5D5EAEA5801FBAD3C98B38C13EE017B054F81A56F05259DBDA64FE270B1FC4C77200FE276F
310
E814B916E222575ED717A62A92956504605268408CFE13FD61F84252228376060206802B9550F00B9D47E6AF1022538A752CF4FFF1F5931384A9FF8700EDD4FFA2B93FCBFABB3EA6C607FF714B0B8B04EBBE83B52B246092AB018C0D0002FC490849F1E214AE6FC42009D6D86616C835B65DB9862EFC4480C14137603C3089
310
D0A5588FA27E693DD184131BA4E88C35045ACEF1CDE1A82323C20B842F2419604821196EE8185BC834AD44F8E9B7549A32900196E9ECBBE20FFB4706861AACADBBFD9B56A23FFD3AB8BFACC18B1B5AC0ECD7B6AE2E2E9CCD2BE8AF1B1BC3A813B94107E82DE67A42E7CC7D4A6116700B5B2EE3C338A09B840F07C40A64800D
310
7C605AC42B72227C4C7020AB1F20056E26F542717F56534261DE3766AC10A6ED2D006DD03BA9DBA507AE0510A8B385C92363B9154167F1230C40D76AF6F3BE0CA08F8BA2FFBBCEFB09D0986550E0F0EAE2F2780CDF850CB0F88CFC2815FE87BD83909F474F45DD47F1C821DB2107A8817FD45384F57891B65F2543D0C1E20A
310
89B4A8DF806862AC27C60F6A054627FD344250718AC0FA21CDC4E28DBF2650D1B39D8B8A420C348A4F846E2BE824BF8C45E1DB8EEB52F576F47A75FF95F90FCE0FD3A7A08D48D5B9AFBE3EA658E1676FE3372FB57F0AD8D70ED4AEBA3D4C2BE0AAF1C3AD63A6004D12900CFC481A47430C9EACB390038642C8C41B13303166
310
614210592736B8603AD4FAB17189DBB32F3915F0C380795A089A15228460BDE8E52203527D41B5470901B088D84FF8B3FE2BA7F4FD30ACAB3DE0B7E2FF95807AB0010FFDE3A048F7360F9F3FB9380EE537F16F8673131325D3351A3F664022020811A0FE8C019CA17370725CBFF64132025DA1BE2555102212E80A907FB43E
310
D80A991A8AAC183932C19AE17524B06590B6AD286EB99BAD18FF4BD64BAB519202F992A963648ED30E7521F909F090C0213E367A77D8836BEB6F34D92EDA624183070248351F1A079E5D3E7A9EE81F2CE6678F92E299EE312B6C0572C0A7B5EEE07853612403813152C7125E2022A20C18F855DBAFA399817FC97FB6E1CDCA
310
31D348434ACD0012F0D32A5456B4007E6E92D72B1A4E9971223A42C1042819E4049C0C5801300C0013FA48F8944FBAE71DAFC27F1826FA2304ECDF3F6C10FF47D5C7E49748DDD687DE8E91C09394EE0682A4F84CFD6067EEDF43E67EA46CB2F4070160439245F00343D03BF25D7E2F26FC400A896DBF19FB8D4D0A66DA669C
310
3D608F9CD048A0533621B25690EE19D5D15248E390F042B12C682511B02BFE3E5700E4C9A9B2107A8F45248FA48234FD23005ED1F4EFE80D1320836F04003BF42856D478D1DCA3ABEEE3C68F9F30C3A16E5C238EA5DE3FF37DACC2F8B7980033F47FAC34421EF0418A045394802CE032D61C70023D788136788613887C0011
310
A4EA316E005718AE191F8D0D841B9C679CD2FC478442D005429166F5A24403B1E6ACF3298F388B6D0BA933D92339D48969A5C11F09B4FF017A9900A4F887010C474717E10F36468032FF33F4AD610517777104CD920C3CD15FC5F3B3A0C75BBCA3B00F2724863C10BCD4A0E00736C7981F2F72E4B001438B99714FCFAF713A
310
2603BC710376A1715FC602022202E06FDEBBC680A3DF1C4C095A12C50B554FE7623B50374FB2129DDEA4C392C9188077658C87F55FF92FFA507FF03FC8DFD3F31BDAB46DD51AEB03F7E1B38B8B87CFF47EA1479C3EBAD5C6B382C221C0F1B358B39D76D9D3142C4A20935F541E492E0EF081BA41B3620A8E172B584EA14856
310
32E22A8221CEDAC6110AFA4B6D43E2B76A18AB240BB24337721C9321D2C033B2D3E2641A55A400A28403C12D1DADE39AD23FC5FC08C47A64DC3FF6DFF76B5235124022D7E6D6D5F3CB870F9F31C96FE477FAFE54100068A3A87FA5908A2C08011CF31309C10025B089FEF9C510522B8DC07C30AA469841723A10C08E27F00F
310
7FBC181C083F2809EC3B2B328E294AEAD5A071B3A95C81D2DE3F930372D022C9C793535B92FDAD5426E90490C3C81D000017C6494441544698C416520C1C40C71FC204B22448FD9303782FBA67089A1A7D4CE38E89050FEF5F1E078A4DCCFADA058032C34C1CBC2E1202B1F8962B1A8024F0EB7A11F209E96FB369D4B64202
310
FE7BA230AD24C46413536EAE955B341B726C593B5D4630C0BE822480908522B0D85430230352618DCD4F7BA6D568BF4343801480006658EA3EDCBFFA9702B4FDE9022163C43F9B72B58001A23FCE6F0B3FF0E4E1DDFB9801A6FC42FD0132CC1F2224F89933107AD30B6C9131A53818AE944BE25A70810821C38F098411980E
310
46D108F483DC63F49B91B852351604091D60546702F58A3872A1716411B642C7629C267E64E77719F46B0548FD6BFFFC86A38DBFADFCDF700228C124C8664FAA02BFB1F92B09800876FCE4F2D1C3FB4FD0A44E0106A8DB8079751CBF0BD9340066C3D52BC64706467C05B5A54401BE4A1B0132A55EAC1CCCB10D378A3DFEB9
310
812022327745EF2102886A9142C812A1A2C9708027BB55B7006357459F9C2080E0BC34489FC629510F3017B62D5073E2A2C64048A0A42580E413BA9E08274091A398EA80B5BF31C87BF5ECF8F1C5DDFB4F22AAC181F070AAFDDAE5650C4000516440D8806786D874215149E69ABEC43FF0EFC820FEA112B0522003C84BE03F
310
B76623513B6D840820358B084119B0CEC8C00AE888826339A54091F5FCA513AFE147975BB1A86FC50618D9D74502F0C7C8815AA306602FEE3A5E79E0D7DED1B221001118B73182CD439A092FF801105D1AA14E1918EC282F6260869D55108065988BD67F68E5581720A708051F7C8070F582389C682BE53F2AFD85853F2A01
310
3D21564028E06E79B7A71E43212180A81541EBC88F451E02385100491AB0C4A3BC5309A95911E66D04C0B448366988ECD204C2FC930F8CEE8FA410EE4C25B58DD1B6EBAD83F6196670F7DE635282C0A56A851AB035831725F0471A10FE52097089C80495804100318405F0DFC2136004B4C40705EC9154315129205EC35793
310
0035688F61AC02188250CFA9A980233925F16A117A48CA54DAB6400221976B75D863330942E20EE3B00B08FBB71AA813B0E502FD2B023DF70114E0D7DF2E2EEEDE7B789504200112075478F2FBD6897835C91F0C20782401E801A2F9142700B74805703426023A81CC0BE88B537D0003E0C5181D29EB8D83050964DD258091
310
0A1E7A8138F76253DC01DC2F3824391AD748276C0B0CDF12366625D038603D0003E0266CB42704C8CE7FA7F11B4D59C0BF454A78F8FCF1E50513715D469607031272358F04E0003C90107223A581218F10008B10247CD20D860FF0BF48801040B361808148714764028EAC137E871501EFDD97C89B52107FF1235B0928C562
310
530082573CE137840EFEF82A0BDC602736C595912FBEC69E6A3A26903B3A300C5A098A9E3F1810CDFFBA019D97B4E7A7A075850F2E92569BD960CA7B8304995FD006FC4213BB1448A6F4BFBB3A9F9FC4962D0A1369129B10073771FEDA38B1737B663A71C088D8848027FC3008DAC4E4397A6F76271DFFFCF77D6BD7F1F67D
310
A51E0E08875A6BAFBD6BD7AE52CC04A0B4A2206F650EC412841A48258258E8662C3838FBE21E25172C2A15A4F78D82DCF68A005DCF07047C183E1CE47731BBCCB5469D9169E0D588945BEB637E87802A03D88FB82486210D28FB3B858D13DC7CE75F5E6F3B03C1744D30CC58C7C7A256146853A05243060B850072A7010CA4
310
7CFBF9A1E24F414037B8781E8E9F219A774B36481CB43E48A79819D638C8760D672FAC19FB9D3FC5EA9158DBD0159C27860409682E8FF2595652FE189D2CC2D7C023E944158355806FC320087CC74116030CC376C559C098B93A041C5DDA48AF33827D2327DC761D19C17CC62780D82A170E6CE7415A5E7FE825E053048F88
310
D2AC2A561CA4D4C60098DA28EF1A01382772484698F60C8DD24BF396EA76260542810A625978C03580A9CAB91D10249BE579B0377A3DD15749A45F24C4D81FF3D7D7996F6A1690288008C0FF6CC186DA9D5FC95BB09B1301004B016E707FDFED306A1BE8FA208828F00BF342186839839F1F6FA338DC5A0200FF383DE92614
310
C03A4508DA18F4D85F9354F7E867AA77A42FF49BBE6757A1A7454448D0BFC3C220714FE43A3D8F1547BE10F0BC5A05985AC3C28829A06FE24CD062700601F4AF12AF99099B08E7071DC4626A97C920C3FF96E190C9D1FD7CB6163E800D79E5F3F10A9306C02B799E80F1AB380E0571A584C0370A220C3125000B500900D96F
310
EA40409F980E2083E4EDF4D8D2480AE5667222E020BCDAD4EF19682120818FE18EC7FD6AAD67C03F7DF1955E697456F517AC4F24700C30171C67E9168B109A4F60AFA60F98BE30941BF776DBC7C70792A2FBE98AAA97224F8BEA39B47BFD14A8CD03320DA2B676E3AA397E652E30A42CE2987B7DA1EF7F75242413800A04C0
310
270C62A13372400B435ACD84B8B5009208F5AC73EB149FFF3508E21C2201E0338BE07E50EB47E7FF6D97724A601028C5519073E7978EC88834410450E074DD58AD13A4900103A6444A9CB99103229F0EF8C0C78161EBC68137240734CDCFC349807851E0EB46CE864D2E405ED341B71A390CF2DE20CF5193189E1901E866D0
310
230409684B193D17E2928534D04240937D3C84477494FC5E0FE0B448E35AFC19007926C1C6A6E622FDB8A12E30993C6710E070397C4B26304C0AE38218D19F01FFB15BAE1C0E7E74DF75F2406E373C414E848FF8E500EFAF3C1029C9C0ADAB2313A7426CA9B2C1B9E30032C84EF31A09A88A386F136E8C2F1D582EA0459207
310
015F10F1F001F0B1B7DF7222011EA2001F00BFD36BAEE0850928B08C077030FE3806C880EAA74BCE0863A952812E6008B3A89199C1EE918AF96AF583F1A073B0A355B9D861AF1460DCFB3BFC6B7EFDC834B09700CBED3510E48DC7129041C991F06BA5006CA6B5B34EE21501374E8DFC910042036111EC9C7CFA1C05D48A72
310
70F7F835BF04A4194DA4CF76CEC66718C84CD020D04C412AC848F03E3C61A1C8D50D0EA6838A00376054D3DF61A0E393E1F8B058A6C994093476D601A4A06F0CFD3C0A6BFA910E75CC10400A80FDA93AC9B5EA4303F6C0D188B559086091CC5910137772E14F2376D03181B5CFE74C0EA38440D0AC256D6C4D104CE05302FC
310
C00B60B9CD4D71E08BD40C144A025E60D4C1F45FE846A2105D717EEA84808A5DD90A168E133640311CF05DD870768683F5D2F1800F485AEBE5CABD8FFA3C0BEB33702493AEB551B1EB035EF5C8E5757FA7832141F88E8578A363802B560007AF93D7D470B478C4D00B412D634C9140C4F9275C00DCE8DFE3C7F8C0AFBC5B2C
310
E82E3C3BDF393D4375D50C43CD1C17E3777CD2C170725B7B42B41DF15BFC344DAD089C1E9118522B4A2C60B794E4E8F33081BB7C8CFCEEA0B2015E49D586429C6C78646180B7710E06018A3082243C275F077FBE412C17DE80D3E6B9462C5204C5D980D1DF84A864401C483CD01B143F4A4868087A0F780F37230200A4FBF6
310
AED325114C367C22512750A5C7C3E32D545CE20A0904183BA10015DCAD89864B3E1EE97EBAE8B204266A48E010511838E2FE413FB116E60880C2D8440AC3880DDA6DF6618C138CF1CB2A09637E18D00F80CB0DC05322E31EADB8081C29410903F06BFCDF5AB46024E4A75828056440503C707856EF0C037623DD4922A400E8
310
A6BD75E4D2800905F18450A00CEE88860C8964C7B3F90F56528BA18F71CFBBBCD2D05797E168FC37DB26DBE0DD2EAEF39686C18440820013C1444055402A541400DD362A0A402F1FE51246404E098249FEE30708C10CA0B54601053159480C00BAA9B1223A773234FE72FD5C3BD81804D8D196FE3D5315A0C981D88D04FA01
310
DFC185CA93F9120E1F480B08063364A0A318F08DF95056E4C91F1150D31B011200383502E079EE43CC18603AE2F88FD139C802A739F208E88D06DC78267C448C27C4113C19B0F51B0E9C1C021CF8F9167C6B1F2E10E461002910105D1042792D1CA303F469714C018C23D72179E165049C40E801CB96CF334562E5807291D1
310
E0C70FE6CAD91656715F0E5C5E70F8D7F83290549B1BAA6F781D25180EBCA93EC84E72A74081CE3020789B3790E1A9E478E658C099BECFF01E530E80EC5FE31204ACFF70AF8177A03059240CD074978A002A878BF883FEEC81DD684E406CA630ACFDE87292822A11953710F000885D6F68A67ED40CD772B0828359B753F7CE
310
23D9479AB9845771B389D6A77130F8C134EFC83947392029B10E4425440A84AF0E54825228FC1634D369874739C837A9DDC83C20D320C36042610ECDFA750303710224D01202488012CA847424F8D53F78AB6BECE9B3B35A7F32396AC6B7444566327DBB4DF06FD9616744F4D3A397EB3B0A3FBA8D763702883ED742FE5CD2
310
4146D8E353ACCF811C806AE09914D8446E93840FF4D6C963FF32BFB6AB015D1D3B0C9A0968776F021F21404B6260CF84A14F35180CE20B5E85BDA2EC91FD5A7DBA7E5705F4F0F97AF26CE18E3BA078138202400A62930FA6CC7882F911A92F33E547E64990B0F27323D73B6222863F86425153FA8009361C675554C25382CE
310
148420C8DCC47A20122806CA178A0918C14CBD33440289078A00EC6070184CA9907FD0A1270478E0B325B67C2193694EDB7DD0F3C238447C8A11485562FB4902134E6AC952FD5320A4F7C780882DA9684285CD81D278C0E8FF8DEC9F45D22DC3C2CA99C2728110888799575B6834BF22B0F01EDE72D7F21B672C40F0A97299
310
9E2200B7C91403F9BB3D09C01990819238CBAE5E7510D7D57450507E3DB04AAA0A3C280064E0775380C8C16EEA4834346A04BF0CE847B4B3AF760D06D24BBB267C32E2C9257DE5EB748AD101AF1FD33265E2B674EED8C01A0AC901392211011AC810560F77778E85B13BAFE3E25C95B70919A4862C15928BD8989664AD8638
310
101D009A80F00BDC41AF27602A4BDA0C077E550048E7F1011410F01405045E1C140B4D0E70E0F6E034171C3D6FD12004FCC1FA304312518910356628A4A326EC9ADF5DFFD1B2C0399503F14B4F8E3E0E4E39A06ABCB56A8014687E86E462BDDE5124615ECDB412B7314F62E6E0C76ADEC0F717B360E741960104CF1706CFA1
310
8E0605004B01AE007869B095ED92144A807841EFF2811C047889A04901C809062057192688C92346F97F279449F89B113500BAD282D1DA80A55C27EFFE02C8D4F395003F285B617BBF0831F49B055342DDDD414378E8888E92C16789F269A27C9A221FAA4A0DFDDB9F935B2ECC04DC51481558A69301E0460B02665AC4DD30
310
C03D480866C3409400051811876014C0F294C542821AB045011A3E3F09001FF304E3A0BED05CC11A811B865001769507FC01ADC611F400CF68C7B093606E30F3C7E0F00C1D10C31951C1E2D7252181DA00345842A19130715C736EC9ECE686A712FDB31E4D3E50AB336E5666D7B212C0113C4A4406029709B43D0228F3FBAF
310
49921B19CA0C82A2D5BC4A2079809240F37D3E10F9637607C3983F0458508A98B8B4EFC92AC13530180CF55359500080061DF59B98BB3FEACEE881DC8127F182A885A86FB12B43C590A4380504E32305E3148BBEEB2D2782029765428092545BA5C2C681FC5F8E869C0EE1034A822FF09A12C94084505AA868080303473F81
310
61F7AA0A6610745E280BE4427FB770106F8800EADABA19F453210435BDB2348471B13B65F2FCB554827632C4C44467333E4127095D22092ED492009930413251B5408345065065E415266E20279A40B3F520370BE2050C8360E6BB4601C1673B9BFE007EF5200B6483CD195400A783E6DEA0653515B0FCE8E86D1618FC1EFC
310
15C2E727F24F2A2DAB57326D8D0877D4E298894E7A0C3C7D9CE8A0E2D17AA2020FA1097D6372F2A9F955060FDD467AD0426368C24A8340FD0D6687A76316DEF5179ED9042005A2BF02A5DD810A4DEFA4A8F700EFC50FF4FB8C06410F0303C106ADF8852ACC6A2CA9046E9ED070739339857222CC009E206479886EA26227BF
310
7A341A15C351A8404A6C10080A2140FA4B4E8D9B9A11645899332363FD69887F436A660566964250FD752E787B64BCF8E6C8190DF8EA0C854C062D8A5A1346F810414313E606ECA0AC3A01D6928544029D5F42E202C0CB386F880F7842A31287061F32F3CBE09F2950783394F2F2B23D85386C6F51943E99DD10C8A0000BA9
310
569A14805693274BD0E4F4DC3F28E331EEA91C4F33ABE057889BFB92819187840A08E57A276A8BFCB75B0342668C70C565C8059996D209C2800941A21FB82B2F520BC2E6FE6F1A8827043DE17000DACC8193E78BBB8DF1467978C06F6AFE986123E3A95272CAC122046F4C65C4B88FED2F1CD1D918F7CDBF8903BF1A90057D
310
42F4DC133AF804ACBB58446A0DB78806FC053FA1E45D0AF1112613CC0DD976C5E70AD3282F42725C0D02AC8588DE451B1C01ABF063E7748A3882F0DD484BB78D037F9812240EB88B6034C0AD53E5116D4C6D920C6A89F084E6D0598AD7EB6930CC7B293E27A666E5CDFE9A3FA52FEB3C97976FDAAE9A60008FCA6B33099CF9
310
880D35D419FC687D424378E3099441E110C5B3C6DC311E6653514A67A530D863326C4D8430E0C28024803B5B069B0E60C10EDB6DF087034171DF01F1F3404B27B1056D8C0E56E7CA6056E7798147BE4C2F01CED5987E413AC6A724876DE3F599E0601CE7B9CEF3BEB3671E12DCE8AF9631B8031D3F360B6955DC2342B2A0E4
310
632A00264C0DA002220CFEC3E10D9BADC8904D88DC51928593AA16C91DF6FFF82B3234404C7214D0F8608E0052283EFB2B0563F1D072936C4017706010BCF1B16CDE0C1FA9C777E44E1F5259B0C9BBC8794A82A6C182A3AF56B16921405351FDDC91B5BAAA617860E8D76C97C377FE701A4EB4378FA97C2C8E3CC8950886C6
310
FD93AF70A1F5F676B7ED16CBC56AF5D09110EEB8607CC08A795882358280DDB98AFFE7087C6EB593D62F041CDB4018935238E73F1098100D0C8769818F777057F64C703C6530E142FDF5C837AE1CF66C94C4887D3A3726AB990DEA248F73B5D32C8E04F6714B1E67C53FC52040252E605B322407CBF8C7F05453462A295ABF
310
4D95592DDD76AC23512E9A2DF964715C80DD752CA8E263AC36F02C3C28A133EB22AC8D099BDEFDE28C3E8FFEE3815D5D00C17C00511058354D62443C1A546280E43572A9C661A34FA5891F8E7570608C8DF21DF51DF9D2A84D4501F41B8CD4F4C9DEB2F901E810C0E4CEB6EC08DFB06341C864CF8D0EEE779A606545E1E64A
310
AF30A4324C20FDD3BD558BD966BA994FA915CD162B1978642AD01694E533EC190368A68234657085B5F88E27A0805E04B8BB6A00A51646EE3C10A50FF007FF410F1963CA69BE2002F0F902E701AEC995FD41F83A3F0C3809A3288A083003A6CC2A20E6D703EE48E3777AC07ADD51EB6101603A9FCF17B3D5928F6D742EE7E4
310
CF38AE2B03C5FB39C81D7B2978FAFE85AF3D2710B0582C970F0FEB0E4D1103B8BE2B4D560CA10002FC8F334C891C07B44FE06B2E3ACE5E1E2D1FC32203110ABF9CA0E8381F68EC3C06701328E5A38278A5FCD944CEA5283DA933DF2A2448BD23F1C5D8BE04CC2DC3B43B3EEC29F8B5FF926D11D3E97EBF7FA1BD1E5E5F5FE6
310
D3D972F548547783146ECD84873F377C5820F7F9FCE5E07378D6CBCB7E036DF7F7104079A05B77C6942D1BA95D47424BFC3DB6411009A42E207871B7EE9B06614BBD20F22F7523FB985F3F7068E37600273A3ED0C1CCC380F6EC4AF01CC1CF95E4848B7BF950AD14C44F10460221E02D21D01DAE800F323704C00035DFE97C
310
B37F797D3D1C0E4FBF35EE1E5E9E0E879FBF3DF6F474780A01FB3DAF01FE0C0798218007C2090A3008BA7682A338F4A8804A06CBFE6A80CEC766F49853F15B2F45FCEA3F8250012841315016E75E797EFEEC4ACA6C79F515CF1738F7C36E2406071051043817C9E8C5888D49D0332E800062FF54FA562BF7446CC0BFDFBF86
310
03D1FEFCC9F7FFB5A7F000430755C2D3F72F2D02A022820897ABDD44594475BDCCA4A10AF34C06B08B4AB58BBFAE30999DC66C7CE903A83CF8EB006EEEAA063430F84B05F0ECF644825F5E95073870E72A0771AB89B080022A0C5A9FAF34C89286257FB7BEA000EC65B59750C68E0815B0D9834B15606328F80709DE09018A
310
C2A7817F83F96DB3D562C10A0A31300230CD4200B87F85808BAF64D04600254047F9C14DE93464009E7F5AABB4FDD6D55142A2C0BF1541FCE19C20C899BF4F76AB54B84CB97F88F48ECC029FD253F0C70DF4816B9AC94BCBD653B1A283C4001A0337955E4AFED3FB790B6B1F5EA0B5514074103A38D84280EE0F5F9BE974EA
310
B2D16AB1EA969684B6E4166CA28264B300474C7308D20013B204A65F82970718D05678B3315D442E1C0A327E2F56556040C005D2FAB1326A68A07507C9E46A3648555A7080F5F50219A00E6222E3E0862CE95B5680930530742F1D041805E69B788161F015944D041182B861A2C17F3AF01CF5BFDF6C343F9171F5B004BF59
310
C016719164B888EA206A02AD05E8464D06B48E4381A0E9345FD171625AC22198F57C003BEA5510F81FF78D31C9B033D0030000000049454E44AE426082504B030414000608080071BFA75C51464CB48900000043010000360000006662782F37313841453432452D313332352D343242322D424146322D3835453836423541
310
413333412F6469726563746F72792E786D6C9D8F310EC2300C45AF127987122606C71DD918B841D4B851A43646695A717C52A85029031293A5A76FBF6FACEF7DA7264E43906840EF0FA03836E242F406C6DCEE4EA06AC22492573150D1F66C60C640E8938CB705396EEDD86DE9B5042FE27813D640EA63BB001C722AF6E55C
310
B61E4863F58284D5D3F53DD715CE1C3985E63FD7F1B7EBDD617E9F1E504B030414000608080071BFA75C39DF467B380700004B1C0000340000006662782F37313841453432452D313332352D343242322D424146322D3835453836423541413333412F6F626A656374732E786D6CDD59E96FA33814FF5710FB1908E468324A
310
33CAD156D1AA33A38966B5DF90439CD45B73C8861EFBD7EFB3B109A624A17348A34DA58618F3FCDEEFDD8FE9C797985A4F98719226D7B6EFF66C0B2751BA23C9E1DA2EF2BD33B6AD8F336BCAD234AFEDB3AD04C5F8DA16CBF66C7A606991A9A51DDEA38236576F177F5B3CC209B6AD8822CEAF6D1E3DE018B9A8C8D31DE68F
310
EE0EE5C83DEC5F5CDF2D379A640F0C650F8DA332C4709203ABB09E0015C5816FFE0491BCD9D4131B8C6DFD6EDB8233DB3C29B8C92849788E92E80D578DE382135C358EEBFB83D54D309C38C3C1A0EF0C4681EF2C6E172BC7BFEAF796A3E57232BF99D8D66CBA4D535A2920C3C90EB4F86ACFFCA927EE54E22B14DAF88ED224
310
C19142B36DC30E2BBA04F3262606B0BE14ADA69052D6DA42BFA3F027B67502C560C9405B0BA7BFEBD69B6EFF011078172B651C0B2BE739035D2BEC4B7FE84DBD72D5D00BE1568C72CC08A216255B86182808B6960A32C8086F11A42C8199D4A2A657E7150CFBB22FB571B92F2815FE6BCFA4A785E08F38E79233F22F6647EE
310
EBA7014F206D41927CAC84CD5F332031997A72B1BCD70FD4CD12486B4FD101AC05C4149BFA4103AFA58805EB953DFBF376FBB211F1A1FDF08CA51966B9B03CE9CCCAEFB4066BA605C6D70194125753774754BE02F49F00F98A176B0A9A63E465F032D0B23394F07DCA62D08ED5B39C1EFCEB59E2F2CDD5D4AB1E9E5996112B
310
4F610A6EFB933035C430CEAE413A9B3E81D1A7ACAF84DB4488824DDF9344F839188A4553588278BFDFBED8B33504535884A71005E9E16FEA894B0BBE4A3A106F1A1A6A0BBF1D14A51DA6E967475DDD81CD301255AA32643C85EFF0A7E03B5F6DFEDC146C8F227CAF1C7B85F724213924D376860CD00D97FFB6FE243DF28EA6
310
5B448F4F1B9B2238E6908AB8D1A2968D528B25F5029C88345C6A46AEDC13F0764A5182D382ABF5B63815A53465E1F6352C5DB8F5ACBFB40D94872903688D6590DC23463281893D53DAAA02A15B13142C0C3165818752ABE1B688B310C569918850FBD6149B7C409C1196085425356DD8DA6B35D91DD9EF0B0EC1AB95E4D200
310
52F9B3265C5AF800E2581BBF0CEF1982249A2621811C0CCED27A82714005DE799E39A6FB90505AC4E19E50C823618CB213F43B4A50CF5C8FF8F53965BB5682A665699FD436240057C06A9074B62A63BED229C34F449499329FE96C60EC5075A83D1B9C48172253B400AA8D519AF9C21FAD26F341E0048BD59533B819AE9CF9
310
68053F27ABF1A2EF2FFCB93F6FF2A9A3553DDF812A459963F85FFE50C4DB04110A3784D868977DF828B3E7B507A1D1BBF2C7F39B4170E3F8FD60E80C8245E02CE6B781331EDE8C478BE17CDEEFCF3D86795AB008732FF07AA136C92C399CE24A73F7368642597339D9697D3585F91FC7D0664E3094F8BB06D12A76B514845D
310
83A878B4194251F42852541841D5D7EA3E8D20DAE4A32DCEBD332EF7DC7E4F7E7C7F12F426C178321C760C7BF2A41F8E746D3244D079167998662822797B4A6D20D391E5776517B7EF0F4B6CF4FF20B000AFCEAB1553E73393622A24313AE0708F445FD1124A2F49DC9AF50E34E59C2498CBBEF04DBDD8A0D973A1FC32B374
310
8BD9121EC63847DF63B1B2D168780144731A42079B8B19C2C53AA27201D5B39CA228FA6548F552FED790A338A3656F7C09033FD010E8AEA8CD4205D3E28827B0CF10E5616F87E5A8E312F58A7D5D51B46AAD497DF2DDE44FC0A32BA15F088F3EA27BB1E50EFD89F88C210C8D867E7F7455A9E2125AFAB05CF47EB4806E357A
310
0D9F31393C742A4EBB69A556E69585788E63687D515EB04E1E3B8268A26D4B0BA42243C3256A27BDB3A0943D9FEEFAE030D9F49D2A896BC740ED4A12988D7512E48D14AD462C7521E78062DCF50ECFD6D85CA4FAC311F39757D975F78BE5C0E8320E5061972158C51FA30E6FADD48D1A8A3FA33C8250BA91DFCE023C628777
310
C766CE20D756D6EB9AF652C5BD16213586292F1291F65E5CD0AF08540D1D37F7EECA42CF2BD7D722B5B930D03EF261306DD2FA7CB769508195CE4F7F1118E1E70605B5BA141DF41952DFD6C73941838292E8DBFACCE3BF4517A215581BBDC10499A794C0201FEFAC034E217FC3A8A24387C262CC655E06E355414ABF45E8F0
310
F4533987CDD196EAA7A30704C36CAAFAB72282412AE4CC6B5BAD5B7FC0E8544C2FE540CB7D84D64DC530DB2A18B9B6C16273021D9ABB8511981C384AEA8D112738364A0E22E3974F55BF8F8F0974202A1DE5AAF674C1454966381394C2997CB700755F796336FD7ED1353B16CAE1725BE49530C785A3340A04FD12A1140E26
310
858F0ADE172829CECBE5BB728F0149A769FE593B28A93A3962073992AFE13D5F7DF1C4347DFDD9CA687110EA3CD7311B941CD1A9D3A29C5C4DC1309498191255E4F283F785A5F05A2AB66E091881B74CE3384DD48FB97AAD656D1EE025D5CED30342EE0D3C3930506F00C22DE2D8453BFE080BA05146C418B544D6D07B1544
310
6B7AD78A102A80C78CFDEB95A58AA2DA30A51E6D052A72FC6F81FF88D73EC25BEA1B6AB34A7001E04ADE3C5EE885A9C7605E3EFB0F504B030414000608080071BFA75C44157475E2000000550100003C0000006662782F37313841453432452D313332352D343242322D424146322D3835453836423541413333412F726573
310
6F75726365732F322F636E782E786D6C4D904B6E03211044AF8290B21CC0E3381F8BC197C82A1B8B407B8C0CF4884F94DC3EE01029AB6E553DB5AA4B9EBE82279F90B2C3B8D01D13944034685D5C175ACB657AA1E4A464422CFF304AA20EB0D02E5325D784751B92858BAEBEABDEC5DB10C5798508C999F316574A8CD7392F
310
349B2B04CD742D6821DF98D545B31D4B90B12603ED447101C609934017B054CD627E9AC46112CF6FF3FE78783DEE1FDF25EFA4921F887EF02E1648B83DCCC2605B634B2424EF809235B941F5379AF1178FB57892375BC95C52EB6060E57B6B980B7A057E477E5D25797FB28D7B036DF642D40F504B030414000608080071BF
310
A75CFF15A4A45D000000800000003A0000006662782F37313841453432452D313332352D343242322D424146322D3835453836423541413333412F7265736F75726365732F636E782E786D6C4D8B3B0E80201005AF42B6F75B59F0390B113044D83508C6E30BC6C26AF226F3B8BA6360974DA7271430F523308B2B198F9B80
310
925DB700539227A2FCCB80A18E5640D320F996A81C9F32D6E9129A0D1EF74FCE750E6D57BC7165FBCA07504B030414000608080071BFA75C41F64B004401000056050000300000006662782F37313841453432452D313332352D343242322D424146322D3835453836423541413333412F636E782E786D6CCD944D4EC33010
310
85AF125962193B49293F95E34A2C38010BC4CE71A6C1D4B1237B82E8EDB14BDA8250058B4AEDCE1A7F96DE9B791EBEFCE84DF60E3E68676B52D2826460956BB5ED6A32E22ABF23D95270EF1C7EC34866650F3549652278E7DD384CA516567234A96AB45D4F4589E87533220492292343A84950AFD04B2A47742D84356D254A
310
5A520FC18D5E417C8FBA87E9BDF220115A22AAA2BAC98B795EDC3E55B3C5FC7E31BB7EE12C918237CE9989D716C1BBE1AA2A948B471BE5149C2540F0D1EB894A1E883868A38DB69CC57BC143D46BBB89C3CD90B861305A498C8D624E21601E21903D675FB0E02C39FEE1FBF1E1F9A0219E5AED41A1F39BB3B5A13CD686BD34
310
1A13F1BF2E6CC1BFCCBBE62D5A3EDFDC8F1A9E849DCCEE2EB92146F77712629EA4EDCC257E80BDB4D3E73F2E16D4EA124DEF949DC833DBAEC038F8B411C527504B030414000608080071BFA75C0637F2987D000000A30000000B0000006662782F636E782E786D6C4D8C410EC2201405AF42FE1E1528CA82D24082F7682C6D
310
88141A2CC6E30BA60B572F99BC19397CD680DE2EBF7C8A3D90D305908B8F34F9B8F450F6190B40839239A5FDEF06288EABEBA1615072C9A96C079ADC3C96D068F0F179C01B11DA76D462C228C71D35141B7DA758702BAE866BCD98AEC6B929757EBDBA2DAFBE504B030414000608080071BFA75CA6D797065F000000820000
310
0007000000636E782E786D6C4DCB3B0E80201045D1AD90E9FD7516806B51190811670C8A61F982B1B0BAC9C97B72CA7B1037C6D3332918DA1E04D2CAC69353902EDB8C20262D23F3F59B81A079470595414B17391D1F19B4730A5583A7ED43BBE4025D9592775E5ADFFA01504B030414000608080071BFA75CECFD112DA800
310
000026010000130000005B436F6E74656E745F54797065735D2E786D6C7D4F4B0EC22010BD0A61DF525D18634ABB506FE00510A79458060253536F2FD89D5197F3FED3F68B9BD80362B21E25DFD40D6780DADF2C1AC9671AAA3D677DD75E9E0112CB5A4C928F44E12044D22338956A1F003333F8E814E5331A1194BE2B0362
310
DB343BA13D122055543278D79E6050F344ECBC6478EDCD76CE8EABAE5449AE4298AC56946789C28AAFBEABC53F3EAF09A84A1441B91F0101CD4780756578C173A578FFDDBD00504B030414000608080071BFA75C3DEE336E64000000790000001B0000006175746F6465736B2D64657369676E2D7061636B6167652E786D6C
310
35CBC10E83200C00D05F21DCA56CA76D41FC96062B120735B69A7DBE268BB7777961F8D5AF396893C2ADB70FE7ADA196782C2DF776D7A97B5933C430F15651E5469C55D70F80A4992A3ADC954792C525AE70A1E4D6AD9816CC044FEFDF01FE3FDE907802504B030414000608080071BFA75C10110B7DF30000008E0100003D
310
0000006662782F37313841453432452D313332352D343242322D424146322D3835453836423541413333412F7265736F75726365732F322F636F72652E786D6C8550CB6EC32010FC156BEFF8811FB1234CE444F217F4D41B02E2A2C460F1A8FAF985D895DA534FBB9A9D99DD1D72F95A9FD9A7B44E193D4295979049CD8D50
310
7A1921F83BEA21BB50628DF1BF689069B6CA11120C942CD684ED80B8D15EEA846A23E40132E7A4878C3F633382E31F7265390B3E32DC23DF187FB045E655BEF32809418943AA44745377252DD01277A7A1BF6234577D839A5BDBA001575774ABE76EEADB692EBB8914494C8957EBCF766E25F35200C5D100952D2A4F6FB83E
310
B7C3B96EDE49919894386FE3CFC7D2F45DA4936247FFB8854DFCEF1694F6353EDC7685035AC5E35E034A8A944E2CAFE8624D49D26F504B030414000608080071BFA75C1C5C18D8F8000000960100003B0000006662782F37313841453432452D313332352D343242322D424146322D3835453836423541413333412F726573
310
6F75726365732F636F72652E786D6C8550CB6E833010FC15B477F38640641C91487C414FBD596643AD041BF951F5F36B072AB5A79E76353B33BB3BF4F2B53E934F34566A354091E690A0127A966A19C0BB3BE920B9306AB476BF689028BEE20011064617A3FD7640422B872AA24ACF7880DC5A749088676806B0E203579E72
310
EF02C33ED28D8B075F302DD29DC7A8F7723EA4720E6EF22ED100CBCBF6D477D7924C455793FAD6D4A42F8B2BB955533B76CD38E5ED48B32866D4C9F567BB30C81DCEC0CA6040F286E4A7B7B23A37FDB9AADF6916998C5A67C2CFC7D2F81D3083567B23D0D26C9FFE71F5DBFCBFAB97CA55E5E1BA2B2CB0221CF91A309AC594
310
427945186A4C947D03504B030414000608080071BFA75C304C8F7EF2000000B1010000310000006662782F37313841453432452D313332352D343242322D424146322D3835453836423541413333412F636F72652E786D6C8D50CB6EC32010FC156BEFF80176E24698C896DC2FE8A93704C44189C1E251F5F30B892BB5B79C
310
16CDCE30B343CFDFEBBDF852CE6B6B0668CA1A0A658495DA2C03C470413D1467469DB5E10F0D0AC35735408681D1C5D9B8ED90B02628935163A5DA41EEBD0A50887B7A0CE0C555ADBCE4312486BF951B1737BEA8B2299F3C46835E7FA5C2291E9404866B7C407587EAE30726A7EEED44DA4F5A6526A3316AB95B6999DCF545
310
2B07ECD8F4E3DCE219350477A8C51346D3F88E51DFCDFD61EAC69190915659CCA80F2EDDBC7F92AF7B55FE14FECB1C37F942666D02C1BBE153E1813529CF63C168950B4CE3D16E9AB96CF603504B030414000608080071BFA75C65F650FC54010000DD0200000C0000006662782F636F72652E786D6C8D92DB8E832010865F
310
C5708F675BDB204DDBA44FB0577B4795BAA40A06C1F4F177F010D78BED6E4C90FC33F3CDCC1FC8E9D536DEC0752F942C50E487C8E3B25495907581AC79E01C79274AB452E6471AF2246B79819C8C28A9B5B2DD2C954A1A2E9D2A55C56791F53D37C82B1BB814A82FBF78CB7C660D64F44FBF63E593D5DC8FFC298F126B4535
310
978A0A68E221B846348C77FB437E89F12DCA539C5EB3141FE2E882AFC96D77CEB3F32DDC9D49E08A2931A25DBA979A33C32B446300E030C3E1FE234E8ED9E198A49F24709994F446C3CE7353B71DA28FFB8B0493BEE1D9AEFA9B678534493CF3A68A1ED108C61B039404CE1FF88DE66D3D84C6E09F61F76659E109D2C04BA3
310
740A914AD93534B0C6724087DEF891608A027904FCC689DF70DE33C028266B188D19B8DEAD71DDB733755CE3C1BC3CA974CB9A75B869C4F55C1B6D565ACA4BD528FD9FEA65D5C5CCC03D4CFA0D504B030414000608080071BFA75C829AA7D106010000B201000008000000636F72652E786D6C8D50496EC32014BD0A628F07
310
3CC489309113C927E8AA3B6A88836283C510B5B72FC4546A775D7DF486FF1E9F9C3FD7053C85B152AB1E965901815093E652CD3DF4EE863A08CE9418ADDD2F19048AADA287118694CC46FB2D4193564EA8882ACD450299B5C241302DE1D1433BDDC5CA32E65D50D847B6B1E9C1669195D9AEA3C4C9F5C73A19C19CE090E202
310
B7A868507178C3D5A9399EAAFA9DE4514989F792A728C943BABC4961200D8EC3B1BB6034965D8DEA6B53A3232E2FE85A8DEDD035C358B403C9A39912EB4CF8735A127A3A60D933E6927CA728F9D07A4982508A03AD96AF1042F248FC29ED37FE8FD252B90AA785BBC3425A86422F2204C70B86F13A6F98F1DAF41B504B0102
310
140014000608080071BFA75C0000000000000000000000003700000000000000000000000000000000006662782F37313841453432452D313332352D343242322D424146322D3835453836423541413333412F617474726962757465732E62696E504B0102140014000608080071BFA75C0000000000000000000000003500
310
000000000000000000000000550000006662782F37313841453432452D313332352D343242322D424146322D3835453836423541413333412F76657274696365732E62696E504B0102140014000608080071BFA75CF270F13306000000040000003600000000000000000000000000A80000006662782F3731384145343245
310
2D313332352D343242322D424146322D3835453836423541413333412F747269616E676C65732E62696E504B0102140014000608080071BFA75CB5A795FFE3790000DE7900004200000000000000000000000000020100006662782F37313841453432452D313332352D343242322D424146322D3835453836423541413333
310
412F7265736F75726365732F322F305F67656E657269632E706E67504B0102140014000608080071BFA75C51464CB489000000430100003600000000000000000000000000457B00006662782F37313841453432452D313332352D343242322D424146322D3835453836423541413333412F6469726563746F72792E786D6C
310
504B0102140014000608080071BFA75C39DF467B380700004B1C00003400000000000000000000000000227C00006662782F37313841453432452D313332352D343242322D424146322D3835453836423541413333412F6F626A656374732E786D6C504B0102140014000608080071BFA75C44157475E2000000550100003C
310
00000000000000000000000000AC8300006662782F37313841453432452D313332352D343242322D424146322D3835453836423541413333412F7265736F75726365732F322F636E782E786D6C504B0102140014000608080071BFA75CFF15A4A45D000000800000003A00000000000000000000000000E88400006662782F
310
37313841453432452D313332352D343242322D424146322D3835453836423541413333412F7265736F75726365732F636E782E786D6C504B0102140014000608080071BFA75C41F64B00440100005605000030000000000000000000000000009D8500006662782F37313841453432452D313332352D343242322D42414632
310
2D3835453836423541413333412F636E782E786D6C504B0102140014000608080071BFA75C0637F2987D000000A30000000B000000000000000000000000002F8700006662782F636E782E786D6C504B0102140014000608080071BFA75CA6D797065F000000820000000700000000000000000000000000D5870000636E78
310
2E786D6C504B0102140014000608080071BFA75CECFD112DA8000000260100001300000000000000000000000000598800005B436F6E74656E745F54797065735D2E786D6C504B0102140014000608080071BFA75C3DEE336E64000000790000001B00000000000000000000000000328900006175746F6465736B2D646573
310
69676E2D7061636B6167652E786D6C504B0102140014000608080071BFA75C10110B7DF30000008E0100003D00000000000000000000000000CF8900006662782F37313841453432452D313332352D343242322D424146322D3835453836423541413333412F7265736F75726365732F322F636F72652E786D6C504B010214
310
0014000608080071BFA75C1C5C18D8F8000000960100003B000000000000000000000000001D8B00006662782F37313841453432452D313332352D343242322D424146322D3835453836423541413333412F7265736F75726365732F636F72652E786D6C504B0102140014000608080071BFA75C304C8F7EF2000000B10100
310
0031000000000000000000000000006E8C00006662782F37313841453432452D313332352D343242322D424146322D3835453836423541413333412F636F72652E786D6C504B0102140014000608080071BFA75C65F650FC54010000DD0200000C00000000000000000000000000AF8D00006662782F636F72652E786D6C50
310
4B0102140014000608080071BFA75C829AA7D106010000B201000008000000000000000000000000002D8F0000636F72652E786D6C504B050600000000120012002D060000599000000000
  0
XRECORD
  5
176
102
{ACAD_REACTORS
330
173
102
}
330
173
100
AcDbXrecord
280
1
270
1
271
1
  0
XRECORD
  5
177
102
{ACAD_REACTORS
330
173
102
}
330
173
100
AcDbXrecord
280
1
270
1
271
1
  0
CELLSTYLEMAP
  5
815
102
{ACAD_REACTORS
330
162
102
}
330
162
100
AcDbCellStyleMap
 90
3
300
CELLSTYLE
  1
TABLEFORMAT_BEGIN
 90
5
170
1
 91
0
 92
32768
 62
257
 93
1
300
CONTENTFORMAT
  1
CONTENTFORMAT_BEGIN
 90
0
 91
0
 92
512
 93
0
300

 40
0.0
140
1.0
 94
5
 62
0
340
11
144
6.0
309
CONTENTFORMAT_END
171
1
301
MARGIN
  1
CELLMARGIN_BEGIN
 40
1.5
 40
1.5
 40
1.5
 40
1.5
 40
0.18
 40
0.18
309
CELLMARGIN_END
 94
6
 95
1
302
GRIDFORMAT
  1
GRIDFORMAT_BEGIN
 90
0
 91
1
 62
0
 92
-2
340
14
 93
0
 40
1.125
309
GRIDFORMAT_END
 95
2
302
GRIDFORMAT
  1
GRIDFORMAT_BEGIN
 90
0
 91
1
 62
0
 92
-2
340
14
 93
0
 40
1.125
309
GRIDFORMAT_END
 95
4
302
GRIDFORMAT
  1
GRIDFORMAT_BEGIN
 90
0
 91
1
 62
0
 92
-2
340
14
 93
0
 40
1.125
309
GRIDFORMAT_END
 95
8
302
GRIDFORMAT
  1
GRIDFORMAT_BEGIN
 90
0
 91
1
 62
0
 92
-2
340
14
 93
0
 40
1.125
309
GRIDFORMAT_END
 95
16
302
GRIDFORMAT
  1
GRIDFORMAT_BEGIN
 90
0
 91
1
 62
0
 92
-2
340
14
 93
0
 40
1.125
309
GRIDFORMAT_END
 95
32
302
GRIDFORMAT
  1
GRIDFORMAT_BEGIN
 90
0
 91
1
 62
0
 92
-2
340
14
 93
0
 40
1.125
309
GRIDFORMAT_END
309
TABLEFORMAT_END
  1
CELLSTYLE_BEGIN
 90
1
 91
1
300
_TITLE
309
CELLSTYLE_END
300
CELLSTYLE
  1
TABLEFORMAT_BEGIN
 90
5
170
1
 91
0
 92
0
 62
257
 93
1
300
CONTENTFORMAT
  1
CONTENTFORMAT_BEGIN
 90
0
 91
0
 92
512
 93
0
300

 40
0.0
140
1.0
 94
5
 62
0
340
11
144
4.5
309
CONTENTFORMAT_END
171
1
301
MARGIN
  1
CELLMARGIN_BEGIN
 40
1.5
 40
1.5
 40
1.5
 40
1.5
 40
0.18
 40
0.18
309
CELLMARGIN_END
 94
6
 95
1
302
GRIDFORMAT
  1
GRIDFORMAT_BEGIN
 90
0
 91
1
 62
0
 92
-2
340
14
 93
0
 40
1.125
309
GRIDFORMAT_END
 95
2
302
GRIDFORMAT
  1
GRIDFORMAT_BEGIN
 90
0
 91
1
 62
0
 92
-2
340
14
 93
0
 40
1.125
309
GRIDFORMAT_END
 95
4
302
GRIDFORMAT
  1
GRIDFORMAT_BEGIN
 90
0
 91
1
 62
0
 92
-2
340
14
 93
0
 40
1.125
309
GRIDFORMAT_END
 95
8
302
GRIDFORMAT
  1
GRIDFORMAT_BEGIN
 90
0
 91
1
 62
0
 92
-2
340
14
 93
0
 40
1.125
309
GRIDFORMAT_END
 95
16
302
GRIDFORMAT
  1
GRIDFORMAT_BEGIN
 90
0
 91
1
 62
0
 92
-2
340
14
 93
0
 40
1.125
309
GRIDFORMAT_END
 95
32
302
GRIDFORMAT
  1
GRIDFORMAT_BEGIN
 90
0
 91
1
 62
0
 92
-2
340
14
 93
0
 40
1.125
309
GRIDFORMAT_END
309
TABLEFORMAT_END
  1
CELLSTYLE_BEGIN
 90
2
 91
1
300
_HEADER
309
CELLSTYLE_END
300
CELLSTYLE
  1
TABLEFORMAT_BEGIN
 90
5
170
1
 91
0
 92
0
 62
257
 93
1
300
CONTENTFORMAT
  1
CONTENTFORMAT_BEGIN
 90
0
 91
0
 92
512
 93
0
300

 40
0.0
140
1.0
 94
2
 62
0
340
11
144
4.5
309
CONTENTFORMAT_END
171
1
301
MARGIN
  1
CELLMARGIN_BEGIN
 40
1.5
 40
1.5
 40
1.5
 40
1.5
 40
0.18
 40
0.18
309
CELLMARGIN_END
 94
6
 95
1
302
GRIDFORMAT
  1
GRIDFORMAT_BEGIN
 90
0
 91
1
 62
0
 92
-2
340
14
 93
0
 40
1.125
309
GRIDFORMAT_END
 95
2
302
GRIDFORMAT
  1
GRIDFORMAT_BEGIN
 90
0
 91
1
 62
0
 92
-2
340
14
 93
0
 40
1.125
309
GRIDFORMAT_END
 95
4
302
GRIDFORMAT
  1
GRIDFORMAT_BEGIN
 90
0
 91
1
 62
0
 92
-2
340
14
 93
0
 40
1.125
309
GRIDFORMAT_END
 95
8
302
GRIDFORMAT
  1
GRIDFORMAT_BEGIN
 90
0
 91
1
 62
0
 92
-2
340
14
 93
0
 40
1.125
309
GRIDFORMAT_END
 95
16
302
GRIDFORMAT
  1
GRIDFORMAT_BEGIN
 90
0
 91
1
 62
0
 92
-2
340
14
 93
0
 40
1.125
309
GRIDFORMAT_END
 95
32
302
GRIDFORMAT
  1
GRIDFORMAT_BEGIN
 90
0
 91
1
 62
0
 92
-2
340
14
 93
0
 40
1.125
309
GRIDFORMAT_END
309
TABLEFORMAT_END
  1
CELLSTYLE_BEGIN
 90
3
 91
2
300
_DATA
309
CELLSTYLE_END
  0
ACDBASSOCARRAYACTIONBODY
  5
609
330
608
100
AcDbAssocActionBody
 90
2
100
AcDbAssocArrayActionBody
 90
1
  1
AcDbAssocArrayPolarParameters
 90
0
 90
6
  1
AcDbAssocArrayItem
100
AcDbAssocArrayItem
 90
0
 90
0
 90
0
 90
0
 90
8
 11
6917.905406066218
 21
5307.38652158808
 31
0.0
330
601
100
AcDbAssocArrayItem
 90
0
 90
1
 90
0
 90
0
 90
12
 40
0.5000000000000002
 40
-0.8660254037844385
 40
0.0
 40
7033.18992991968
 40
0.8660254037844385
 40
0.5000000000000006
 40
0.0
 40
5373.946072466636
 40
0.0
 40
0.0
 40
1.0
 40
0.0
 40
0.0
 40
0.0
 40
0.0
 40
1.0
330
602
100
AcDbAssocArrayItem
 90
0
 90
2
 90
0
 90
0
 90
12
 40
-0.5
 40
-0.866025403784439
 40
0.0
 40
7033.189929921099
 40
0.8660254037844389
 40
-0.4999999999999993
 40
0.0
 40
5507.065174226207
 40
0.0
 40
0.0
 40
1.0
 40
0.0
 40
0.0
 40
0.0
 40
0.0
 40
1.0
330
603
100
AcDbAssocArrayItem
 90
0
 90
3
 90
0
 90
0
 90
12
 40
-1.0
 40
-4e-16
 40
0.0
 40
6917.905406069055
 40
-2e-16
 40
-1.0
 40
0.0
 40
5573.624725107222
 40
0.0
 40
0.0
 40
1.0
 40
0.0
 40
0.0
 40
0.0
 40
0.0
 40
1.0
330
604
100
AcDbAssocArrayItem
 90
0
 90
4
 90
0
 90
0
 90
12
 40
-0.4999999999999994
 40
0.8660254037844389
 40
0.0
 40
6802.620882215591
 40
-0.866025403784439
 40
-0.5
 40
0.0
 40
5507.065174228665
 40
0.0
 40
0.0
 40
1.0
 40
0.0
 40
0.0
 40
0.0
 40
0.0
 40
1.0
330
605
100
AcDbAssocArrayItem
 90
0
 90
5
 90
0
 90
0
 90
12
 40
0.4999999999999999
 40
0.866025403784439
 40
0.0
 40
6802.620882214171
 40
-0.8660254037844389
 40
0.499999999999999
 40
0.0
 40
5373.946072469094
 40
0.0
 40
0.0
 40
0.9999999999999998
 40
0.0
 40
0.0
 40
0.0
 40
0.0
 40
1.0
330
606
 40
1.0
 40
0.0
 40
0.0
 40
-2485.448053418612
 40
0.0
 40
1.0
 40
0.0
 40
-4477.279131850787
 40
0.0
 40
0.0
 40
1.0
 40
0.0
 40
0.0
 40
0.0
 40
0.0
 40
1.0
  0
ACDBASSOCDEPENDENCY
  5
60A
330
608
100
AcDbAssocDependency
 90
2
 90
0
290
0
290
1
290
1
290
1
 90
0
330
5FF
290
0
330
0
330
0
360
0
 90
1
  0
ACDBASSOCDEPENDENCY
  5
60B
330
608
100
AcDbAssocDependency
 90
2
 90
0
290
1
290
0
290
1
290
1
 90
0
330
5FB
290
0
330
0
330
0
360
0
 90
2
  0
ACDBASSOCDEPENDENCY
  5
60C
330
608
100
AcDbAssocDependency
 90
2
 90
0
290
1
290
1
290
1
290
1
 90
-2147483648
330
5EA
290
0
330
0
330
0
360
0
 90
3
  0
ACDBASSOCVERTEXACTIONPARAM
  5
60D
330
608
100
AcDbAssocActionParam
 90
1
 90
0
  1
BaseNormal
100
AcDbAssocSingleDependencyActionParam
 90
0
330
0
100
AcDbAssocVertexActionParam
 90
0
 10
0.0
 20
0.0
 30
1.0
  0
ACDBASSOCVERTEXACTIONPARAM
  5
60E
330
608
100
AcDbAssocActionParam
 90
1
 90
0
  1
Origin
100
AcDbAssocSingleDependencyActionParam
 90
0
330
0
100
AcDbAssocVertexActionParam
 90
0
 10
6917.905406067635
 20
5440.50562334765
 30
0.0
  0
ACDBASSOCVERTEXACTIONPARAM
  5
60F
330
608
100
AcDbAssocActionParam
 90
1
 90
0
  1
basePoint
100
AcDbAssocSingleDependencyActionParam
 90
0
330
0
100
AcDbAssocVertexActionParam
 90
0
 10
0.0
 20
0.0
 30
0.0
  0
ACDBASSOCARRAYACTIONBODY
  5
611
330
610
100
AcDbAssocActionBody
 90
2
100
AcDbAssocArrayActionBody
 90
1
  1
AcDbAssocArrayPolarParameters
 90
0
 90
6
  1
AcDbAssocArrayItem
100
AcDbAssocArrayItem
 90
0
 90
0
 90
0
 90
0
 90
8
 11
910259.8158995723
 21
-387124.371578013
 31
0.0
330
5EE
100
AcDbAssocArrayItem
 90
0
 90
1
 90
0
 90
0
 90
12
 40
0.5000000000000006
 40
-0.8660254037844385
 40
0.0
 40
910124.4590462092
 40
0.8660254037844385
 40
0.5000000000000006
 40
0.0
 40
-387202.5198937381
 40
0.0
 40
0.0
 40
1.0
 40
0.0
 40
0.0
 40
0.0
 40
0.0
 40
1.0
330
5EF
100
AcDbAssocArrayItem
 90
0
 90
2
 90
0
 90
0
 90
12
 40
-0.5
 40
-0.8660254037844387
 40
0.0
 40
910124.4590462085
 40
0.8660254037844387
 40
-0.5
 40
0.0
 40
-387358.8165251894
 40
0.0
 40
0.0
 40
1.0
 40
0.0
 40
0.0
 40
0.0
 40
0.0
 40
1.0
330
5F0
100
AcDbAssocArrayItem
 90
0
 90
3
 90
0
 90
0
 90
12
 40
-1.0
 40
-1e-16
 40
0.0
 40
910259.8158995709
 40
1e-16
 40
-1.0
 40
0.0
 40
-387436.9648409157
 40
0.0
 40
0.0
 40
1.0
 40
0.0
 40
0.0
 40
0.0
 40
0.0
 40
1.0
330
5F1
100
AcDbAssocArrayItem
 90
0
 90
4
 90
0
 90
0
 90
12
 40
-0.5000000000000006
 40
0.8660254037844385
 40
0.0
 40
910395.1727529345
 40
-0.8660254037844385
 40
-0.5000000000000006
 40
0.0
 40
-387358.8165251906
 40
0.0
 40
0.0
 40
1.0
 40
0.0
 40
0.0
 40
0.0
 40
0.0
 40
1.0
330
5F2
100
AcDbAssocArrayItem
 90
0
 90
5
 90
0
 90
0
 90
12
 40
0.4999999999999993
 40
0.866025403784439
 40
0.0
 40
910395.1727529349
 40
-0.866025403784439
 40
0.4999999999999993
 40
0.0
 40
-387202.5198937392
 40
0.0
 40
0.0
 40
1.0
 40
0.0
 40
0.0
 40
0.0
 40
0.0
 40
1.0
330
5F3
 40
1.0
 40
0.0
 40
0.0
 40
-905793.9176172927
 40
0.0
 40
1.0
 40
0.0
 40
388896.394700962
 40
0.0
 40
0.0
 40
1.0
 40
-4.902e-12
 40
0.0
 40
0.0
 40
0.0
 40
1.0
  0
ACDBASSOCDEPENDENCY
  5
612
330
610
100
AcDbAssocDependency
 90
2
 90
0
290
0
290
1
290
1
290
1
 90
0
330
5EC
290
0
330
0
330
0
360
0
 90
1
  0
ACDBASSOCDEPENDENCY
  5
613
330
610
100
AcDbAssocDependency
 90
2
 90
0
290
1
290
0
290
1
290
1
 90
0
330
5F7
290
0
330
0
330
0
360
0
 90
2
  0
ACDBASSOCDEPENDENCY
  5
614
330
610
100
AcDbAssocDependency
 90
2
 90
0
290
1
290
1
290
1
290
1
 90
-2147483648
330
5A0
290
0
330
0
330
0
360
0
 90
3
  0
ACDBASSOCVERTEXACTIONPARAM
  5
615
330
610
100
AcDbAssocActionParam
 90
1
 90
0
  1
BaseNormal
100
AcDbAssocSingleDependencyActionParam
 90
0
330
0
100
AcDbAssocVertexActionParam
 90
0
 10
0.0
 20
0.0
 30
1.137931034482758
  0
ACDBASSOCVERTEXACTIONPARAM
  5
616
330
610
100
AcDbAssocActionParam
 90
1
 90
0
  1
Origin
100
AcDbAssocSingleDependencyActionParam
 90
0
330
0
100
AcDbAssocVertexActionParam
 90
0
 10
910259.8158995716
 20
-387280.6682094643
 30
0.0
  0
ACDBASSOCVERTEXACTIONPARAM
  5
617
330
610
100
AcDbAssocActionParam
 90
1
 90
0
  1
basePoint
100
AcDbAssocSingleDependencyActionParam
 90
0
330
0
100
AcDbAssocVertexActionParam
 90
0
 10
0.0
 20
0.0
 30
0.0
  0
DICTIONARY
  5
8E7
330
C
100
AcDbDictionary
281
1
  3
WRITTEN_BY_EZDXF
350
8E8
  0
DICTIONARYVAR
  5
8E8
330
8E7
100
DictionaryVariables
280
0
  1
1.3.4 @ 2026-05-08T03:08:08.864475+00:00
  0
ENDSEC
  0
SECTION
  2
ACDSDATA
 70
2
 71
8
  0
ACDSSCHEMA
 90
0
  1
AcDb_Thumbnail_Schema
  2
AcDbDs::ID
280
10
 91
8
  2
Thumbnail_Data
280
15
 91
0
101
ACDSRECORD
 95
0
 90
1
  2
AcDbDs::TreatedAsObjectData
280
1
291
1
101
ACDSRECORD
 95
0
 90
2
  2
AcDbDs::Legacy
280
1
291
1
101
ACDSRECORD
  1
AcDbDs::ID
 90
3
  2
AcDs:Indexable
280
1
291
1
101
ACDSRECORD
  1
AcDbDs::ID
 90
4
  2
AcDbDs::HandleAttribute
280
7
282
1
  0
ACDSSCHEMA
 90
1
  1
AcDbDs::TreatedAsObjectDataSchema
  2
AcDbDs::TreatedAsObjectData
280
1
 91
0
  0
ACDSSCHEMA
 90
2
  1
AcDbDs::LegacySchema
  2
AcDbDs::Legacy
280
1
 91
0
  0
ACDSSCHEMA
 90
3
  1
AcDbDs::IndexedPropertySchema
  2
AcDs:Indexable
280
1
 91
0
  0
ACDSSCHEMA
 90
4
  1
AcDbDs::HandleAttributeSchema
  2
AcDbDs::HandleAttribute
280
7
 91
1
284
1
  0
ACDSRECORD
 90
0
  2
AcDbDs::ID
280
10
320
22
  2
Thumbnail_Data
280
15
 94
896
310
89504E470D0A1A0A0000000D49484452000001000000009108030000001BE1960600000300504C5445212830FFFFFF2128300000000000000000000000000000000000000000000000000000330000660000990000CC0000FF0033000033330033660033990033CC0033FF0066000066330066660066990066CC0066FF0099
310
000099330099660099990099CC0099FF00CC0000CC3300CC6600CC9900CCCC00CCFF00FF0000FF3300FF6600FF9900FFCC00FFFF3300003300333300663300993300CC3300FF3333003333333333663333993333CC3333FF3366003366333366663366993366CC3366FF3399003399333399663399993399CC3399FF33CC00
310
33CC3333CC6633CC9933CCCC33CCFF33FF0033FF3333FF6633FF9933FFCC33FFFF6600006600336600666600996600CC6600FF6633006633336633666633996633CC6633FF6666006666336666666666996666CC6666FF6699006699336699666699996699CC6699FF66CC0066CC3366CC6666CC9966CCCC66CCFF66FF0066
310
FF3366FF6666FF9966FFCC66FFFF9900009900339900669900999900CC9900FF9933009933339933669933999933CC9933FF9966009966339966669966999966CC9966FF9999009999339999669999999999CC9999FF99CC0099CC3399CC6699CC9999CCCC99CCFF99FF0099FF3399FF6699FF9999FFCC99FFFFCC0000CC00
310
33CC0066CC0099CC00CCCC00FFCC3300CC3333CC3366CC3399CC33CCCC33FFCC6600CC6633CC6666CC6699CC66CCCC66FFCC9900CC9933CC9966CC9999CC99CCCC99FFCCCC00CCCC33CCCC66CCCC99CCCCCCCCCCFFCCFF00CCFF33CCFF66CCFF99CCFFCCCCFFFFFF0000FF0033FF0066FF0099FF00CCFF00FFFF3300FF3333
310
FF3366FF3399FF33CCFF33FFFF6600FF6633FF6666FF6699FF66CCFF66FFFF9900FF9933FF9966FF9999FF99CCFF99FFFFCC00FFCC33FFCC66FFCC99FFCCCCFFCCFFFFFF00FFFF33FFFF66FFFF99FFFFCCFFFFFF0000000D0D0D1A1A1A2828283535354343435050505D5D5D6B6B6B787878868686939393A1A1A1AEAEAEBB
310
BBBBC9C9C9D6D6D6E4E4E4F1F1F1FFFFFF0000000000000000000000000000000000000000000000000000000000002E4550F10000003B4944415478DAEDC13101000000C2A0F54F6D0B2FA0000000000000000000000000000000000000000000000000000000000000000000000000CE06919100016C9A5B1B0000000049
310
454E44AE426082
  0
ENDSEC
  0
EOF
