  0
SECTION
  2
HEADER
  9
$ACADVER
  1
AC1032
  9
$ACADMAINTVER
 90
4
  9
$DWGCODEPAGE
  3
ANSI_1252
  9
$LASTSAVEDBY
  1
joaqu
  9
$REQUIREDVERSIONS
160
0
  9
$INSBASE
 10
0.0
 20
0.0
 30
0.0
  9
$EXTMIN
 10
2209.437180052792
 20
669.1809885347841
 30
-9.44669e-11
  9
$EXTMAX
 10
11947.24059536896
 20
18204.88333297564
 30
4.3078e-12
  9
$LIMMIN
 10
0.0
 20
0.0
  9
$LIMMAX
 10
12.0
 20
9.0
  9
$ORTHOMODE
 70
0
  9
$REGENMODE
 70
1
  9
$FILLMODE
 70
1
  9
$QTEXTMODE
 70
0
  9
$MIRRTEXT
 70
0
  9
$LTSCALE
 40
1.0
  9
$ATTMODE
 70
1
  9
$TEXTSIZE
 40
2.5
  9
$TRACEWID
 40
1.0
  9
$TEXTSTYLE
  7
Standard
  9
$CLAYER
  8
0
  9
$CELTYPE
  6
ByLayer
  9
$CECOLOR
 62
256
  9
$CELTSCALE
 40
1.0
  9
$DISPSILH
 70
0
  9
$DIMSCALE
 40
1.0
  9
$DIMASZ
 40
2.5
  9
$DIMEXO
 40
0.625
  9
$DIMDLI
 40
3.75
  9
$DIMRND
 40
0.0
  9
$DIMDLE
 40
0.0
  9
$DIMEXE
 40
1.25
  9
$DIMTP
 40
0.0
  9
$DIMTM
 40
0.0
  9
$DIMTXT
 40
2.5
  9
$DIMCEN
 40
2.5
  9
$DIMTSZ
 40
0.0
  9
$DIMTOL
 70
0
  9
$DIMLIM
 70
0
  9
$DIMTIH
 70
0
  9
$DIMTOH
 70
0
  9
$DIMSE1
 70
0
  9
$DIMSE2
 70
0
  9
$DIMTAD
 70
1
  9
$DIMZIN
 70
8
  9
$DIMBLK
  1

  9
$DIMASO
 70
1
  9
$DIMSHO
 70
1
  9
$DIMPOST
  1

  9
$DIMAPOST
  1

  9
$DIMALT
 70
0
  9
$DIMALTD
 70
3
  9
$DIMALTF
 40
0.03937007874016
  9
$DIMLFAC
 40
1.0
  9
$DIMTOFL
 70
1
  9
$DIMTVP
 40
0.0
  9
$DIMTIX
 70
0
  9
$DIMSOXD
 70
0
  9
$DIMSAH
 70
0
  9
$DIMBLK1
  1

  9
$DIMBLK2
  1

  9
$DIMSTYLE
  2
ISO-25
  9
$DIMCLRD
 70
0
  9
$DIMCLRE
 70
0
  9
$DIMCLRT
 70
0
  9
$DIMTFAC
 40
1.0
  9
$DIMGAP
 40
0.625
  9
$DIMJUST
 70
0
  9
$DIMSD1
 70
0
  9
$DIMSD2
 70
0
  9
$DIMTOLJ
 70
0
  9
$DIMTZIN
 70
8
  9
$DIMALTZ
 70
0
  9
$DIMALTTZ
 70
0
  9
$DIMUPT
 70
0
  9
$DIMDEC
 70
2
  9
$DIMTDEC
 70
2
  9
$DIMALTU
 70
2
  9
$DIMALTTD
 70
3
  9
$DIMTXSTY
  7
Standard
  9
$DIMAUNIT
 70
0
  9
$DIMADEC
 70
0
  9
$DIMALTRND
 40
0.0
  9
$DIMAZIN
 70
0
  9
$DIMDSEP
 70
44
  9
$DIMATFIT
 70
3
  9
$DIMFRAC
 70
0
  9
$DIMLDRBLK
  1

  9
$DIMLUNIT
 70
2
  9
$DIMLWD
 70
-2
  9
$DIMLWE
 70
-2
  9
$DIMTMOVE
 70
0
  9
$DIMFXL
 40
1.0
  9
$DIMFXLON
 70
0
  9
$DIMJOGANG
 40
0.7853981633974483
  9
$DIMTFILL
 70
0
  9
$DIMTFILLCLR
 70
0
  9
$DIMARCSYM
 70
0
  9
$DIMLTYPE
  6

  9
$DIMLTEX1
  6

  9
$DIMLTEX2
  6

  9
$DIMTXTDIRECTION
 70
0
  9
$LUNITS
 70
2
  9
$LUPREC
 70
4
  9
$SKETCHINC
 40
1.0
  9
$FILLETRAD
 40
0.0
  9
$AUNITS
 70
0
  9
$AUPREC
 70
0
  9
$MENU
  1
.
  9
$ELEVATION
 40
0.0
  9
$PELEVATION
 40
0.0
  9
$THICKNESS
 40
0.0
  9
$LIMCHECK
 70
0
  9
$CHAMFERA
 40
0.0
  9
$CHAMFERB
 40
0.0
  9
$CHAMFERC
 40
0.0
  9
$CHAMFERD
 40
0.0
  9
$SKPOLY
 70
0
  9
$TDCREATE
 40
2461158.844097222
  9
$TDUCREATE
 40
2461157.026400463
  9
$TDUPDATE
 40
2461158.844097222
  9
$TDUUPDATE
 40
2461157.046979167
  9
$TDINDWG
 40
0.0205787037
  9
$TDUSRTIMER
 40
0.0205787037
  9
$USRTIMER
 70
1
  9
$ANGBASE
 50
0.0
  9
$ANGDIR
 70
0
  9
$PDMODE
 70
0
  9
$PDSIZE
 40
0.0
  9
$PLINEWID
 40
0.0
  9
$SPLFRAME
 70
0
  9
$SPLINETYPE
 70
6
  9
$SPLINESEGS
 70
8
  9
$HANDSEED
  5
878
  9
$SURFTAB1
 70
6
  9
$SURFTAB2
 70
6
  9
$SURFTYPE
 70
6
  9
$SURFU
 70
6
  9
$SURFV
 70
6
  9
$UCSBASE
  2

  9
$UCSNAME
  2

  9
$UCSORG
 10
0.0
 20
0.0
 30
0.0
  9
$UCSXDIR
 10
1.0
 20
0.0
 30
0.0
  9
$UCSYDIR
 10
0.0
 20
1.0
 30
0.0
  9
$UCSORTHOREF
  2

  9
$UCSORTHOVIEW
 70
0
  9
$UCSORGTOP
 10
0.0
 20
0.0
 30
0.0
  9
$UCSORGBOTTOM
 10
0.0
 20
0.0
 30
0.0
  9
$UCSORGLEFT
 10
0.0
 20
0.0
 30
0.0
  9
$UCSORGRIGHT
 10
0.0
 20
0.0
 30
0.0
  9
$UCSORGFRONT
 10
0.0
 20
0.0
 30
0.0
  9
$UCSORGBACK
 10
0.0
 20
0.0
 30
0.0
  9
$PUCSBASE
  2

  9
$PUCSNAME
  2

  9
$PUCSORG
 10
0.0
 20
0.0
 30
0.0
  9
$PUCSXDIR
 10
1.0
 20
0.0
 30
0.0
  9
$PUCSYDIR
 10
0.0
 20
1.0
 30
0.0
  9
$PUCSORTHOREF
  2

  9
$PUCSORTHOVIEW
 70
0
  9
$PUCSORGTOP
 10
0.0
 20
0.0
 30
0.0
  9
$PUCSORGBOTTOM
 10
0.0
 20
0.0
 30
0.0
  9
$PUCSORGLEFT
 10
0.0
 20
0.0
 30
0.0
  9
$PUCSORGRIGHT
 10
0.0
 20
0.0
 30
0.0
  9
$PUCSORGFRONT
 10
0.0
 20
0.0
 30
0.0
  9
$PUCSORGBACK
 10
0.0
 20
0.0
 30
0.0
  9
$USERI1
 70
0
  9
$USERI2
 70
0
  9
$USERI3
 70
0
  9
$USERI4
 70
0
  9
$USERI5
 70
0
  9
$USERR1
 40
0.0
  9
$USERR2
 40
0.0
  9
$USERR3
 40
0.0
  9
$USERR4
 40
0.0
  9
$USERR5
 40
0.0
  9
$WORLDVIEW
 70
1
  9
$SHADEDGE
 70
3
  9
$SHADEDIF
 70
70
  9
$TILEMODE
 70
1
  9
$MAXACTVP
 70
64
  9
$PINSBASE
 10
0.0
 20
0.0
 30
0.0
  9
$PLIMCHECK
 70
0
  9
$PEXTMIN
 10
0.0
 20
0.0
 30
0.0
  9
$PEXTMAX
 10
0.0
 20
0.0
 30
0.0
  9
$PLIMMIN
 10
0.0
 20
0.0
  9
$PLIMMAX
 10
12.0
 20
9.0
  9
$UNITMODE
 70
0
  9
$VISRETAIN
 70
1
  9
$PLINEGEN
 70
0
  9
$PSLTSCALE
 70
1
  9
$TREEDEPTH
 70
3020
  9
$CMLSTYLE
  2
Standard
  9
$CMLJUST
 70
0
  9
$CMLSCALE
 40
20.0
  9
$PROXYGRAPHICS
 70
1
  9
$MEASUREMENT
 70
1
  9
$CELWEIGHT
370
-1
  9
$ENDCAPS
280
0
  9
$JOINSTYLE
280
0
  9
$LWDISPLAY
290
0
  9
$INSUNITS
 70
4
  9
$HYPERLINKBASE
  1

  9
$STYLESHEET
  1

  9
$XEDIT
290
1
  9
$CEPSNTYPE
380
0
  9
$PSTYLEMODE
290
1
  9
$FINGERPRINTGUID
  2
{57C99C6D-5B25-5D4B-B0D4-DC460C502E95}
  9
$VERSIONGUID
  2
{D43566FD-DF91-4813-8FC8-F055D6AF0138}
  9
$EXTNAMES
290
1
  9
$PSVPSCALE
 40
0.0
  9
$OLESTARTUP
290
0
  9
$SORTENTS
280
127
  9
$INDEXCTL
280
0
  9
$HIDETEXT
280
1
  9
$XCLIPFRAME
280
2
  9
$HALOGAP
280
0
  9
$OBSCOLOR
 70
257
  9
$OBSLTYPE
280
0
  9
$INTERSECTIONDISPLAY
280
0
  9
$INTERSECTIONCOLOR
 70
257
  9
$DIMASSOC
280
2
  9
$PROJECTNAME
  1

  9
$CAMERADISPLAY
290
0
  9
$LENSLENGTH
 40
50.0
  9
$CAMERAHEIGHT
 40
0.0
  9
$STEPSPERSEC
 40
2.0
  9
$STEPSIZE
 40
6.0
  9
$3DDWFPREC
 40
2.0
  9
$PSOLWIDTH
 40
5.0
  9
$PSOLHEIGHT
 40
80.0
  9
$LOFTANG1
 40
1.570796326794896
  9
$LOFTANG2
 40
1.570796326794896
  9
$LOFTMAG1
 40
0.0
  9
$LOFTMAG2
 40
0.0
  9
$LOFTPARAM
 70
7
  9
$LOFTNORMALS
280
1
  9
$LATITUDE
 40
37.795
  9
$LONGITUDE
 40
-122.394
  9
$NORTHDIRECTION
 40
0.0
  9
$TIMEZONE
 70
-8000
  9
$LIGHTGLYPHDISPLAY
280
1
  9
$TILEMODELIGHTSYNCH
280
1
  9
$CMATERIAL
347
EC
  9
$SOLIDHIST
280
0
  9
$SHOWHIST
280
1
  9
$DWFFRAME
280
2
  9
$DGNFRAME
280
0
  9
$REALWORLDSCALE
290
1
  9
$INTERFERECOLOR
 62
1
  9
$INTERFEREOBJVS
345
F9
  9
$INTERFEREVPVS
346
F6
  9
$CSHADOW
280
0
  9
$SHADOWPLANELOCATION
 40
0.0
  0
ENDSEC
  0
SECTION
  2
CLASSES
  0
CLASS
  1
ACDBDICTIONARYWDFLT
  2
AcDbDictionaryWithDefault
  3
ObjectDBX Classes
 90
0
 91
1
280
0
281
0
  0
CLASS
  1
DICTIONARYVAR
  2
AcDbDictionaryVar
  3
ObjectDBX Classes
 90
0
 91
11
280
0
281
0
  0
CLASS
  1
TABLESTYLE
  2
AcDbTableStyle
  3
ObjectDBX Classes
 90
4095
 91
1
280
0
281
0
  0
CLASS
  1
MATERIAL
  2
AcDbMaterial
  3
ObjectDBX Classes
 90
1153
 91
3
280
0
281
0
  0
CLASS
  1
VISUALSTYLE
  2
AcDbVisualStyle
  3
ObjectDBX Classes
 90
4095
 91
24
280
0
281
0
  0
CLASS
  1
SCALE
  2
AcDbScale
  3
ObjectDBX Classes
 90
1153
 91
17
280
0
281
0
  0
CLASS
  1
MLEADERSTYLE
  2
AcDbMLeaderStyle
  3
ACDB_MLEADERSTYLE_CLASS
 90
4095
 91
2
280
0
281
0
  0
CLASS
  1
CELLSTYLEMAP
  2
AcDbCellStyleMap
  3
ObjectDBX Classes
 90
1152
 91
1
280
0
281
0
  0
CLASS
  1
EXACXREFPANELOBJECT
  2
ExAcXREFPanelObject
  3
EXAC_ESW
 90
1025
 91
0
280
0
281
0
  0
CLASS
  1
NPOCOLLECTION
  2
AcDbImpNonPersistentObjectsCollection
  3
ObjectDBX Classes
 90
1153
 91
0
280
0
281
0
  0
CLASS
  1
LAYER_INDEX
  2
AcDbLayerIndex
  3
ObjectDBX Classes
 90
0
 91
0
280
0
281
0
  0
CLASS
  1
SPATIAL_INDEX
  2
AcDbSpatialIndex
  3
ObjectDBX Classes
 90
0
 91
0
280
0
281
0
  0
CLASS
  1
IDBUFFER
  2
AcDbIdBuffer
  3
ObjectDBX Classes
 90
0
 91
0
280
0
281
0
  0
CLASS
  1
ACDBSECTIONVIEWSTYLE
  2
AcDbSectionViewStyle
  3
ObjectDBX Classes
 90
1025
 91
2
280
0
281
0
  0
CLASS
  1
ACDBDETAILVIEWSTYLE
  2
AcDbDetailViewStyle
  3
ObjectDBX Classes
 90
1025
 91
2
280
0
281
0
  0
CLASS
  1
RAPIDRTRENDERSETTINGS
  2
AcDbRapidRTRenderSettings
  3
ObjectDBX Classes
 90
1024
 91
7
280
0
281
0
  0
CLASS
  1
SORTENTSTABLE
  2
AcDbSortentsTable
  3
ObjectDBX Classes
 90
0
 91
7
280
0
281
0
  0
CLASS
  1
DIMASSOC
  2
AcDbDimAssoc
  3
"AcDbDimAssoc|Product Desc:     AcDim ARX App For Dimension|Company:          Autodesk, Inc.|WEB Address:      www.autodesk.com"
 90
0
 91
2
280
0
281
0
  0
CLASS
  1
ACDBASSOCACTION
  2
AcDbAssocAction
  3
ObjectDBX Classes
 90
1025
 91
4
280
0
281
0
  0
CLASS
  1
ACDBASSOCARRAYACTIONBODY
  2
AcDbAssocArrayActionBody
  3
ObjectDBX Classes
 90
1025
 91
4
280
0
281
0
  0
CLASS
  1
ACDBASSOCDEPENDENCY
  2
AcDbAssocDependency
  3
ObjectDBX Classes
 90
1025
 91
12
280
0
281
0
  0
CLASS
  1
ACDBASSOCVERTEXACTIONPARAM
  2
AcDbAssocVertexActionParam
  3
ObjectDBX Classes
 90
1025
 91
12
280
0
281
0
  0
CLASS
  1
ACDBASSOCARRAYPOLARPARAMETERS
  2
AcDbAssocArrayPolarParameters
  3
ObjectDBX Classes
 90
1025
 91
0
280
0
281
0
  0
CLASS
  1
ACDBASSOCNETWORK
  2
AcDbAssocNetwork
  3
ObjectDBX Classes
 90
1025
 91
3
280
0
281
0
  0
CLASS
  1
SUN
  2
AcDbSun
  3
SCENEOE
 90
1153
 91
0
280
0
281
0
  0
CLASS
  1
MENTALRAYRENDERSETTINGS
  2
AcDbMentalRayRenderSettings
  3
SCENEOE
 90
1024
 91
0
280
0
281
0
  0
CLASS
  1
RASTERVARIABLES
  2
AcDbRasterVariables
  3
ISM
 90
0
 91
0
280
0
281
0
  0
CLASS
  1
LAYOUT
  2
AcDbLayout
  3
ObjectDBX Classes
 90
0
 91
0
280
0
281
0
  0
CLASS
  1
ACDBPLACEHOLDER
  2
AcDbPlaceHolder
  3
ObjectDBX Classes
 90
0
 91
0
280
0
281
0
  0
ENDSEC
  0
SECTION
  2
TABLES
  0
TABLE
  2
VPORT
  5
8
330
0
100
AcDbSymbolTable
 70
1
  0
VPORT
  5
EA
330
8
100
AcDbSymbolTableRecord
100
AcDbViewportTableRecord
  2
*Active
 70
0
 10
0.0
 20
0.0
 11
1.0
 21
1.0
 12
7825.19811479139
 22
591.0390648558923
 13
0.0
 23
0.0
 14
10.0
 24
10.0
 15
10.0
 25
10.0
 16
0.0
 26
0.0
 36
1.0
 17
0.0
 27
0.0
 37
0.0
 40
10859.34931444821
 41
1.933823529411764
 42
50.0
 43
0.0
 44
0.0
 50
0.0
 51
0.0
 71
0
 72
1000
 73
1
 74
3
 75
0
 76
1
 77
0
 78
0
281
0
 65
1
110
0.0
120
0.0
130
0.0
111
1.0
121
0.0
131
0.0
112
0.0
122
1.0
132
0.0
 79
0
146
0.0
 60
3
 61
5
348
F5
292
1
282
1
141
0.0
142
0.0
 63
250
421
3355443
1001
ACAD_NAV_VCDISPLAY
1070
3
  0
ENDTAB
  0
TABLE
  2
LTYPE
  5
5
330
0
100
AcDbSymbolTable
 70
4
  0
LTYPE
  5
14
330
5
100
AcDbSymbolTableRecord
100
AcDbLinetypeTableRecord
  2
ByBlock
 70
0
  3

 72
65
 73
0
 40
0.0
  0
LTYPE
  5
15
330
5
100
AcDbSymbolTableRecord
100
AcDbLinetypeTableRecord
  2
ByLayer
 70
0
  3

 72
65
 73
0
 40
0.0
  0
LTYPE
  5
16
330
5
100
AcDbSymbolTableRecord
100
AcDbLinetypeTableRecord
  2
Continuous
 70
0
  3
Solid line
 72
65
 73
0
 40
0.0
  0
LTYPE
  5
4F8
330
5
100
AcDbSymbolTableRecord
100
AcDbLinetypeTableRecord
  2
HIDDEN
 70
0
  3
Hidden __ __ __ __ __ __ __ __ __ __ __ __ __ _
 72
65
 73
2
 40
0.375
 49
0.25
 74
0
 49
-0.125
 74
0
  0
ENDTAB
  0
TABLE
  2
LAYER
  5
2
102
{ACAD_XDICTIONARY
360
1FF
102
}
330
0
100
AcDbSymbolTable
 70
18
  0
LAYER
  5
10
102
{ACAD_XDICTIONARY
360
13C
102
}
330
2
100
AcDbSymbolTableRecord
100
AcDbLayerTableRecord
  2
0
 70
0
 62
7
  6
Continuous
370
-3
390
F
347
EE
348
0
  0
LAYER
  5
4F9
330
2
100
AcDbSymbolTableRecord
100
AcDbLayerTableRecord
  2
Defpoints
 70
0
 62
7
  6
Continuous
290
0
370
-3
390
F
347
EE
348
0
  0
LAYER
  5
4FA
330
2
100
AcDbSymbolTableRecord
100
AcDbLayerTableRecord
  2
CIVIL-TX2
 70
0
 62
2
  6
Continuous
370
-3
390
F
347
EE
348
0
  0
LAYER
  5
4FB
330
2
100
AcDbSymbolTableRecord
100
AcDbLayerTableRecord
  2
CIVIL-DIM
 70
0
 62
1
  6
Continuous
370
-3
390
F
347
EE
348
0
  0
LAYER
  5
4FC
330
2
100
AcDbSymbolTableRecord
100
AcDbLayerTableRecord
  2
CIVIL-02
 70
0
 62
2
  6
Continuous
370
-3
390
F
347
EE
348
0
  0
LAYER
  5
4FD
330
2
100
AcDbSymbolTableRecord
100
AcDbLayerTableRecord
  2
CIVIL-254
 70
0
 62
254
  6
Continuous
370
-3
390
F
347
EE
348
0
1001
AcAecLayerStandard
1000

1000

1001
AcCmTransparency
1071
0
  0
LAYER
  5
4FE
330
2
100
AcDbSymbolTableRecord
100
AcDbLayerTableRecord
  2
CIVIL-FERRO-VISTA
 70
0
 62
5
  6
Continuous
370
-3
390
F
347
EE
348
0
  0
LAYER
  5
4FF
330
2
100
AcDbSymbolTableRecord
100
AcDbLayerTableRecord
  2
CIVIL-FERRO-CORTE
 70
0
 62
4
  6
Continuous
370
-3
390
F
347
EE
348
0
  0
LAYER
  5
500
330
2
100
AcDbSymbolTableRecord
100
AcDbLayerTableRecord
  2
CIVIL-1
 70
0
 62
1
  6
Continuous
370
-3
390
F
347
EE
348
0
  0
LAYER
  5
501
330
2
100
AcDbSymbolTableRecord
100
AcDbLayerTableRecord
  2
CIVIL-02-PROJ
 70
0
 62
2
  6
HIDDEN
370
-3
390
F
347
EE
348
0
1001
AcAecLayerStandard
1000

1000

1001
AcCmTransparency
1071
0
  0
LAYER
  5
502
330
2
100
AcDbSymbolTableRecord
100
AcDbLayerTableRecord
  2
CIVIL-253
 70
0
 62
253
  6
Continuous
370
-3
390
F
347
EE
348
0
1001
AcAecLayerStandard
1000

1000

1001
AcCmTransparency
1071
0
  0
LAYER
  5
503
330
2
100
AcDbSymbolTableRecord
100
AcDbLayerTableRecord
  2
ES_TEXTO
 70
0
 62
2
  6
Continuous
370
-3
390
F
347
EE
348
0
1001
AcAecLayerStandard
1000

1000

1001
AcCmTransparency
1071
0
  0
LAYER
  5
504
330
2
100
AcDbSymbolTableRecord
100
AcDbLayerTableRecord
  2
FORMA_02
 70
0
 62
2
  6
Continuous
370
-3
390
F
347
EE
348
0
  0
LAYER
  5
505
330
2
100
AcDbSymbolTableRecord
100
AcDbLayerTableRecord
  2
FERRO_05
 70
0
 62
5
  6
Continuous
370
-3
390
F
347
EE
348
0
  0
LAYER
  5
506
330
2
100
AcDbSymbolTableRecord
100
AcDbLayerTableRecord
  2
CIVIL-TX5
 70
0
 62
5
  6
Continuous
370
-3
390
F
347
EE
348
0
1001
AcAecLayerStandard
1000

1000

1001
AcCmTransparency
1071
0
  0
LAYER
  5
81B
330
2
100
AcDbSymbolTableRecord
100
AcDbLayerTableRecord
  2
REVESTIMENTO
 70
0
 62
1
  6
Continuous
370
-3
390
F
347
EE
  0
LAYER
  5
81C
330
2
100
AcDbSymbolTableRecord
100
AcDbLayerTableRecord
  2
ARMADURA
 70
0
 62
4
  6
Continuous
370
-3
390
F
347
EE
  0
LAYER
  5
81D
330
2
100
AcDbSymbolTableRecord
100
AcDbLayerTableRecord
  2
PERFIL
 70
0
 62
3
  6
Continuous
370
-3
390
F
347
EE
  0
ENDTAB
  0
TABLE
  2
STYLE
  5
3
330
0
100
AcDbSymbolTable
 70
11
  0
STYLE
  5
11
330
3
100
AcDbSymbolTableRecord
100
AcDbTextStyleTableRecord
  2
Standard
 70
0
 40
0.0
 41
1.0
 50
0.0
 71
0
 42
2.5
  3
arial.ttf
  4

1001
ACAD
1000
Arial
1071
34
  0
STYLE
  5
132
330
3
100
AcDbSymbolTableRecord
100
AcDbTextStyleTableRecord
  2
Annotative
 70
0
 40
0.0
 41
1.0
 50
0.0
 71
0
 42
2.5
  3
arial.ttf
  4

1001
AcadAnnotative
1000
AnnotativeData
1002
{
1070
1
1070
1
1002
}
1001
ACAD
1000
Arial
1071
34
  0
STYLE
  5
507
330
3
100
AcDbSymbolTableRecord
100
AcDbTextStyleTableRecord
  2
ARIAL NORMAL 75
 70
0
 40
150.0
 41
1.0
 50
0.0
 71
0
 42
0.2
  3
arial.ttf
  4

1001
ACAD
1000
Arial
1071
34
  0
STYLE
  5
508
330
3
100
AcDbSymbolTableRecord
100
AcDbTextStyleTableRecord
  2
ARIAL NORMAL 50
 70
0
 40
100.0
 41
1.0
 50
0.0
 71
0
 42
0.2
  3
arial.ttf
  4

1001
ACAD
1000
Arial
1071
34
  0
STYLE
  5
509
330
3
100
AcDbSymbolTableRecord
100
AcDbTextStyleTableRecord
  2
80CL-1_10
 70
0
 40
20.0
 41
1.0
 50
0.0
 71
0
 42
0.2
  3
romans.shx
  4

  0
STYLE
  5
50A
330
3
100
AcDbSymbolTableRecord
100
AcDbTextStyleTableRecord
  2
80CL-1_25
 70
0
 40
50.0
 41
1.0
 50
0.0
 71
0
 42
0.2
  3
romans.shx
  4

  0
STYLE
  5
50B
330
3
100
AcDbSymbolTableRecord
100
AcDbTextStyleTableRecord
  2
ARIAL NORMAL
 70
0
 40
0.1
 41
1.0
 50
0.0
 71
0
 42
0.2
  3
arial.ttf
  4

1001
ACAD
1000
Arial
1071
34
  0
STYLE
  5
50C
330
3
100
AcDbSymbolTableRecord
100
AcDbTextStyleTableRecord
  2
ARIAL NORMAL 12.5
 70
0
 40
25.0
 41
1.0
 50
0.0
 71
0
 42
0.2
  3
arial.ttf
  4

1001
ACAD
1000
Arial
1071
34
  0
STYLE
  5
50D
330
3
100
AcDbSymbolTableRecord
100
AcDbTextStyleTableRecord
  2
80CL-1_50
 70
0
 40
100.0
 41
1.0
 50
0.0
 71
0
 42
0.2
  3
romans.shx
  4

  0
STYLE
  5
50E
330
3
100
AcDbSymbolTableRecord
100
AcDbTextStyleTableRecord
  2
140CL-1_10
 70
0
 40
35.0
 41
1.0
 50
0.0
 71
0
 42
0.2
  3
romans.shx
  4

  0
STYLE
  5
50F
330
3
100
AcDbSymbolTableRecord
100
AcDbTextStyleTableRecord
  2
140CL-1_50
 70
0
 40
175.0
 41
1.0
 50
0.0
 71
0
 42
0.2
  3
romans.shx
  4

  0
ENDTAB
  0
TABLE
  2
VIEW
  5
6
330
0
100
AcDbSymbolTable
 70
0
  0
ENDTAB
  0
TABLE
  2
UCS
  5
7
330
0
100
AcDbSymbolTable
 70
0
  0
ENDTAB
  0
TABLE
  2
APPID
  5
9
330
0
100
AcDbSymbolTable
 70
19
  0
APPID
  5
12
330
9
100
AcDbSymbolTableRecord
100
AcDbRegAppTableRecord
  2
ACAD
 70
0
  0
APPID
  5
9E
330
9
100
AcDbSymbolTableRecord
100
AcDbRegAppTableRecord
  2
ACAD_PSEXT
 70
0
  0
APPID
  5
133
330
9
100
AcDbSymbolTableRecord
100
AcDbRegAppTableRecord
  2
AcadAnnoPO
 70
0
  0
APPID
  5
134
330
9
100
AcDbSymbolTableRecord
100
AcDbRegAppTableRecord
  2
AcadAnnotative
 70
0
  0
APPID
  5
135
330
9
100
AcDbSymbolTableRecord
100
AcDbRegAppTableRecord
  2
ACAD_DSTYLE_DIMJAG
 70
0
  0
APPID
  5
136
330
9
100
AcDbSymbolTableRecord
100
AcDbRegAppTableRecord
  2
ACAD_DSTYLE_DIMTALN
 70
0
  0
APPID
  5
165
330
9
100
AcDbSymbolTableRecord
100
AcDbRegAppTableRecord
  2
ACAD_MLEADERVER
 70
0
  0
APPID
  5
217
330
9
100
AcDbSymbolTableRecord
100
AcDbRegAppTableRecord
  2
ACAD_NAV_VCDISPLAY
 70
0
  0
APPID
  5
514
330
9
100
AcDbSymbolTableRecord
100
AcDbRegAppTableRecord
  2
AcAecLayerStandard
 70
0
  0
APPID
  5
515
330
9
100
AcDbSymbolTableRecord
100
AcDbRegAppTableRecord
  2
AcCmTransparency
 70
0
  0
APPID
  5
516
330
9
100
AcDbSymbolTableRecord
100
AcDbRegAppTableRecord
  2
AcDbBlockRepETag
 70
0
  0
APPID
  5
517
330
9
100
AcDbSymbolTableRecord
100
AcDbRegAppTableRecord
  2
AcDbDynamicBlockGUID
 70
0
  0
APPID
  5
518
330
9
100
AcDbSymbolTableRecord
100
AcDbRegAppTableRecord
  2
GradientColor1ACI
 70
0
  0
APPID
  5
519
330
9
100
AcDbSymbolTableRecord
100
AcDbRegAppTableRecord
  2
GradientColor2ACI
 70
0
  0
APPID
  5
51A
330
9
100
AcDbSymbolTableRecord
100
AcDbRegAppTableRecord
  2
ADE
 70
0
  0
APPID
  5
51B
330
9
100
AcDbSymbolTableRecord
100
AcDbRegAppTableRecord
  2
PLOTTRANSPARENCY
 70
0
  0
APPID
  5
796
330
9
100
AcDbSymbolTableRecord
100
AcDbRegAppTableRecord
  2
ACAD_EXEMPT_FROM_CAD_STANDARDS
 70
0
  0
APPID
  5
874
330
9
100
AcDbSymbolTableRecord
100
AcDbRegAppTableRecord
  2
HATCHBACKGROUNDCOLOR
 70
0
  0
APPID
  5
875
330
9
100
AcDbSymbolTableRecord
100
AcDbRegAppTableRecord
  2
EZDXF
 70
0
  0
ENDTAB
  0
TABLE
  2
DIMSTYLE
  5
A
330
0
100
AcDbSymbolTable
 70
7
100
AcDbDimStyleTable
  0
DIMSTYLE
105
1B0
330
A
100
AcDbSymbolTableRecord
100
AcDbDimStyleTableRecord
  2
Standard
 70
0
 40
1.0
 41
2.5
 42
0.625
 43
3.75
 44
1.25
 45
0.0
 46
0.0
 47
0.0
 48
0.0
 49
2.5
140
2.5
141
2.5
142
0.0
143
0.03937007874
144
1.0
145
0.0
146
1.0
147
0.625
148
0.0
 69
0
 70
0
 71
0
 72
0
 73
0
 74
0
 75
0
 76
0
 77
1
 78
8
 79
3
170
0
171
3
172
1
173
0
174
0
175
0
176
0
177
0
178
0
179
2
271
2
272
2
273
2
274
3
275
0
276
0
277
2
278
44
279
0
280
0
281
0
282
0
283
0
284
8
285
0
286
0
288
0
289
3
290
0
340
11
371
-2
372
-2
  0
DIMSTYLE
105
137
330
A
100
AcDbSymbolTableRecord
100
AcDbDimStyleTableRecord
  2
Annotative
 70
0
 40
0.0
 41
2.5
 42
0.625
 43
3.75
 44
1.25
 45
0.0
 46
0.0
 47
0.0
 48
0.0
 49
2.5
140
2.5
141
2.5
142
0.0
143
0.03937007874016
144
1.0
145
0.0
146
1.0
147
0.625
148
0.0
 69
0
 70
0
 71
0
 72
0
 73
0
 74
0
 75
0
 76
0
 77
1
 78
8
 79
3
170
0
171
3
172
1
173
0
174
0
175
0
176
0
177
0
178
0
179
2
271
2
272
2
273
2
274
3
275
0
276
0
277
2
278
44
279
0
280
0
281
0
282
0
283
0
284
8
285
0
286
0
288
0
289
3
290
0
340
11
371
-2
372
-2
1001
AcadAnnotative
1000
AnnotativeData
1002
{
1070
1
1070
1
1002
}
1001
ACAD_DSTYLE_DIMJAG
1070
388
1040
1.5
1001
ACAD_DSTYLE_DIMTALN
1070
392
1070
0
  0
DIMSTYLE
105
27
330
A
100
AcDbSymbolTableRecord
100
AcDbDimStyleTableRecord
  2
ISO-25
 70
0
 40
1.0
 41
2.5
 42
0.625
 43
3.75
 44
1.25
 45
0.0
 46
0.0
 47
0.0
 48
0.0
 49
2.5
140
2.5
141
2.5
142
0.0
143
0.03937007874016
144
1.0
145
0.0
146
1.0
147
0.625
148
0.0
 69
0
 70
0
 71
0
 72
0
 73
0
 74
0
 75
0
 76
0
 77
1
 78
8
 79
3
170
0
171
3
172
1
173
0
174
0
175
0
176
0
177
0
178
0
179
2
271
2
272
2
273
2
274
3
275
0
276
0
277
2
278
44
279
0
280
0
281
0
282
0
283
0
284
8
285
0
286
0
288
0
289
3
290
0
340
11
371
-2
372
-2
  0
DIMSTYLE
105
510
330
A
100
AcDbSymbolTableRecord
100
AcDbDimStyleTableRecord
  2
TICK-1_75
 70
0
 40
75.0
 41
1.5
 42
2.0
 43
8.0
 44
1.8
 45
0.0
 46
1.8
 47
0.0
 48
0.0
 49
2.5
140
150.0
141
-2.0
142
0.0
143
0.03937007874016
144
0.1
145
0.0
146
1.0
147
1.0
148
0.0
 69
0
 70
0
 71
0
 72
0
 73
0
 74
0
 75
0
 76
0
 77
1
 78
8
 79
2
170
0
171
3
172
1
173
0
174
1
175
0
176
1
177
1
178
2
179
1
271
1
272
1
273
2
274
3
275
0
276
0
277
2
278
44
279
2
280
0
281
0
282
0
283
0
284
8
285
0
286
0
288
0
289
3
290
0
340
507
342
2C9
371
-1
372
-2
1001
ACAD_DSTYLE_DIMJAG
1070
388
1040
1.5
1001
ACAD_DSTYLE_DIMTALN
1070
392
1070
0
  0
DIMSTYLE
105
511
102
{ACAD_REACTORS
330
5B0
330
5B2
330
5B4
330
5C9
330
5CA
330
5CB
330
5CC
330
5CF
330
5D0
330
5D5
330
5DA
102
}
330
A
100
AcDbSymbolTableRecord
100
AcDbDimStyleTableRecord
  2
TICK-1_50
 70
0
 40
50.0
 41
1.5
 42
2.0
 43
8.0
 44
1.8
 45
0.0
 46
1.8
 47
0.0
 48
0.0
 49
2.5
140
100.0
141
-2.0
142
0.0
143
0.03937007874016
144
0.1
145
0.0
146
1.0
147
1.0
148
0.0
 69
0
 70
0
 71
0
 72
0
 73
0
 74
0
 75
0
 76
0
 77
1
 78
8
 79
2
170
0
171
3
172
1
173
0
174
1
175
0
176
1
177
1
178
2
179
1
271
1
272
1
273
2
274
3
275
0
276
0
277
2
278
44
279
2
280
0
281
0
282
0
283
0
284
8
285
0
286
0
288
0
289
3
290
0
340
508
342
2C9
371
-1
372
-2
1001
ACAD_DSTYLE_DIMJAG
1070
388
1040
1.5
1001
ACAD_DSTYLE_DIMTALN
1070
392
1070
0
  0
DIMSTYLE
105
512
102
{ACAD_REACTORS
330
59C
330
59D
330
5A1
330
5A7
102
}
330
A
100
AcDbSymbolTableRecord
100
AcDbDimStyleTableRecord
  2
TICK-1_10
 70
0
 40
10.0
 41
1.5
 42
2.0
 43
8.0
 44
1.8
 45
0.0
 46
1.8
 47
0.0
 48
0.0
 49
2.5
140
2.0
141
-2.0
142
0.0
143
0.03937007874016
144
0.1
145
0.0
146
1.0
147
1.0
148
0.0
 69
0
 70
0
 71
0
 72
0
 73
0
 74
0
 75
0
 76
0
 77
1
 78
8
 79
2
170
0
171
3
172
1
173
0
174
0
175
0
176
1
177
1
178
2
179
4
271
2
272
2
273
2
274
3
275
0
276
0
277
2
278
44
279
2
280
0
281
0
282
0
283
0
284
8
285
0
286
0
288
0
289
3
290
0
340
509
342
2C9
371
-1
372
-2
  0
DIMSTYLE
105
513
330
A
100
AcDbSymbolTableRecord
100
AcDbDimStyleTableRecord
  2
TICK-1_25
 70
0
 40
25.0
 41
1.5
 42
2.0
 43
8.0
 44
1.8
 45
0.0
 46
1.8
 47
0.0
 48
0.0
 49
2.5
140
50.0
141
-2.0
142
0.0
143
0.03937007874016
144
0.1
145
0.0
146
1.0
147
1.0
148
0.0
 69
0
 70
0
 71
0
 72
0
 73
0
 74
0
 75
0
 76
0
 77
1
 78
8
 79
2
170
0
171
3
172
1
173
0
174
0
175
0
176
1
177
1
178
2
179
4
271
1
272
1
273
2
274
3
275
0
276
0
277
2
278
44
279
2
280
0
281
0
282
0
283
0
284
8
285
0
286
0
288
0
289
3
290
0
340
50A
342
2C9
371
-1
372
-2
1001
ACAD_DSTYLE_DIMJAG
1070
388
1040
1.5
1001
ACAD_DSTYLE_DIMTALN
1070
392
1070
0
  0
ENDTAB
  0
TABLE
  2
BLOCK_RECORD
  5
1
330
0
100
AcDbSymbolTable
 70
47
  0
BLOCK_RECORD
  5
1F
102
{ACAD_XDICTIONARY
360
1CE
102
}
330
1
100
AcDbSymbolTableRecord
100
AcDbBlockTableRecord
  2
*Model_Space
340
22
 70
0
280
1
281
0
  0
BLOCK_RECORD
  5
D2
330
1
100
AcDbSymbolTableRecord
100
AcDbBlockTableRecord
  2
*Paper_Space
340
D3
 70
0
280
1
281
0
  0
BLOCK_RECORD
  5
D6
330
1
100
AcDbSymbolTableRecord
100
AcDbBlockTableRecord
  2
*Paper_Space0
340
D7
 70
0
280
1
281
0
  0
BLOCK_RECORD
  5
2C9
330
1
100
AcDbSymbolTableRecord
100
AcDbBlockTableRecord
  2
_ArchTick
340
0
 70
0
280
1
281
0
  0
BLOCK_RECORD
  5
2CD
102
{ACAD_XDICTIONARY
360
2CE
102
}
330
1
100
AcDbSymbolTableRecord
100
AcDbBlockTableRecord
  2
Rocha_2
340
0
 70
0
280
1
281
0
1001
AcDbDynamicBlockGUID
1000
{DFAB5CF8-EDAB-4A5E-940F-5FFD3F356B9E}
1001
AcDbBlockRepETag
1070
1
1071
9
  0
BLOCK_RECORD
  5
2F2
102
{ACAD_XDICTIONARY
360
2F3
102
}
330
1
100
AcDbSymbolTableRecord
100
AcDbBlockTableRecord
  2
ROCHA_3
340
0
 70
0
280
1
281
0
1001
AcDbDynamicBlockGUID
1000
{866E18C3-0BE8-4B02-BDDF-385017A778F0}
1001
AcDbBlockRepETag
1070
1
1071
11
  0
BLOCK_RECORD
  5
3D3
330
1
100
AcDbSymbolTableRecord
100
AcDbBlockTableRecord
  2
*U4
340
0
 70
0
280
1
281
1
  0
BLOCK_RECORD
  5
3DC
330
1
100
AcDbSymbolTableRecord
100
AcDbBlockTableRecord
  2
*U5
340
0
 70
0
280
1
281
0
  0
BLOCK_RECORD
  5
3E0
330
1
100
AcDbSymbolTableRecord
100
AcDbBlockTableRecord
  2
*D6
340
0
 70
0
280
1
281
0
  0
BLOCK_RECORD
  5
3EC
330
1
100
AcDbSymbolTableRecord
100
AcDbBlockTableRecord
  2
*D7
340
0
 70
0
280
1
281
0
  0
BLOCK_RECORD
  5
3F8
330
1
100
AcDbSymbolTableRecord
100
AcDbBlockTableRecord
  2
*D8
340
0
 70
0
280
1
281
0
  0
BLOCK_RECORD
  5
404
330
1
100
AcDbSymbolTableRecord
100
AcDbBlockTableRecord
  2
*D9
340
0
 70
0
280
1
281
0
  0
BLOCK_RECORD
  5
410
330
1
100
AcDbSymbolTableRecord
100
AcDbBlockTableRecord
  2
*D10
340
0
 70
0
280
1
281
0
  0
BLOCK_RECORD
  5
41C
330
1
100
AcDbSymbolTableRecord
100
AcDbBlockTableRecord
  2
*D11
340
0
 70
0
280
1
281
0
  0
BLOCK_RECORD
  5
429
330
1
100
AcDbSymbolTableRecord
100
AcDbBlockTableRecord
  2
*D12
340
0
 70
0
280
1
281
0
  0
BLOCK_RECORD
  5
437
330
1
100
AcDbSymbolTableRecord
100
AcDbBlockTableRecord
  2
*D13
340
0
 70
0
280
1
281
0
  0
BLOCK_RECORD
  5
444
330
1
100
AcDbSymbolTableRecord
100
AcDbBlockTableRecord
  2
*D14
340
0
 70
0
280
1
281
0
  0
BLOCK_RECORD
  5
450
330
1
100
AcDbSymbolTableRecord
100
AcDbBlockTableRecord
  2
*D15
340
0
 70
0
280
1
281
0
  0
BLOCK_RECORD
  5
45C
330
1
100
AcDbSymbolTableRecord
100
AcDbBlockTableRecord
  2
*D16
340
0
 70
0
280
1
281
0
  0
BLOCK_RECORD
  5
468
330
1
100
AcDbSymbolTableRecord
100
AcDbBlockTableRecord
  2
*D17
340
0
 70
0
280
1
281
0
  0
BLOCK_RECORD
  5
474
330
1
100
AcDbSymbolTableRecord
100
AcDbBlockTableRecord
  2
*D18
340
0
 70
0
280
1
281
0
  0
BLOCK_RECORD
  5
480
330
1
100
AcDbSymbolTableRecord
100
AcDbBlockTableRecord
  2
*D19
340
0
 70
0
280
1
281
0
  0
BLOCK_RECORD
  5
48C
330
1
100
AcDbSymbolTableRecord
100
AcDbBlockTableRecord
  2
*D20
340
0
 70
0
280
1
281
0
  0
BLOCK_RECORD
  5
498
102
{ACAD_XDICTIONARY
360
499
102
}
330
1
100
AcDbSymbolTableRecord
100
AcDbBlockTableRecord
  2
G$CFA953293
340
0
 70
0
280
1
281
0
  0
BLOCK_RECORD
  5
4EB
330
1
100
AcDbSymbolTableRecord
100
AcDbBlockTableRecord
  2
*U22
340
0
 70
0
280
1
281
0
  0
BLOCK_RECORD
  5
4EF
330
1
100
AcDbSymbolTableRecord
100
AcDbBlockTableRecord
  2
*U23
340
0
 70
0
280
1
281
1
  0
BLOCK_RECORD
  5
5EC
102
{ACAD_REACTORS
330
612
102
}
330
1
100
AcDbSymbolTableRecord
100
AcDbBlockTableRecord
  2
*U26
340
0
 70
0
280
1
281
1
  0
BLOCK_RECORD
  5
5F7
102
{ACAD_REACTORS
330
613
102
}
330
1
100
AcDbSymbolTableRecord
100
AcDbBlockTableRecord
  2
*U28
340
0
 70
0
280
1
281
0
  0
BLOCK_RECORD
  5
5FB
102
{ACAD_REACTORS
330
60B
102
}
330
1
100
AcDbSymbolTableRecord
100
AcDbBlockTableRecord
  2
*U29
340
0
 70
0
280
1
281
0
  0
BLOCK_RECORD
  5
5FF
102
{ACAD_REACTORS
330
60A
102
}
330
1
100
AcDbSymbolTableRecord
100
AcDbBlockTableRecord
  2
*U30
340
0
 70
0
280
1
281
1
  0
BLOCK_RECORD
  5
618
330
1
100
AcDbSymbolTableRecord
100
AcDbBlockTableRecord
  2
*D31
340
0
 70
0
280
1
281
0
  0
BLOCK_RECORD
  5
624
330
1
100
AcDbSymbolTableRecord
100
AcDbBlockTableRecord
  2
*D32
340
0
 70
0
280
1
281
0
  0
BLOCK_RECORD
  5
630
330
1
100
AcDbSymbolTableRecord
100
AcDbBlockTableRecord
  2
*D33
340
0
 70
0
280
1
281
0
  0
BLOCK_RECORD
  5
63C
330
1
100
AcDbSymbolTableRecord
100
AcDbBlockTableRecord
  2
*D34
340
0
 70
0
280
1
281
0
  0
BLOCK_RECORD
  5
648
330
1
100
AcDbSymbolTableRecord
100
AcDbBlockTableRecord
  2
*D35
340
0
 70
0
280
1
281
0
  0
BLOCK_RECORD
  5
654
330
1
100
AcDbSymbolTableRecord
100
AcDbBlockTableRecord
  2
*D36
340
0
 70
0
280
1
281
0
  0
BLOCK_RECORD
  5
661
330
1
100
AcDbSymbolTableRecord
100
AcDbBlockTableRecord
  2
*D37
340
0
 70
0
280
1
281
0
  0
BLOCK_RECORD
  5
66F
330
1
100
AcDbSymbolTableRecord
100
AcDbBlockTableRecord
  2
*D38
340
0
 70
0
280
1
281
0
  0
BLOCK_RECORD
  5
67C
330
1
100
AcDbSymbolTableRecord
100
AcDbBlockTableRecord
  2
*D39
340
0
 70
0
280
1
281
0
  0
BLOCK_RECORD
  5
688
330
1
100
AcDbSymbolTableRecord
100
AcDbBlockTableRecord
  2
*D40
340
0
 70
0
280
1
281
0
  0
BLOCK_RECORD
  5
694
330
1
100
AcDbSymbolTableRecord
100
AcDbBlockTableRecord
  2
*D41
340
0
 70
0
280
1
281
0
  0
BLOCK_RECORD
  5
6A0
330
1
100
AcDbSymbolTableRecord
100
AcDbBlockTableRecord
  2
*D42
340
0
 70
0
280
1
281
0
  0
BLOCK_RECORD
  5
6AC
330
1
100
AcDbSymbolTableRecord
100
AcDbBlockTableRecord
  2
*D43
340
0
 70
0
280
1
281
0
  0
BLOCK_RECORD
  5
6B8
330
1
100
AcDbSymbolTableRecord
100
AcDbBlockTableRecord
  2
*D44
340
0
 70
0
280
1
281
0
  0
BLOCK_RECORD
  5
74A
330
1
100
AcDbSymbolTableRecord
100
AcDbBlockTableRecord
  2
*D45
340
0
 70
0
280
1
281
0
  0
BLOCK_RECORD
  5
833
330
1
100
AcDbSymbolTableRecord
100
AcDbBlockTableRecord
  2
*D1
340
0
 70
0
280
1
281
0
  0
BLOCK_RECORD
  5
858
330
1
100
AcDbSymbolTableRecord
100
AcDbBlockTableRecord
  2
*D2
340
0
 70
0
280
1
281
0
  0
ENDTAB
  0
ENDSEC
  0
SECTION
  2
BLOCKS
  0
BLOCK
  5
20
330
1F
100
AcDbEntity
  8
0
100
AcDbBlockBegin
  2
*Model_Space
 70
0
 10
0.0
 20
0.0
 30
0.0
  3
*Model_Space
  1

  0
ENDBLK
  5
21
330
1F
100
AcDbEntity
  8
0
100
AcDbBlockEnd
  0
BLOCK
  5
D4
330
D2
100
AcDbEntity
 67
1
  8
0
100
AcDbBlockBegin
  2
*Paper_Space
 70
0
 10
0.0
 20
0.0
 30
0.0
  3
*Paper_Space
  1

  0
ENDBLK
  5
D5
330
D2
100
AcDbEntity
 67
1
  8
0
100
AcDbBlockEnd
  0
BLOCK
  5
D8
330
D6
100
AcDbEntity
 67
1
  8
0
100
AcDbBlockBegin
  2
*Paper_Space0
 70
0
 10
0.0
 20
0.0
 30
0.0
  3
*Paper_Space0
  1

  0
ENDBLK
  5
D9
330
D6
100
AcDbEntity
 67
1
  8
0
100
AcDbBlockEnd
  0
BLOCK
  5
2CA
330
2C9
100
AcDbEntity
  8
0
100
AcDbBlockBegin
  2
_ArchTick
 70
0
 10
0.0
 20
0.0
 30
0.0
  3
_ArchTick
  1

  0
LWPOLYLINE
  5
2CB
330
2C9
100
AcDbEntity
  8
0
  6
ByBlock
 62
0
100
AcDbPolyline
 90
2
 70
0
 43
0.15
 10
-0.5
 20
-0.5
 10
0.5
 20
0.5
  0
ENDBLK
  5
2CC
330
2C9
100
AcDbEntity
  8
0
100
AcDbBlockEnd
  0
BLOCK
  5
2D0
330
2CD
100
AcDbEntity
  8
0
100
AcDbBlockBegin
  2
Rocha_2
 70
0
 10
0.0
 20
0.0
 30
0.0
  3
Rocha_2
  1

  0
LWPOLYLINE
  5
2D1
330
2CD
100
AcDbEntity
  8
CIVIL-253
100
AcDbPolyline
 90
27
 70
0
 10
0.2567138063241146
 20
4.547e-13
 10
0.2733911027426075
 20
0.0002596725962576
 10
0.2875958034273935
 20
0.0009342959265268
 10
0.2996170836486271
 20
0.0018672783035072
 10
0.3097441186801006
 20
0.0029020280408076
 10
0.3182660837919684
 20
0.0038819534502181
 10
0.3254721542580228
 20
0.0046504628458024
 10
0.3316515053520561
 20
0.0050509645393504
 10
0.3370933123442228
 20
0.0049268668444711
 10
0.3420539398139226
 20
0.0041777948054005
 10
0.3466585095793562
 20
0.0029282403947946
 10
0.3509993327625125
 20
0.0013589123159363
 10
0.3551687204817426
 20
-0.0003494807274365
 10
0.3592589838681306
 20
-0.0020162300311313
 10
0.3633624340382084
 20
-0.0034606268918651
 10
0.3675713821157842
 20
-0.0045019626059002
 10
0.3719781392264849
 20
-0.004959528469044
 10
0.376646217331654
 20
-0.0047157350927591
 10
0.3815239317755186
 20
-0.0039054703488546
 10
0.386530798739841
 20
-0.0027267414234302
 10
0.3915863344027457
 20
-0.0013775555044049
 10
0.3966100549478142
 20
-5.59197774237e-05
 10
0.4015214765586279
 20
0.0010401585709587
 10
0.4062401154151303
 20
0.0017126723528236
 10
0.4106854877027218
 20
0.0017636143829805
 10
0.4147913808483282
 20
0.0010328013413528
 10
0.4171376397844142
 20
8.27194926387e-05
  0
LWPOLYLINE
  5
2D2
330
2CD
100
AcDbEntity
  8
CIVIL-253
100
AcDbPolyline
 90
27
 70
0
 10
0.2567138063241146
 20
4.547e-13
 10
0.2511444584069977
 20
0.0001225876976605
 10
0.2454694297102833
 20
0.0004418560647537
 10
0.239636374382826
 20
0.0008850630115376
 10
0.2335929465734807
 20
0.001379466448725
 10
0.2272868004274642
 20
0.001852324286574
 10
0.2206655900954502
 20
0.0022308944367069
 10
0.2136769697226555
 20
0.0024424348098364
 10
0.2062685934615729
 20
0.0024142033157659
 10
0.1983898552462051
 20
0.0020989308004573
 10
0.1899971081893454
 20
0.001551239852688
 10
0.1810484451943921
 20
0.0008512259933013
 10
0.1715019591574673
 20
7.89847463238e-05
 10
0.1613157429837884
 20
-0.0006853883655822
 10
0.1504478895749344
 20
-0.0013617978206639
 10
0.1388564918288466
 20
-0.0018701480948948
 10
0.1264996426507423
 20
-0.0021303436665221
 10
0.1133834715765261
 20
-0.0020893153591715
 10
0.0997062546884991
 20
-0.0018020993825303
 10
0.0857143047032878
 20
-0.0013507582934835
 10
0.0716539343375189
 20
-0.0008173546475518
 10
0.0577714563096379
 20
-0.0002839510020749
 10
0.0443131833380903
 20
0.0001673900874266
 10
0.0315254281413218
 20
0.0004546060640678
 10
0.0196545034323208
 20
0.0004956343714184
 10
0.0088728851715132
 20
0.0002371913742536
 10
0.0
 20
4.547e-13
  0
POLYLINE
  5
2D3
330
2CD
100
AcDbEntity
  8
CIVIL-253
100
AcDb2dPolyline
 66
1
 10
0.0
 20
0.0
 30
0.0
 70
4
 75
6
  0
VERTEX
  5
2D4
330
2D3
100
AcDbEntity
  8
CIVIL-253
100
AcDbVertex
100
AcDb2dVertex
 10
0.4793223659125943
 20
-0.3422440010835999
 30
0.0
 70
16
  0
VERTEX
  5
2D5
330
2D3
100
AcDbEntity
  8
CIVIL-253
100
AcDbVertex
100
AcDb2dVertex
 10
0.4793223659125943
 20
-0.3422440010835999
 30
0.0
 70
8
  0
VERTEX
  5
2D6
330
2D3
100
AcDbEntity
  8
CIVIL-253
100
AcDbVertex
100
AcDb2dVertex
 10
0.4713224936895131
 20
-0.3699393992319528
 30
0.0
 70
8
  0
VERTEX
  5
2D7
330
2D3
100
AcDbEntity
  8
CIVIL-253
100
AcDbVertex
100
AcDb2dVertex
 10
0.4656698956277979
 20
-0.3935973198326792
 30
0.0
 70
8
  0
VERTEX
  5
2D8
330
2D3
100
AcDbEntity
  8
CIVIL-253
100
AcDbVertex
100
AcDb2dVertex
 10
0.4618177673874016
 20
-0.4136888590151102
 30
0.0
 70
8
  0
VERTEX
  5
2D9
330
2D3
100
AcDbEntity
  8
CIVIL-253
100
AcDbVertex
100
AcDb2dVertex
 10
0.4592193046391913
 20
-0.4306851129085772
 30
0.0
 70
8
  0
VERTEX
  5
2DA
330
2D3
100
AcDbEntity
  8
CIVIL-253
100
AcDbVertex
100
AcDb2dVertex
 10
0.457327703048577
 20
-0.445057177642866
 30
0.0
 70
8
  0
VERTEX
  5
2DB
330
2D3
100
AcDbEntity
  8
CIVIL-253
100
AcDbVertex
100
AcDb2dVertex
 10
0.4555961582809687
 20
-0.4572761493477629
 30
0.0
 70
8
  0
VERTEX
  5
2DC
330
2D3
100
AcDbEntity
  8
CIVIL-253
100
AcDbVertex
100
AcDb2dVertex
 10
0.4534778660035954
 20
-0.4678131241525989
 30
0.0
 70
8
  0
VERTEX
  5
2DD
330
2D3
100
AcDbEntity
  8
CIVIL-253
100
AcDbVertex
100
AcDb2dVertex
 10
0.4504260218836862
 20
-0.4771391981867055
 30
0.0
 70
8
  0
VERTEX
  5
2DE
330
2D3
100
AcDbEntity
  8
CIVIL-253
100
AcDbVertex
100
AcDb2dVertex
 10
0.4460350717599795
 20
-0.4858087839447763
 30
0.0
 70
8
  0
VERTEX
  5
2DF
330
2D3
100
AcDbEntity
  8
CIVIL-253
100
AcDbVertex
100
AcDb2dVertex
 10
0.4404644621645275
 20
-0.4947095593847735
 30
0.0
 70
8
  0
VERTEX
  5
2E0
330
2D3
100
AcDbEntity
  8
CIVIL-253
100
AcDbVertex
100
AcDb2dVertex
 10
0.434014889802711
 20
-0.5048125188286577
 30
0.0
 70
8
  0
VERTEX
  5
2E1
330
2D3
100
AcDbEntity
  8
CIVIL-253
100
AcDbVertex
100
AcDb2dVertex
 10
0.4269870513799106
 20
-0.517088656598844
 30
0.0
 70
8
  0
VERTEX
  5
2E2
330
2D3
100
AcDbEntity
  8
CIVIL-253
100
AcDbVertex
100
AcDb2dVertex
 10
0.41968164359605
 20
-0.5325089670182024
 30
0.0
 70
8
  0
VERTEX
  5
2E3
330
2D3
100
AcDbEntity
  8
CIVIL-253
100
AcDbVertex
100
AcDb2dVertex
 10
0.412399363160148
 20
-0.5520444444082387
 30
0.0
 70
8
  0
VERTEX
  5
2E4
330
2D3
100
AcDbEntity
  8
CIVIL-253
100
AcDbVertex
100
AcDb2dVertex
 10
0.4054409067739471
 20
-0.5766660830913679
 30
0.0
 70
8
  0
VERTEX
  5
2E5
330
2D3
100
AcDbEntity
  8
CIVIL-253
100
AcDbVertex
100
AcDb2dVertex
 10
0.3991069711464661
 20
-0.607344877390915
 30
0.0
 70
8
  0
VERTEX
  5
2E6
330
2D3
100
AcDbEntity
  8
CIVIL-253
100
AcDbVertex
100
AcDb2dVertex
 10
0.4543736261493905
 20
-0.4219004516585301
 30
0.0
 70
16
  0
VERTEX
  5
2E7
330
2D3
100
AcDbEntity
  8
CIVIL-253
100
AcDbVertex
100
AcDb2dVertex
 10
0.46621648776636
 20
-0.4850304476904057
 30
0.0
 70
16
  0
VERTEX
  5
2E8
330
2D3
100
AcDbEntity
  8
CIVIL-253
100
AcDbVertex
100
AcDb2dVertex
 10
0.4148974858562724
 20
-0.5165954457065709
 30
0.0
 70
16
  0
VERTEX
  5
2E9
330
2D3
100
AcDbEntity
  8
CIVIL-253
100
AcDbVertex
100
AcDb2dVertex
 10
0.3991069711464661
 20
-0.607344877390915
 30
0.0
 70
16
  0
SEQEND
  5
2EA
330
2D3
100
AcDbEntity
  8
CIVIL-253
  0
LWPOLYLINE
  5
2EB
330
2CD
100
AcDbEntity
  8
CIVIL-253
100
AcDbPolyline
 90
26
 70
0
 10
0.7567138063241146
 20
4.547e-13
 10
0.7622831542430504
 20
0.0001225876976605
 10
0.7679581829379459
 20
0.0004418560647537
 10
0.7737912382672221
 20
0.0008850630115376
 10
0.7798346660783864
 20
0.001379466448725
 10
0.786140812222584
 20
0.001852324286574
 10
0.792762022554598
 20
0.0022308944367069
 10
0.7997506429255737
 20
0.0024424348098364
 10
0.8071590191902942
 20
0.0024142033157659
 10
0.8150377574020239
 20
0.0020989308004573
 10
0.8234305044588835
 20
0.001551239852688
 10
0.8323791674574749
 20
0.0008512259933013
 10
0.8419256534907616
 20
7.89847463238e-05
 10
0.8521118696644407
 20
-0.0006853883655822
 10
0.8629797230751137
 20
-0.0013617978206639
 10
0.8745711208193824
 20
-0.0018701480948948
 10
0.8869279699974867
 20
-0.0021303436665221
 10
0.900044141073522
 20
-0.0020893153591715
 10
0.913721357961549
 20
-0.0018020993825303
 10
0.9277133079467603
 20
-0.0013507582934835
 10
0.9417736783125292
 20
-0.0008173546475518
 10
0.9556561563385912
 20
-0.0002839510020749
 10
0.9691144293101388
 20
0.0001673900874266
 10
0.9819021845087264
 20
0.0004546060640678
 10
0.9937731092159083
 20
0.0004956343714184
 10
1.0
 20
4.547e-13
  0
LWPOLYLINE
  5
2EC
330
2CD
100
AcDbEntity
  8
CIVIL-253
100
AcDbPolyline
 90
25
 70
0
 10
0.4831643467878167
 20
-0.1840645643637799
 10
0.4836980830023095
 20
-0.1965102239018961
 10
0.4838534044338303
 20
-0.2125225213358135
 10
0.4835753120260052
 20
-0.2307290258877401
 10
0.4829649902003439
 20
-0.2503480621903691
 10
0.482147369753875
 20
-0.2703888901428399
 10
0.4812473814745318
 20
-0.2898607696433828
 10
0.4803899561575236
 20
-0.3077729605893182
 10
0.4797000245962409
 20
-0.3231347228793311
 10
0.479302517584074
 20
-0.3349553164116514
 10
0.4793223659125943
 20
-0.3422440010835999
 10
0.4798584048239718
 20
-0.3443053817250075
 10
0.4809050873518573
 20
-0.3416254428893808
 10
0.4824307709841378
 20
-0.3349855140627369
 10
0.4844038132032438
 20
-0.3251669247297286
 10
0.4867925714897865
 20
-0.3129510043759183
 10
0.4895654033316533
 20
-0.2991190824868681
 10
0.4926906662130932
 20
-0.2844524885467763
 10
0.4961367176147178
 20
-0.2697325520425693
 10
0.4998643774779339
 20
-0.2555938347645679
 10
0.5038043155655032
 20
-0.2420838277321309
 10
0.5078796640955261
 20
-0.2291032542707398
 10
0.512013555284284
 20
-0.2165528377058763
 10
0.5161291213535151
 20
-0.2043333013616575
 10
0.5215222849165003
 20
-0.1881161740639072
  0
LWPOLYLINE
  5
2ED
330
2CD
100
AcDbEntity
  8
CIVIL-253
100
AcDbPolyline
 90
26
 70
0
 10
0.5215222849165003
 20
-0.1881161740639072
 10
0.5239978069967038
 20
-0.180489762639354
 10
0.527597191008681
 20
-0.1686672069117776
 10
0.5308943694672053
 20
-0.1568178964607796
 10
0.5339304280787474
 20
-0.1450399133855171
 10
0.5367700432507263
 20
-0.1334708115368812
 10
0.5394778913814662
 20
-0.1222481447671271
 10
0.5421186488783861
 20
-0.1115094669294194
 10
0.5447569921452668
 20
-0.1013923318755587
 10
0.5474575975822518
 20
-0.0920342934578003
 10
0.5502851415949408
 20
-0.0835729055283992
 10
0.5532779194745672
 20
-0.0760925191812021
 10
0.5563687020530779
 20
-0.0694646744768761
 10
0.5594638790516911
 20
-0.0635077087176796
 10
0.5624698401879868
 20
-0.0580399592058711
 10
0.5652929751813645
 20
-0.0528797632446185
 10
0.567839673754861
 20
-0.0478454581343613
 10
0.5700163256278757
 20
-0.042755381178722
 10
0.5717293205161696
 20
-0.0374278696799593
 10
0.5729362673446304
 20
-0.0317466641486135
 10
0.5737996518582805
 20
-0.0258571179292631
 10
0.5745331790021737
 20
-0.0199699875756778
 10
0.5753505537195452
 20
-0.0142960296407182
 10
0.5764654809572676
 20
-0.0090460006776993
 10
0.578091665662214
 20
-0.0044306572403912
 10
0.5804428127776191
 20
-0.000660755881654
  0
LWPOLYLINE
  5
2EE
330
2CD
100
AcDbEntity
  8
CIVIL-253
100
AcDbPolyline
 90
29
 70
0
 10
0.4171376397844142
 20
8.27194926387e-05
 10
0.4250379946406611
 20
-0.0057877511894731
 10
0.4277803229178972
 20
-0.0095075197600636
 10
0.4301946191480966
 20
-0.0139021871564182
 10
0.432286027004011
 20
-0.0189428173548549
 10
0.4340596901492973
 20
-0.0246004743330559
 10
0.4355366326308286
 20
-0.0308307077798418
 10
0.436801399997421
 20
-0.0375270102290415
 10
0.4379544181683741
 20
-0.0445673599256225
 10
0.4390961130648066
 20
-0.051829735114552
 10
0.4403269106151129
 20
-0.0591921140403429
 10
0.4417472367385927
 20
-0.0665324749488718
 10
0.4434575173563644
 20
-0.0737287960846516
 10
0.4455581783931848
 20
-0.0806590556931042
 10
0.4481160833875038
 20
-0.0872357808248126
 10
0.4510638463489159
 20
-0.0935096937523668
 10
0.454300518904347
 20
-0.0995660655544271
 10
0.4577251526807232
 20
-0.105490167309199
 10
0.4612367993031512
 20
-0.1113672700957977
 10
0.4647345104003762
 20
-0.1172826449928834
 10
0.468117337595686
 20
-0.1233215630777522
 10
0.4712843325196446
 20
-0.1295692954304286
 10
0.474148446950494
 20
-0.1361408426673734
 10
0.4766782332862931
 20
-0.143270123563525
 10
0.4788561440873309
 20
-0.1512207864320771
 10
0.4806646319029824
 20
-0.1602564795866783
 10
0.4820861492917175
 20
-0.1706408513409769
 10
0.4831031488065492
 20
-0.1826375500081667
 10
0.4831643467878167
 20
-0.1840645643637799
  0
LWPOLYLINE
  5
2EF
330
2CD
100
AcDbEntity
  8
CIVIL-253
100
AcDbPolyline
 90
26
 70
0
 10
0.581057149107437
 20
-0.000154002025738
 10
0.583732627253994
 20
0.0020529468447421
 10
0.5881129909412266
 20
0.0035749452504206
 10
0.5934884933212743
 20
0.0040707370999371
 10
0.5997019007882046
 20
0.0037810710232407
 10
0.6065959797288089
 20
0.0029466956502802
 10
0.6140134965353355
 20
0.0018083596100951
 10
0.6217972175963951
 20
0.0006068115326343
 10
0.6297899093042361
 20
-0.0004171999526079
 10
0.6378343380492879
 20
-0.0010229262161374
 10
0.6457884863084474
 20
-0.0010344571765017
 10
0.653571200919032
 20
-0.0005352369444154
 10
0.6611165448084649
 20
0.0003264518231845
 10
0.6683585808968929
 20
0.0014023264666321
 10
0.6752313721153769
 20
0.0025441043285355
 10
0.681668981382245
 20
0.0036035027496837
 10
0.687605471628558
 20
0.0044322390726848
 10
0.692974905776282
 20
0.0048820306383277
 10
0.6978072645142674
 20
0.0048494298807782
 10
0.7025161996007228
 20
0.0044103296013418
 10
0.707611280546189
 20
0.0036854576937913
 10
0.71360207687394
 20
0.0027955420514445
 10
0.7209981580963359
 20
0.0018613105671648
 10
0.7303090937348315
 20
0.0010034911351795
 10
0.7420444533054252
 20
0.0003428116478972
 10
0.7567138063241146
 20
4.547e-13
  0
LWPOLYLINE
  5
2F0
330
2CD
100
AcDbEntity
  8
CIVIL-253
100
AcDbPolyline
 90
26
 70
0
 10
-5.23902635905e-05
 20
4.547e-13
 10
-0.0069820376338612
 20
-0.0388145586002793
 10
-0.0116477633437171
 20
-0.0700280073929207
 10
-0.0145420153603482
 20
-0.0946810086475125
 10
-0.0161572416509444
 20
-0.1138142246318239
 10
-0.0169858901845146
 20
-0.1284683176149883
 10
-0.0175204089246108
 20
-0.1396839498661393
 10
-0.018253245838423
 20
-0.1485017836539555
 10
-0.0196768488913222
 20
-0.1559624812475704
 10
-0.0221484717512794
 20
-0.1629384663228848
 10
-0.0254845908930292
 20
-0.1696292081883257
 10
-0.0293664884829923
 20
-0.1760659375595424
 10
-0.0334754466966842
 20
-0.1822798851517291
 10
-0.0374927477041638
 20
-0.1883022816809898
 10
-0.0410996736809466
 20
-0.1941643578629737
 10
-0.0439775067952724
 20
-0.1998973444128751
 10
-0.0458075292190188
 20
-0.2055324720467979
 10
-0.0463817758391088
 20
-0.2110964604516994
 10
-0.0459352923753613
 20
-0.216597985196131
 10
-0.0448138772662787
 20
-0.2220412108231358
 10
-0.0433633289449063
 20
-0.2274303018716637
 10
-0.0419294458479271
 20
-0.2327694228847577
 10
-0.0408580264083867
 20
-0.2380627384022773
 10
-0.0404948690666061
 20
-0.2433144129659013
 10
-0.0411857722501736
 20
-0.2485286111163987
 10
-0.0415603049950733
 20
-0.2495245244549551
  0
ENDBLK
  5
2F1
330
2CD
100
AcDbEntity
  8
0
100
AcDbBlockEnd
  0
BLOCK
  5
2F5
330
2F2
100
AcDbEntity
  8
0
100
AcDbBlockBegin
  2
ROCHA_3
 70
0
 10
0.0
 20
0.0
 30
0.0
  3
ROCHA_3
  1

  0
POLYLINE
  5
2F6
330
2F2
100
AcDbEntity
  8
CIVIL-253
100
AcDb2dPolyline
 66
1
 10
0.0
 20
0.0
 30
0.0
 70
4
 75
6
  0
VERTEX
  5
2F7
330
2F6
100
AcDbEntity
  8
CIVIL-253
100
AcDbVertex
100
AcDb2dVertex
 10
-0.0001719921906442
 20
-1.819e-12
 30
0.0
 70
16
  0
VERTEX
  5
2F8
330
2F6
100
AcDbEntity
  8
CIVIL-253
100
AcDbVertex
100
AcDb2dVertex
 10
-0.0001719921906442
 20
-1.819e-12
 30
0.0
 70
8
  0
VERTEX
  5
2F9
330
2F6
100
AcDbEntity
  8
CIVIL-253
100
AcDbVertex
100
AcDb2dVertex
 10
-0.0071016395590959
 20
-0.0388145586020983
 30
0.0
 70
8
  0
VERTEX
  5
2FA
330
2F6
100
AcDbEntity
  8
CIVIL-253
100
AcDbVertex
100
AcDb2dVertex
 10
-0.0117673652684971
 20
-0.070028007394285
 30
0.0
 70
8
  0
VERTEX
  5
2FB
330
2F6
100
AcDbEntity
  8
CIVIL-253
100
AcDbVertex
100
AcDb2dVertex
 10
-0.0146616172860377
 20
-0.0946810086497863
 30
0.0
 70
8
  0
VERTEX
  5
2FC
330
2F6
100
AcDbEntity
  8
CIVIL-253
100
AcDbVertex
100
AcDb2dVertex
 10
-0.0162768435779981
 20
-0.1138142246327334
 30
0.0
 70
8
  0
VERTEX
  5
2FD
330
2F6
100
AcDbEntity
  8
CIVIL-253
100
AcDbVertex
100
AcDb2dVertex
 10
-0.0171054921102041
 20
-0.1284683176163526
 30
0.0
 70
8
  0
VERTEX
  5
2FE
330
2F6
100
AcDbEntity
  8
CIVIL-253
100
AcDbVertex
100
AcDb2dVertex
 10
-0.0176400108498456
 20
-0.139683949868413
 30
0.0
 70
8
  0
VERTEX
  5
2FF
330
2F6
100
AcDbEntity
  8
CIVIL-253
100
AcDbVertex
100
AcDb2dVertex
 10
-0.0183728477636578
 20
-0.148501783654865
 30
0.0
 70
8
  0
VERTEX
  5
300
330
2F6
100
AcDbEntity
  8
CIVIL-253
100
AcDbVertex
100
AcDb2dVertex
 10
-0.0197964508165569
 20
-0.1559624812489346
 30
0.0
 70
8
  0
VERTEX
  5
301
330
2F6
100
AcDbEntity
  8
CIVIL-253
100
AcDbVertex
100
AcDb2dVertex
 10
-0.0222680736783332
 20
-0.1629384663247038
 30
0.0
 70
8
  0
VERTEX
  5
302
330
2F6
100
AcDbEntity
  8
CIVIL-253
100
AcDbVertex
100
AcDb2dVertex
 10
-0.025604192818264
 20
-0.1696292081887805
 30
0.0
 70
8
  0
VERTEX
  5
303
330
2F6
100
AcDbEntity
  8
CIVIL-253
100
AcDbVertex
100
AcDb2dVertex
 10
-0.0294860904086818
 20
-0.1760659375613613
 30
0.0
 70
8
  0
VERTEX
  5
304
330
2F6
100
AcDbEntity
  8
CIVIL-253
100
AcDbVertex
100
AcDb2dVertex
 10
-0.0335950486223737
 20
-0.1822798851535481
 30
0.0
 70
8
  0
VERTEX
  5
305
330
2F6
100
AcDbEntity
  8
CIVIL-253
100
AcDbVertex
100
AcDb2dVertex
 10
-0.0376123496307628
 20
-0.1883022816818993
 30
0.0
 70
8
  0
VERTEX
  5
306
330
2F6
100
AcDbEntity
  8
CIVIL-253
100
AcDbVertex
100
AcDb2dVertex
 10
-0.0412192756061813
 20
-0.1941643578647927
 30
0.0
 70
8
  0
VERTEX
  5
307
330
2F6
100
AcDbEntity
  8
CIVIL-253
100
AcDbVertex
100
AcDb2dVertex
 10
-0.0440971087205071
 20
-0.1998973444151488
 30
0.0
 70
8
  0
VERTEX
  5
308
330
2F6
100
AcDbEntity
  8
CIVIL-253
100
AcDbVertex
100
AcDb2dVertex
 10
-0.0459271311460725
 20
-0.2055324720495264
 30
0.0
 70
8
  0
VERTEX
  5
309
330
2F6
100
AcDbEntity
  8
CIVIL-253
100
AcDbVertex
100
AcDb2dVertex
 10
-0.0465013777643435
 20
-0.2110964604526089
 30
0.0
 70
8
  0
VERTEX
  5
30A
330
2F6
100
AcDbEntity
  8
CIVIL-253
100
AcDbVertex
100
AcDb2dVertex
 10
-0.0460548943010508
 20
-0.21659798519795
 30
0.0
 70
8
  0
VERTEX
  5
30B
330
2F6
100
AcDbEntity
  8
CIVIL-253
100
AcDbVertex
100
AcDb2dVertex
 10
-0.0449334791915135
 20
-0.2220412108235905
 30
0.0
 70
8
  0
VERTEX
  5
30C
330
2F6
100
AcDbEntity
  8
CIVIL-253
100
AcDbVertex
100
AcDb2dVertex
 10
-0.0434829308705957
 20
-0.2274303018748469
 30
0.0
 70
8
  0
VERTEX
  5
30D
330
2F6
100
AcDbEntity
  8
CIVIL-253
100
AcDbVertex
100
AcDb2dVertex
 10
-0.0420490477736166
 20
-0.2327694228861219
 30
0.0
 70
8
  0
VERTEX
  5
30E
330
2F6
100
AcDbEntity
  8
CIVIL-253
100
AcDbVertex
100
AcDb2dVertex
 10
-0.0409776283349857
 20
-0.238062738404551
 30
0.0
 70
8
  0
VERTEX
  5
30F
330
2F6
100
AcDbEntity
  8
CIVIL-253
100
AcDbVertex
100
AcDb2dVertex
 10
-0.0406144709909313
 20
-0.243314412968175
 30
0.0
 70
8
  0
VERTEX
  5
310
330
2F6
100
AcDbEntity
  8
CIVIL-253
100
AcDbVertex
100
AcDb2dVertex
 10
-0.0413053741763179
 20
-0.2485286111168534
 30
0.0
 70
8
  0
VERTEX
  5
311
330
2F6
100
AcDbEntity
  8
CIVIL-253
100
AcDbVertex
100
AcDb2dVertex
 10
-0.0432714961202692
 20
-0.2537566909086308
 30
0.0
 70
8
  0
VERTEX
  5
312
330
2F6
100
AcDbEntity
  8
CIVIL-253
100
AcDbVertex
100
AcDb2dVertex
 10
-0.0462354342257641
 20
-0.2592387844488257
 30
0.0
 70
8
  0
VERTEX
  5
313
330
2F6
100
AcDbEntity
  8
CIVIL-253
100
AcDbVertex
100
AcDb2dVertex
 10
-0.0497951456909505
 20
-0.2652622173554846
 30
0.0
 70
8
  0
VERTEX
  5
314
330
2F6
100
AcDbEntity
  8
CIVIL-253
100
AcDbVertex
100
AcDb2dVertex
 10
-0.0535485877126121
 20
-0.2721143152484728
 30
0.0
 70
8
  0
VERTEX
  5
315
330
2F6
100
AcDbEntity
  8
CIVIL-253
100
AcDbVertex
100
AcDb2dVertex
 10
-0.0570937174879873
 20
-0.2800824037494749
 30
0.0
 70
8
  0
VERTEX
  5
316
330
2F6
100
AcDbEntity
  8
CIVIL-253
100
AcDbVertex
100
AcDb2dVertex
 10
-0.0600284922152241
 20
-0.2894538084765372
 30
0.0
 70
8
  0
VERTEX
  5
317
330
2F6
100
AcDbEntity
  8
CIVIL-253
100
AcDbVertex
100
AcDb2dVertex
 10
-0.0619508690911062
 20
-0.3005158550531632
 30
0.0
 70
8
  0
VERTEX
  5
318
330
2F6
100
AcDbEntity
  8
CIVIL-253
100
AcDbVertex
100
AcDb2dVertex
 10
-0.0624588053124171
 20
-0.3135558690919424
 30
0.0
 70
8
  0
VERTEX
  5
319
330
2F6
100
AcDbEntity
  8
CIVIL-253
100
AcDbVertex
100
AcDb2dVertex
 10
-0.0613988440741196
 20
-0.3287411102719488
 30
0.0
 70
8
  0
VERTEX
  5
31A
330
2F6
100
AcDbEntity
  8
CIVIL-253
100
AcDbVertex
100
AcDb2dVertex
 10
-0.0596118725547967
 20
-0.3457585744617972
 30
0.0
 70
8
  0
VERTEX
  5
31B
330
2F6
100
AcDbEntity
  8
CIVIL-253
100
AcDbVertex
100
AcDb2dVertex
 10
-0.058187363932575
 20
-0.36417519159113
 30
0.0
 70
8
  0
VERTEX
  5
31C
330
2F6
100
AcDbEntity
  8
CIVIL-253
100
AcDbVertex
100
AcDb2dVertex
 10
-0.0582147913819426
 20
-0.3835578915877704
 30
0.0
 70
8
  0
VERTEX
  5
31D
330
2F6
100
AcDbEntity
  8
CIVIL-253
100
AcDbVertex
100
AcDb2dVertex
 10
-0.0607836280805714
 20
-0.403473604375904
 30
0.0
 70
8
  0
VERTEX
  5
31E
330
2F6
100
AcDbEntity
  8
CIVIL-253
100
AcDbVertex
100
AcDb2dVertex
 10
-0.0669833472047685
 20
-0.423489259883354
 30
0.0
 70
8
  0
VERTEX
  5
31F
330
2F6
100
AcDbEntity
  8
CIVIL-253
100
AcDbVertex
100
AcDb2dVertex
 10
-0.0779034219303867
 20
-0.4431717880343058
 30
0.0
 70
8
  0
VERTEX
  5
320
330
2F6
100
AcDbEntity
  8
CIVIL-253
100
AcDbVertex
100
AcDb2dVertex
 10
-0.094633325434188
 20
-0.4620881187565829
 30
0.0
 70
8
  0
VERTEX
  5
321
330
2F6
100
AcDbEntity
  8
CIVIL-253
100
AcDbVertex
100
AcDb2dVertex
 10
-0.0221073455768419
 20
-0.1145653358071286
 30
0.0
 70
16
  0
VERTEX
  5
322
330
2F6
100
AcDbEntity
  8
CIVIL-253
100
AcDbVertex
100
AcDb2dVertex
 10
-0.007175500345511
 20
-0.1593382031223882
 30
0.0
 70
16
  0
VERTEX
  5
323
330
2F6
100
AcDbEntity
  8
CIVIL-253
100
AcDbVertex
100
AcDb2dVertex
 10
-0.0605034353270639
 20
-0.2062431728536467
 30
0.0
 70
16
  0
VERTEX
  5
324
330
2F6
100
AcDbEntity
  8
CIVIL-253
100
AcDbVertex
100
AcDb2dVertex
 10
-0.0263735452203946
 20
-0.2488839377529075
 30
0.0
 70
16
  0
VERTEX
  5
325
330
2F6
100
AcDbEntity
  8
CIVIL-253
100
AcDbVertex
100
AcDb2dVertex
 10
-0.0818346288501744
 20
-0.2893927428394818
 30
0.0
 70
16
  0
VERTEX
  5
326
330
2F6
100
AcDbEntity
  8
CIVIL-253
100
AcDbVertex
100
AcDb2dVertex
 10
-0.0413053904521803
 20
-0.4130511179118912
 30
0.0
 70
16
  0
VERTEX
  5
327
330
2F6
100
AcDbEntity
  8
CIVIL-253
100
AcDbVertex
100
AcDb2dVertex
 10
-0.094633325434188
 20
-0.4620881187565829
 30
0.0
 70
16
  0
SEQEND
  5
328
330
2F6
100
AcDbEntity
  8
CIVIL-253
  0
LWPOLYLINE
  5
329
330
2F2
100
AcDbEntity
  8
CIVIL-253
100
AcDbPolyline
 90
26
 70
0
 10
1.176775294580238
 20
-1.819e-12
 10
1.169845647211786
 20
-0.0388145586020983
 10
1.16517992150193
 20
-0.070028007394285
 10
1.162285669484845
 20
-0.0946810086497863
 10
1.160670443192884
 20
-0.1138142246327334
 10
1.159841794660678
 20
-0.1284683176163526
 10
1.159307275921037
 20
-0.139683949868413
 10
1.158574439007679
 20
-0.148501783654865
 10
1.157150835953871
 20
-0.1559624812489346
 10
1.154679213093004
 20
-0.1629384663247038
 10
1.151343093953073
 20
-0.1696292081887805
 10
1.147461196361746
 20
-0.1760659375613613
 10
1.143352238148509
 20
-0.1822798851535481
 10
1.13933493714012
 20
-0.1883022816818993
 10
1.135728011164701
 20
-0.1941643578647927
 10
1.13285017805083
 20
-0.1998973444151488
 10
1.131020155625265
 20
-0.2055324720495264
 10
1.130445909006539
 20
-0.2110964604526089
 10
1.130892392469831
 20
-0.21659798519795
 10
1.132013807579369
 20
-0.2220412108235905
 10
1.133464355900287
 20
-0.2274303018748469
 10
1.13489823899772
 20
-0.2327694228861219
 10
1.135969658435897
 20
-0.238062738404551
 10
1.136332815779496
 20
-0.243314412968175
 10
1.13564191259411
 20
-0.2485286111168534
 10
1.135267379850574
 20
-0.2495245244572288
  0
LWPOLYLINE
  5
32A
330
2F2
100
AcDbEntity
  8
CIVIL-253
100
AcDbPolyline
 90
26
 70
0
 10
0.3243591730301887
 20
-1.819e-12
 10
0.317429525661737
 20
-0.0388145586020983
 10
0.3127637999523358
 20
-0.070028007394285
 10
0.3098695479347953
 20
-0.0946810086497863
 10
0.3082543216428348
 20
-0.1138142246327334
 10
0.3074256731101741
 20
-0.1284683176163526
 10
0.3068911543705326
 20
-0.139683949868413
 10
0.3061583174571751
 20
-0.148501783654865
 10
0.3047347144038213
 20
-0.1559624812489346
 10
0.3022630915424997
 20
-0.1629384663247038
 10
0.2989269724025689
 20
-0.1696292081887805
 10
0.2950450748121511
 20
-0.1760659375613613
 10
0.2909361165984592
 20
-0.1822798851535481
 10
0.2869188155896154
 20
-0.1883022816818993
 10
0.2833118896141968
 20
-0.1941643578647927
 10
0.2804340565003258
 20
-0.1998973444151488
 10
0.2786040340747604
 20
-0.2055324720495264
 10
0.2780297874564894
 20
-0.2110964604526089
 10
0.2784762709193274
 20
-0.21659798519795
 10
0.2795976860293194
 20
-0.2220412108235905
 10
0.2810482343502372
 20
-0.2274303018748469
 10
0.2824821174472163
 20
-0.2327694228861219
 10
0.2835535368858473
 20
-0.238062738404551
 10
0.2839166942299016
 20
-0.243314412968175
 10
0.283225791044515
 20
-0.2485286111168534
 10
0.2828512583005249
 20
-0.2495245244572288
  0
LWPOLYLINE
  5
32B
330
2F2
100
AcDbEntity
  8
CIVIL-253
100
AcDbPolyline
 90
26
 70
0
 10
0.7648084785910215
 20
-0.1881161740657262
 10
0.7672840006716797
 20
-0.1804897626407182
 10
0.7708833846827475
 20
-0.1686672069117776
 10
0.7741805631412717
 20
-0.1568178964625986
 10
0.7772166217546328
 20
-0.1450399133864266
 10
0.7800562369247928
 20
-0.133470811537336
 10
0.7827640850568969
 20
-0.1222481447694008
 10
0.785404842553362
 20
-0.1115094669294194
 10
0.7880431858193333
 20
-0.101392331876923
 10
0.790743791256773
 20
-0.0920342934587097
 10
0.7935713352708264
 20
-0.0835729055306729
 10
0.7965641131495432
 20
-0.0760925191825663
 10
0.7996548957285086
 20
-0.0694646744777856
 10
0.8027500727257574
 20
-0.0635077087190439
 10
0.805756033862508
 20
-0.0580399592072354
 10
0.8085791688572498
 20
-0.0528797632450733
 10
0.8111258674302916
 20
-0.0478454581352708
 10
0.8133025193014873
 20
-0.042755381180541
 10
0.8150155141902359
 20
-0.0374278696799593
 10
0.8162224610205157
 20
-0.0317466641499777
 10
0.8170858455341659
 20
-0.025857117931082
 10
0.8178193726766949
 20
-0.0199699875756778
 10
0.8186367473940663
 20
-0.0142960296416277
 10
0.8197516746322435
 20
-0.0090460006795183
 10
0.8213778593371898
 20
-0.0044306572417554
 10
0.823729006454414
 20
-0.0006607558825635
  0
LWPOLYLINE
  5
32C
330
2F2
100
AcDbEntity
  8
CIVIL-253
100
AcDbPolyline
 90
29
 70
0
 10
0.6604238334593902
 20
8.27194908197e-05
 10
0.6683241883147275
 20
-0.0057877511917468
 10
0.6710665165919636
 20
-0.0095075197623373
 10
0.6734808128230725
 20
-0.0139021871564182
 10
0.6755722206776227
 20
-0.0189428173562192
 10
0.6773458838242732
 20
-0.0246004743348749
 10
0.678822826306714
 20
-0.030830707781206
 10
0.6800875936714875
 20
-0.0375270102285867
 10
0.6812406118428953
 20
-0.0445673599278962
 10
0.6823823067416015
 20
-0.0518297351154615
 10
0.6836131042905436
 20
-0.0591921140403429
 10
0.6850334304131139
 20
-0.0665324749516003
 10
0.6867437110313404
 20
-0.0737287960855611
 10
0.688844372067706
 20
-0.0806590556949232
 10
0.6914022770624797
 20
-0.0872357808257221
 10
0.6943500400243466
 20
-0.093509693753731
 10
0.6975867125802325
 20
-0.0995660655553366
 10
0.7010113463556991
 20
-0.1054901673105633
 10
0.7045229929785819
 20
-0.1113672700976167
 10
0.7080207040748974
 20
-0.1172826449928834
 10
0.7114035312715714
 20
-0.123321563078207
 10
0.7145705261941658
 20
-0.1295692954317928
 10
0.7174346406245605
 20
-0.1361408426673734
 10
0.7199644269626333
 20
-0.1432701235644345
 10
0.7221423377627616
 20
-0.1512207864325319
 10
0.7239508255797773
 20
-0.1602564795884973
 10
0.7253723429680577
 20
-0.1706408513418864
 10
0.7263893424824346
 20
-0.182637550009531
 10
0.726450540463702
 20
-0.1840645643642347
  0
LWPOLYLINE
  5
32D
330
2F2
100
AcDbEntity
  8
CIVIL-253
100
AcDbPolyline
 90
25
 70
0
 10
0.726450540463702
 20
-0.1840645643642347
 10
0.7269842766772854
 20
-0.1965102239028056
 10
0.7271395981078967
 20
-0.212522521336723
 10
0.7268615057009811
 20
-0.2307290258886496
 10
0.7262511838771389
 20
-0.2503480621926428
 10
0.7254335634288509
 20
-0.2703888901451137
 10
0.7245335751499625
 20
-0.2898607696461113
 10
0.723676149833409
 20
-0.3077729605920467
 10
0.7229862182716716
 20
-0.3231347228793311
 10
0.7225887112581404
 20
-0.3349553164116514
 10
0.722608559586206
 20
-0.3422440010835999
 10
0.7231445984975835
 20
-0.3443053817263717
 10
0.7241912810268332
 20
-0.3416254428921093
 10
0.725716964658659
 20
-0.3349855140641011
 10
0.7276900068768555
 20
-0.3251669247310929
 10
0.7300787651647626
 20
-0.312951004378192
 10
0.7328515970070839
 20
-0.2991190824868681
 10
0.7359768598876144
 20
-0.2844524885476858
 10
0.7394229112901485
 20
-0.2697325520439335
 10
0.7431505711533646
 20
-0.2555938347668416
 10
0.7470905092413886
 20
-0.2420838277339499
 10
0.7511658577714116
 20
-0.2291032542725588
 10
0.7552997489610789
 20
-0.216552837706331
 10
0.7594153150289458
 20
-0.204333301362567
 10
0.7648084785910215
 20
-0.1881161740657262
  0
POLYLINE
  5
32E
330
2F2
100
AcDbEntity
  8
CIVIL-253
100
AcDb2dPolyline
 66
1
 10
0.0
 20
0.0
 30
0.0
 70
4
 75
6
  0
VERTEX
  5
32F
330
32E
100
AcDbEntity
  8
CIVIL-253
100
AcDbVertex
100
AcDb2dVertex
 10
0.722608559586206
 20
-0.3422440010835999
 30
0.0
 70
16
  0
VERTEX
  5
330
330
32E
100
AcDbEntity
  8
CIVIL-253
100
AcDbVertex
100
AcDb2dVertex
 10
0.722608559586206
 20
-0.3422440010835999
 30
0.0
 70
8
  0
VERTEX
  5
331
330
32E
100
AcDbEntity
  8
CIVIL-253
100
AcDbVertex
100
AcDb2dVertex
 10
0.7146086873653985
 20
-0.3699393992337718
 30
0.0
 70
8
  0
VERTEX
  5
332
330
32E
100
AcDbEntity
  8
CIVIL-253
100
AcDbVertex
100
AcDb2dVertex
 10
0.7089560893018643
 20
-0.3935973198331339
 30
0.0
 70
8
  0
VERTEX
  5
333
330
32E
100
AcDbEntity
  8
CIVIL-253
100
AcDbVertex
100
AcDb2dVertex
 10
0.7051039610623775
 20
-0.4136888590164745
 30
0.0
 70
8
  0
VERTEX
  5
334
330
32E
100
AcDbEntity
  8
CIVIL-253
100
AcDbVertex
100
AcDb2dVertex
 10
0.7025054983141672
 20
-0.4306851129094867
 30
0.0
 70
8
  0
VERTEX
  5
335
330
32E
100
AcDbEntity
  8
CIVIL-253
100
AcDbVertex
100
AcDb2dVertex
 10
0.7006138967230982
 20
-0.4450571776433208
 30
0.0
 70
8
  0
VERTEX
  5
336
330
32E
100
AcDbEntity
  8
CIVIL-253
100
AcDbVertex
100
AcDb2dVertex
 10
0.6988823519554899
 20
-0.4572761493491271
 30
0.0
 70
8
  0
VERTEX
  5
337
330
32E
100
AcDbEntity
  8
CIVIL-253
100
AcDbVertex
100
AcDb2dVertex
 10
0.6967640596790261
 20
-0.4678131241525989
 30
0.0
 70
8
  0
VERTEX
  5
338
330
32E
100
AcDbEntity
  8
CIVIL-253
100
AcDbVertex
100
AcDb2dVertex
 10
0.6937122155595717
 20
-0.4771391981867055
 30
0.0
 70
8
  0
VERTEX
  5
339
330
32E
100
AcDbEntity
  8
CIVIL-253
100
AcDbVertex
100
AcDb2dVertex
 10
0.689321265435865
 20
-0.4858087839456858
 30
0.0
 70
8
  0
VERTEX
  5
33A
330
32E
100
AcDbEntity
  8
CIVIL-253
100
AcDbVertex
100
AcDb2dVertex
 10
0.6837506558408677
 20
-0.4947095593852282
 30
0.0
 70
8
  0
VERTEX
  5
33B
330
32E
100
AcDbEntity
  8
CIVIL-253
100
AcDbVertex
100
AcDb2dVertex
 10
0.6773010834790512
 20
-0.5048125188295672
 30
0.0
 70
8
  0
VERTEX
  5
33C
330
32E
100
AcDbEntity
  8
CIVIL-253
100
AcDbVertex
100
AcDb2dVertex
 10
0.670273245053977
 20
-0.5170886565992987
 30
0.0
 70
8
  0
VERTEX
  5
33D
330
32E
100
AcDbEntity
  8
CIVIL-253
100
AcDbVertex
100
AcDb2dVertex
 10
0.662967837271026
 20
-0.5325089670186572
 30
0.0
 70
8
  0
VERTEX
  5
33E
330
32E
100
AcDbEntity
  8
CIVIL-253
100
AcDbVertex
100
AcDb2dVertex
 10
0.6556855568351239
 20
-0.5520444444100577
 30
0.0
 70
8
  0
VERTEX
  5
33F
330
32E
100
AcDbEntity
  8
CIVIL-253
100
AcDbVertex
100
AcDb2dVertex
 10
0.6487271004502873
 20
-0.5766660830922774
 30
0.0
 70
8
  0
VERTEX
  5
340
330
32E
100
AcDbEntity
  8
CIVIL-253
100
AcDbVertex
100
AcDb2dVertex
 10
0.6423931648218968
 20
-0.6073448773913697
 30
0.0
 70
8
  0
VERTEX
  5
341
330
32E
100
AcDbEntity
  8
CIVIL-253
100
AcDbVertex
100
AcDb2dVertex
 10
0.6976598198230022
 20
-0.4219004516598944
 30
0.0
 70
16
  0
VERTEX
  5
342
330
32E
100
AcDbEntity
  8
CIVIL-253
100
AcDbVertex
100
AcDb2dVertex
 10
0.7095026814417907
 20
-0.4850304476913152
 30
0.0
 70
16
  0
VERTEX
  5
343
330
32E
100
AcDbEntity
  8
CIVIL-253
100
AcDbVertex
100
AcDb2dVertex
 10
0.6581836795307936
 20
-0.5165954457079353
 30
0.0
 70
16
  0
VERTEX
  5
344
330
32E
100
AcDbEntity
  8
CIVIL-253
100
AcDbVertex
100
AcDb2dVertex
 10
0.6423931648218968
 20
-0.6073448773913697
 30
0.0
 70
16
  0
SEQEND
  5
345
330
32E
100
AcDbEntity
  8
CIVIL-253
  0
POLYLINE
  5
346
330
2F2
100
AcDbEntity
  8
CIVIL-253
100
AcDb2dPolyline
 66
1
 10
0.0
 20
0.0
 30
0.0
 70
4
 75
6
  0
VERTEX
  5
347
330
346
100
AcDbEntity
  8
CIVIL-253
100
AcDbVertex
100
AcDb2dVertex
 10
0.5
 20
-1.819e-12
 30
0.0
 70
16
  0
VERTEX
  5
348
330
346
100
AcDbEntity
  8
CIVIL-253
100
AcDbVertex
100
AcDb2dVertex
 10
0.5
 20
-1.819e-12
 30
0.0
 70
8
  0
VERTEX
  5
349
330
346
100
AcDbEntity
  8
CIVIL-253
100
AcDbVertex
100
AcDb2dVertex
 10
0.4944306520819737
 20
0.000122587696751
 30
0.0
 70
8
  0
VERTEX
  5
34A
330
346
100
AcDbEntity
  8
CIVIL-253
100
AcDbVertex
100
AcDb2dVertex
 10
0.4887556233852593
 20
0.0004418560638442
 30
0.0
 70
8
  0
VERTEX
  5
34B
330
346
100
AcDbEntity
  8
CIVIL-253
100
AcDbVertex
100
AcDb2dVertex
 10
0.4829225680573473
 20
0.0008850630110828
 30
0.0
 70
8
  0
VERTEX
  5
34C
330
346
100
AcDbEntity
  8
CIVIL-253
100
AcDbVertex
100
AcDb2dVertex
 10
0.4768791402475472
 20
0.0013794664464513
 30
0.0
 70
8
  0
VERTEX
  5
34D
330
346
100
AcDbEntity
  8
CIVIL-253
100
AcDbVertex
100
AcDb2dVertex
 10
0.4705729941019854
 20
0.0018523242852098
 30
0.0
 70
8
  0
VERTEX
  5
34E
330
346
100
AcDbEntity
  8
CIVIL-253
100
AcDbVertex
100
AcDb2dVertex
 10
0.4639517837699714
 20
0.0022308944353426
 30
0.0
 70
8
  0
VERTEX
  5
34F
330
346
100
AcDbEntity
  8
CIVIL-253
100
AcDbVertex
100
AcDb2dVertex
 10
0.456963163398541
 20
0.0024424348084722
 30
0.0
 70
8
  0
VERTEX
  5
350
330
346
100
AcDbEntity
  8
CIVIL-253
100
AcDbVertex
100
AcDb2dVertex
 10
0.4495547871356394
 20
0.0024142033144017
 30
0.0
 70
8
  0
VERTEX
  5
351
330
346
100
AcDbEntity
  8
CIVIL-253
100
AcDbVertex
100
AcDb2dVertex
 10
0.4416760489211811
 20
0.0020989307995478
 30
0.0
 70
8
  0
VERTEX
  5
352
330
346
100
AcDbEntity
  8
CIVIL-253
100
AcDbVertex
100
AcDb2dVertex
 10
0.4332833018652309
 20
0.0015512398513238
 30
0.0
 70
8
  0
VERTEX
  5
353
330
346
100
AcDbEntity
  8
CIVIL-253
100
AcDbVertex
100
AcDb2dVertex
 10
0.4243346388684586
 20
0.0008512259919371
 30
0.0
 70
8
  0
VERTEX
  5
354
330
346
100
AcDbEntity
  8
CIVIL-253
100
AcDbVertex
100
AcDb2dVertex
 10
0.4147881528324433
 20
7.89847454143e-05
 30
0.0
 70
8
  0
VERTEX
  5
355
330
346
100
AcDbEntity
  8
CIVIL-253
100
AcDbVertex
100
AcDb2dVertex
 10
0.4046019366592191
 20
-0.0006853883660369
 30
0.0
 70
8
  0
VERTEX
  5
356
330
346
100
AcDbEntity
  8
CIVIL-253
100
AcDbVertex
100
AcDb2dVertex
 10
0.3937340832490008
 20
-0.0013617978220282
 30
0.0
 70
8
  0
VERTEX
  5
357
330
346
100
AcDbEntity
  8
CIVIL-253
100
AcDbVertex
100
AcDb2dVertex
 10
0.3821426855038226
 20
-0.0018701480948948
 30
0.0
 70
8
  0
VERTEX
  5
358
330
346
100
AcDbEntity
  8
CIVIL-253
100
AcDbVertex
100
AcDb2dVertex
 10
0.3697858363257183
 20
-0.0021303436678863
 30
0.0
 70
8
  0
VERTEX
  5
359
330
346
100
AcDbEntity
  8
CIVIL-253
100
AcDbVertex
100
AcDb2dVertex
 10
0.356669665251502
 20
-0.0020893153614452
 30
0.0
 70
8
  0
VERTEX
  5
35A
330
346
100
AcDbEntity
  8
CIVIL-253
100
AcDbVertex
100
AcDb2dVertex
 10
0.3429924483630202
 20
-0.001802099382985
 30
0.0
 70
8
  0
VERTEX
  5
35B
330
346
100
AcDbEntity
  8
CIVIL-253
100
AcDbVertex
100
AcDb2dVertex
 10
0.3290004983768995
 20
-0.0013507582953025
 30
0.0
 70
8
  0
VERTEX
  5
35C
330
346
100
AcDbEntity
  8
CIVIL-253
100
AcDbVertex
100
AcDb2dVertex
 10
0.3149401280120401
 20
-0.0008173546484613
 30
0.0
 70
8
  0
VERTEX
  5
35D
330
346
100
AcDbEntity
  8
CIVIL-253
100
AcDbVertex
100
AcDb2dVertex
 10
0.3010576499850686
 20
-0.0002839510034391
 30
0.0
 70
8
  0
VERTEX
  5
35E
330
346
100
AcDbEntity
  8
CIVIL-253
100
AcDbVertex
100
AcDb2dVertex
 10
0.287599377013521
 20
0.0001673900860624
 30
0.0
 70
8
  0
VERTEX
  5
35F
330
346
100
AcDbEntity
  8
CIVIL-253
100
AcDbVertex
100
AcDb2dVertex
 10
0.2748116218153882
 20
0.0004546060627035
 30
0.0
 70
8
  0
VERTEX
  5
360
330
346
100
AcDbEntity
  8
CIVIL-253
100
AcDbVertex
100
AcDb2dVertex
 10
0.2629406971077515
 20
0.0004956343709637
 30
0.0
 70
8
  0
VERTEX
  5
361
330
346
100
AcDbEntity
  8
CIVIL-253
100
AcDbVertex
100
AcDb2dVertex
 10
0.2521590788464891
 20
0.0002371913724346
 30
0.0
 70
8
  0
VERTEX
  5
362
330
346
100
AcDbEntity
  8
CIVIL-253
100
AcDbVertex
100
AcDb2dVertex
 10
0.2423438959417581
 20
-0.000258890877376
 30
0.0
 70
8
  0
VERTEX
  5
363
330
346
100
AcDbEntity
  8
CIVIL-253
100
AcDbVertex
100
AcDb2dVertex
 10
0.2332984405416028
 20
-0.0009020014113048
 30
0.0
 70
8
  0
VERTEX
  5
364
330
346
100
AcDbEntity
  8
CIVIL-253
100
AcDbVertex
100
AcDb2dVertex
 10
0.2248260047936128
 20
-0.0016015292567317
 30
0.0
 70
8
  0
VERTEX
  5
365
330
346
100
AcDbEntity
  8
CIVIL-253
100
AcDbVertex
100
AcDb2dVertex
 10
0.2167298808467422
 20
-0.0022668634428555
 30
0.0
 70
8
  0
VERTEX
  5
366
330
346
100
AcDbEntity
  8
CIVIL-253
100
AcDbVertex
100
AcDb2dVertex
 10
0.2088133608490352
 20
-0.002807392995237
 30
0.0
 70
8
  0
VERTEX
  5
367
330
346
100
AcDbEntity
  8
CIVIL-253
100
AcDbVertex
100
AcDb2dVertex
 10
0.2008797369485364
 20
-0.003132506944894
 30
0.0
 70
8
  0
VERTEX
  5
368
330
346
100
AcDbEntity
  8
CIVIL-253
100
AcDbVertex
100
AcDb2dVertex
 10
0.1927323012932902
 20
-0.0031515943192062
 30
0.0
 70
8
  0
VERTEX
  5
369
330
346
100
AcDbEntity
  8
CIVIL-253
100
AcDbVertex
100
AcDb2dVertex
 10
0.1842222400814535
 20
-0.0028065273854736
 30
0.0
 70
8
  0
VERTEX
  5
36A
330
346
100
AcDbEntity
  8
CIVIL-253
100
AcDbVertex
100
AcDb2dVertex
 10
0.1753923157075405
 20
-0.0021691113361157
 30
0.0
 70
8
  0
VERTEX
  5
36B
330
346
100
AcDbEntity
  8
CIVIL-253
100
AcDbVertex
100
AcDb2dVertex
 10
0.1663331846170877
 20
-0.0013436346162052
 30
0.0
 70
8
  0
VERTEX
  5
36C
330
346
100
AcDbEntity
  8
CIVIL-253
100
AcDbVertex
100
AcDb2dVertex
 10
0.1571355032547217
 20
-0.0004343856544438
 30
0.0
 70
8
  0
VERTEX
  5
36D
330
346
100
AcDbEntity
  8
CIVIL-253
100
AcDbVertex
100
AcDb2dVertex
 10
0.1478899280655241
 20
0.0004543471095531
 30
0.0
 70
8
  0
VERTEX
  5
36E
330
346
100
AcDbEntity
  8
CIVIL-253
100
AcDbVertex
100
AcDb2dVertex
 10
0.1386871154945766
 20
0.0012182752434455
 30
0.0
 70
8
  0
VERTEX
  5
36F
330
346
100
AcDbEntity
  8
CIVIL-253
100
AcDbVertex
100
AcDb2dVertex
 10
0.129617721986051
 20
0.001753110309437
 30
0.0
 70
8
  0
VERTEX
  5
370
330
346
100
AcDbEntity
  8
CIVIL-253
100
AcDbVertex
100
AcDb2dVertex
 10
0.1207724039850291
 20
0.0019545638715499
 30
0.0
 70
8
  0
VERTEX
  5
371
330
346
100
AcDbEntity
  8
CIVIL-253
100
AcDbVertex
100
AcDb2dVertex
 10
0.1122207218172662
 20
0.0017530107743369
 30
0.0
 70
8
  0
VERTEX
  5
372
330
346
100
AcDbEntity
  8
CIVIL-253
100
AcDbVertex
100
AcDb2dVertex
 10
0.1039478513271206
 20
0.0012174789590063
 30
0.0
 70
8
  0
VERTEX
  5
373
330
346
100
AcDbEntity
  8
CIVIL-253
100
AcDbVertex
100
AcDb2dVertex
 10
0.0959178722396246
 20
0.0004516596545727
 30
0.0
 70
8
  0
VERTEX
  5
374
330
346
100
AcDbEntity
  8
CIVIL-253
100
AcDbVertex
100
AcDb2dVertex
 10
0.088094864280265
 20
-0.000440755919044
 30
0.0
 70
8
  0
VERTEX
  5
375
330
346
100
AcDbEntity
  8
CIVIL-253
100
AcDbVertex
100
AcDb2dVertex
 10
0.0804429071740742
 20
-0.0013560765401053
 30
0.0
 70
8
  0
VERTEX
  5
376
330
346
100
AcDbEntity
  8
CIVIL-253
100
AcDbVertex
100
AcDb2dVertex
 10
0.0729260806460843
 20
-0.0021906109795964
 30
0.0
 70
8
  0
VERTEX
  5
377
330
346
100
AcDbEntity
  8
CIVIL-253
100
AcDbVertex
100
AcDb2dVertex
 10
0.065508464422237
 20
-0.0028406680212356
 30
0.0
 70
8
  0
VERTEX
  5
378
330
346
100
AcDbEntity
  8
CIVIL-253
100
AcDbVertex
100
AcDb2dVertex
 10
0.0581541382266551
 20
-0.0032025564378273
 30
0.0
 70
8
  0
VERTEX
  5
379
330
346
100
AcDbEntity
  8
CIVIL-253
100
AcDbVertex
100
AcDb2dVertex
 10
0.0508324795650879
 20
-0.0032052399928944
 30
0.0
 70
8
  0
VERTEX
  5
37A
330
346
100
AcDbEntity
  8
CIVIL-253
100
AcDbVertex
100
AcDb2dVertex
 10
0.0435340570620611
 20
-0.0029083024037391
 30
0.0
 70
8
  0
VERTEX
  5
37B
330
346
100
AcDbEntity
  8
CIVIL-253
100
AcDbVertex
100
AcDb2dVertex
 10
0.0362547371209985
 20
-0.0024039823656494
 30
0.0
 70
8
  0
VERTEX
  5
37C
330
346
100
AcDbEntity
  8
CIVIL-253
100
AcDbVertex
100
AcDb2dVertex
 10
0.0289903861462335
 20
-0.0017845185811893
 30
0.0
 70
8
  0
VERTEX
  5
37D
330
346
100
AcDbEntity
  8
CIVIL-253
100
AcDbVertex
100
AcDb2dVertex
 10
0.021736870543009
 20
-0.0011421497529227
 30
0.0
 70
8
  0
VERTEX
  5
37E
330
346
100
AcDbEntity
  8
CIVIL-253
100
AcDbVertex
100
AcDb2dVertex
 10
0.0144900567142941
 20
-0.0005691145797755
 30
0.0
 70
8
  0
VERTEX
  5
37F
330
346
100
AcDbEntity
  8
CIVIL-253
100
AcDbVertex
100
AcDb2dVertex
 10
0.0072458110653315
 20
-0.0001576517624926
 30
0.0
 70
8
  0
VERTEX
  5
380
330
346
100
AcDbEntity
  8
CIVIL-253
100
AcDbVertex
100
AcDb2dVertex
 10
0.0
 20
-1.819e-12
 30
0.0
 70
8
  0
VERTEX
  5
381
330
346
100
AcDbEntity
  8
CIVIL-253
100
AcDbVertex
100
AcDb2dVertex
 10
0.4852427836099196
 20
-1.819e-12
 30
0.0
 70
16
  0
VERTEX
  5
382
330
346
100
AcDbEntity
  8
CIVIL-253
100
AcDbVertex
100
AcDb2dVertex
 10
0.4545905390659755
 20
0.0057476855126879
 30
0.0
 70
16
  0
VERTEX
  5
383
330
346
100
AcDbEntity
  8
CIVIL-253
100
AcDbVertex
100
AcDb2dVertex
 10
0.3783976606673605
 20
-0.0056316794070881
 30
0.0
 70
16
  0
VERTEX
  5
384
330
346
100
AcDbEntity
  8
CIVIL-253
100
AcDbVertex
100
AcDb2dVertex
 10
0.2505338362207112
 20
0.0039969701083464
 30
0.0
 70
16
  0
VERTEX
  5
385
330
346
100
AcDbEntity
  8
CIVIL-253
100
AcDbVertex
100
AcDb2dVertex
 10
0.1971111770953939
 20
-0.0073823948096106
 30
0.0
 70
16
  0
VERTEX
  5
386
330
346
100
AcDbEntity
  8
CIVIL-253
100
AcDbVertex
100
AcDb2dVertex
 10
0.1174152631574543
 20
0.0066230432148586
 30
0.0
 70
16
  0
VERTEX
  5
387
330
346
100
AcDbEntity
  8
CIVIL-253
100
AcDbVertex
100
AcDb2dVertex
 10
0.0578621941854181
 20
-0.0073823948096106
 30
0.0
 70
16
  0
VERTEX
  5
388
330
346
100
AcDbEntity
  8
CIVIL-253
100
AcDbVertex
100
AcDb2dVertex
 10
0.0193279243708275
 20
-1.819e-12
 30
0.0
 70
16
  0
VERTEX
  5
389
330
346
100
AcDbEntity
  8
CIVIL-253
100
AcDbVertex
100
AcDb2dVertex
 10
0.0
 20
-1.819e-12
 30
0.0
 70
16
  0
SEQEND
  5
38A
330
346
100
AcDbEntity
  8
CIVIL-253
  0
LWPOLYLINE
  5
38B
330
2F2
100
AcDbEntity
  8
CIVIL-253
100
AcDbPolyline
 90
27
 70
0
 10
0.5
 20
-1.819e-12
 10
0.516677296418493
 20
0.0002596725935291
 10
0.5308819971023695
 20
0.0009342959256173
 10
0.5429032773236031
 20
0.0018672783025977
 10
0.5530303123546219
 20
0.0029020280398981
 10
0.5615522774669444
 20
0.0038819534493086
 10
0.5687583479334535
 20
0.0046504628444382
 10
0.5749376990265774
 20
0.0050509645388956
 10
0.580379506018744
 20
0.0049268668426521
 10
0.5853401334898081
 20
0.004177794804491
 10
0.5899447032547869
 20
0.0029282403938851
 10
0.594285526436579
 20
0.0013589123136626
 10
0.5984549141580829
 20
-0.0003494807278912
 10
0.6025451775426518
 20
-0.002016230033405
 10
0.6066486277122749
 20
-0.0034606268945936
 10
0.6108575757907602
 20
-0.0045019626068097
 10
0.6152643329000967
 20
-0.004959528469044
 10
0.6199324110079943
 20
-0.0047157350945781
 10
0.6248101254514041
 20
-0.0039054703502188
 10
0.6298169924139075
 20
-0.0027267414243397
 10
0.6348725280768122
 20
-0.0013775555053144
 10
0.6398962486227902
 20
-5.59197778784e-05
 10
0.6448076702336039
 20
0.0010401585695945
 10
0.6495263090910158
 20
0.0017126723523688
 10
0.6539716813776977
 20
0.001763614382071
 10
0.6580775745233041
 20
0.0010328013395338
 10
0.6604238334593902
 20
8.27194908197e-05
  0
POLYLINE
  5
38C
330
2F2
100
AcDbEntity
  8
CIVIL-253
100
AcDb2dPolyline
 66
1
 10
0.0
 20
0.0
 30
0.0
 70
4
 75
6
  0
VERTEX
  5
38D
330
38C
100
AcDbEntity
  8
CIVIL-253
100
AcDbVertex
100
AcDb2dVertex
 10
1.0
 20
-1.819e-12
 30
0.0
 70
16
  0
VERTEX
  5
38E
330
38C
100
AcDbEntity
  8
CIVIL-253
100
AcDbVertex
100
AcDb2dVertex
 10
1.0
 20
-1.819e-12
 30
0.0
 70
8
  0
VERTEX
  5
38F
330
38C
100
AcDbEntity
  8
CIVIL-253
100
AcDbVertex
100
AcDb2dVertex
 10
1.005569347918026
 20
0.000122587696751
 30
0.0
 70
8
  0
VERTEX
  5
390
330
38C
100
AcDbEntity
  8
CIVIL-253
100
AcDbVertex
100
AcDb2dVertex
 10
1.01124437661474
 20
0.0004418560638442
 30
0.0
 70
8
  0
VERTEX
  5
391
330
38C
100
AcDbEntity
  8
CIVIL-253
100
AcDbVertex
100
AcDb2dVertex
 10
1.017077431942198
 20
0.0008850630110828
 30
0.0
 70
8
  0
VERTEX
  5
392
330
38C
100
AcDbEntity
  8
CIVIL-253
100
AcDbVertex
100
AcDb2dVertex
 10
1.023120859752452
 20
0.0013794664464513
 30
0.0
 70
8
  0
VERTEX
  5
393
330
38C
100
AcDbEntity
  8
CIVIL-253
100
AcDbVertex
100
AcDb2dVertex
 10
1.029427005897559
 20
0.0018523242852098
 30
0.0
 70
8
  0
VERTEX
  5
394
330
38C
100
AcDbEntity
  8
CIVIL-253
100
AcDbVertex
100
AcDb2dVertex
 10
1.036048216229573
 20
0.0022308944353426
 30
0.0
 70
8
  0
VERTEX
  5
395
330
38C
100
AcDbEntity
  8
CIVIL-253
100
AcDbVertex
100
AcDb2dVertex
 10
1.043036836601004
 20
0.0024424348084722
 30
0.0
 70
8
  0
VERTEX
  5
396
330
38C
100
AcDbEntity
  8
CIVIL-253
100
AcDbVertex
100
AcDb2dVertex
 10
1.05044521286436
 20
0.0024142033144017
 30
0.0
 70
8
  0
VERTEX
  5
397
330
38C
100
AcDbEntity
  8
CIVIL-253
100
AcDbVertex
100
AcDb2dVertex
 10
1.058323951078364
 20
0.0020989307995478
 30
0.0
 70
8
  0
VERTEX
  5
398
330
38C
100
AcDbEntity
  8
CIVIL-253
100
AcDbVertex
100
AcDb2dVertex
 10
1.066716698134769
 20
0.0015512398513238
 30
0.0
 70
8
  0
VERTEX
  5
399
330
38C
100
AcDbEntity
  8
CIVIL-253
100
AcDbVertex
100
AcDb2dVertex
 10
1.075665361131541
 20
0.0008512259919371
 30
0.0
 70
8
  0
VERTEX
  5
39A
330
38C
100
AcDbEntity
  8
CIVIL-253
100
AcDbVertex
100
AcDb2dVertex
 10
1.085211847167101
 20
7.89847454143e-05
 30
0.0
 70
8
  0
VERTEX
  5
39B
330
38C
100
AcDbEntity
  8
CIVIL-253
100
AcDbVertex
100
AcDb2dVertex
 10
1.095398063340326
 20
-0.0006853883660369
 30
0.0
 70
8
  0
VERTEX
  5
39C
330
38C
100
AcDbEntity
  8
CIVIL-253
100
AcDbVertex
100
AcDb2dVertex
 10
1.106265916750544
 20
-0.0013617978220282
 30
0.0
 70
8
  0
VERTEX
  5
39D
330
38C
100
AcDbEntity
  8
CIVIL-253
100
AcDbVertex
100
AcDb2dVertex
 10
1.117857314495722
 20
-0.0018701480948948
 30
0.0
 70
8
  0
VERTEX
  5
39E
330
38C
100
AcDbEntity
  8
CIVIL-253
100
AcDbVertex
100
AcDb2dVertex
 10
1.130214163673826
 20
-0.0021303436678863
 30
0.0
 70
8
  0
VERTEX
  5
39F
330
38C
100
AcDbEntity
  8
CIVIL-253
100
AcDbVertex
100
AcDb2dVertex
 10
1.143330334748043
 20
-0.0020893153614452
 30
0.0
 70
8
  0
VERTEX
  5
3A0
330
38C
100
AcDbEntity
  8
CIVIL-253
100
AcDbVertex
100
AcDb2dVertex
 10
1.157007551636979
 20
-0.001802099382985
 30
0.0
 70
8
  0
VERTEX
  5
3A1
330
38C
100
AcDbEntity
  8
CIVIL-253
100
AcDbVertex
100
AcDb2dVertex
 10
1.170999501622645
 20
-0.0013507582953025
 30
0.0
 70
8
  0
VERTEX
  5
3A2
330
38C
100
AcDbEntity
  8
CIVIL-253
100
AcDbVertex
100
AcDb2dVertex
 10
1.185059871987959
 20
-0.0008173546484613
 30
0.0
 70
8
  0
VERTEX
  5
3A3
330
38C
100
AcDbEntity
  8
CIVIL-253
100
AcDbVertex
100
AcDb2dVertex
 10
1.198942350014476
 20
-0.0002839510034391
 30
0.0
 70
8
  0
VERTEX
  5
3A4
330
38C
100
AcDbEntity
  8
CIVIL-253
100
AcDbVertex
100
AcDb2dVertex
 10
1.212400622986024
 20
0.0001673900860624
 30
0.0
 70
8
  0
VERTEX
  5
3A5
330
38C
100
AcDbEntity
  8
CIVIL-253
100
AcDbVertex
100
AcDb2dVertex
 10
1.225188378184611
 20
0.0004546060627035
 30
0.0
 70
8
  0
VERTEX
  5
3A6
330
38C
100
AcDbEntity
  8
CIVIL-253
100
AcDbVertex
100
AcDb2dVertex
 10
1.237059302891793
 20
0.0004956343709637
 30
0.0
 70
8
  0
VERTEX
  5
3A7
330
38C
100
AcDbEntity
  8
CIVIL-253
100
AcDbVertex
100
AcDb2dVertex
 10
1.247840921153056
 20
0.0002371913724346
 30
0.0
 70
8
  0
VERTEX
  5
3A8
330
38C
100
AcDbEntity
  8
CIVIL-253
100
AcDbVertex
100
AcDb2dVertex
 10
1.257656104057787
 20
-0.000258890877376
 30
0.0
 70
8
  0
VERTEX
  5
3A9
330
38C
100
AcDbEntity
  8
CIVIL-253
100
AcDbVertex
100
AcDb2dVertex
 10
1.266701559458397
 20
-0.0009020014113048
 30
0.0
 70
8
  0
VERTEX
  5
3AA
330
38C
100
AcDbEntity
  8
CIVIL-253
100
AcDbVertex
100
AcDb2dVertex
 10
1.275173995205932
 20
-0.0016015292567317
 30
0.0
 70
8
  0
VERTEX
  5
3AB
330
38C
100
AcDbEntity
  8
CIVIL-253
100
AcDbVertex
100
AcDb2dVertex
 10
1.283270119152803
 20
-0.0022668634428555
 30
0.0
 70
8
  0
VERTEX
  5
3AC
330
38C
100
AcDbEntity
  8
CIVIL-253
100
AcDbVertex
100
AcDb2dVertex
 10
1.29118663915051
 20
-0.002807392995237
 30
0.0
 70
8
  0
VERTEX
  5
3AD
330
38C
100
AcDbEntity
  8
CIVIL-253
100
AcDbVertex
100
AcDb2dVertex
 10
1.299120263051008
 20
-0.003132506944894
 30
0.0
 70
8
  0
VERTEX
  5
3AE
330
38C
100
AcDbEntity
  8
CIVIL-253
100
AcDbVertex
100
AcDb2dVertex
 10
1.307267698706255
 20
-0.0031515943192062
 30
0.0
 70
8
  0
VERTEX
  5
3AF
330
38C
100
AcDbEntity
  8
CIVIL-253
100
AcDbVertex
100
AcDb2dVertex
 10
1.315777759918546
 20
-0.0028065273854736
 30
0.0
 70
8
  0
VERTEX
  5
3B0
330
38C
100
AcDbEntity
  8
CIVIL-253
100
AcDbVertex
100
AcDb2dVertex
 10
1.324607684292004
 20
-0.0021691113361157
 30
0.0
 70
8
  0
VERTEX
  5
3B1
330
38C
100
AcDbEntity
  8
CIVIL-253
100
AcDbVertex
100
AcDb2dVertex
 10
1.333666815382912
 20
-0.0013436346162052
 30
0.0
 70
8
  0
VERTEX
  5
3B2
330
38C
100
AcDbEntity
  8
CIVIL-253
100
AcDbVertex
100
AcDb2dVertex
 10
1.342864496744823
 20
-0.0004343856544438
 30
0.0
 70
8
  0
VERTEX
  5
3B3
330
38C
100
AcDbEntity
  8
CIVIL-253
100
AcDbVertex
100
AcDb2dVertex
 10
1.352110071934021
 20
0.0004543471095531
 30
0.0
 70
8
  0
VERTEX
  5
3B4
330
38C
100
AcDbEntity
  8
CIVIL-253
100
AcDbVertex
100
AcDb2dVertex
 10
1.361312884505423
 20
0.0012182752434455
 30
0.0
 70
8
  0
VERTEX
  5
3B5
330
38C
100
AcDbEntity
  8
CIVIL-253
100
AcDbVertex
100
AcDb2dVertex
 10
1.370382278013948
 20
0.001753110309437
 30
0.0
 70
8
  0
VERTEX
  5
3B6
330
38C
100
AcDbEntity
  8
CIVIL-253
100
AcDbVertex
100
AcDb2dVertex
 10
1.379227596014516
 20
0.0019545638715499
 30
0.0
 70
8
  0
VERTEX
  5
3B7
330
38C
100
AcDbEntity
  8
CIVIL-253
100
AcDbVertex
100
AcDb2dVertex
 10
1.387779278182279
 20
0.0017530107743369
 30
0.0
 70
8
  0
VERTEX
  5
3B8
330
38C
100
AcDbEntity
  8
CIVIL-253
100
AcDbVertex
100
AcDb2dVertex
 10
1.396052148672424
 20
0.0012174789590063
 30
0.0
 70
8
  0
VERTEX
  5
3B9
330
38C
100
AcDbEntity
  8
CIVIL-253
100
AcDbVertex
100
AcDb2dVertex
 10
1.40408212775992
 20
0.0004516596545727
 30
0.0
 70
8
  0
VERTEX
  5
3BA
330
38C
100
AcDbEntity
  8
CIVIL-253
100
AcDbVertex
100
AcDb2dVertex
 10
1.41190513571928
 20
-0.000440755919044
 30
0.0
 70
8
  0
VERTEX
  5
3BB
330
38C
100
AcDbEntity
  8
CIVIL-253
100
AcDbVertex
100
AcDb2dVertex
 10
1.419557092825925
 20
-0.0013560765401053
 30
0.0
 70
8
  0
VERTEX
  5
3BC
330
38C
100
AcDbEntity
  8
CIVIL-253
100
AcDbVertex
100
AcDb2dVertex
 10
1.42707391935346
 20
-0.0021906109795964
 30
0.0
 70
8
  0
VERTEX
  5
3BD
330
38C
100
AcDbEntity
  8
CIVIL-253
100
AcDbVertex
100
AcDb2dVertex
 10
1.434491535577308
 20
-0.0028406680212356
 30
0.0
 70
8
  0
VERTEX
  5
3BE
330
38C
100
AcDbEntity
  8
CIVIL-253
100
AcDbVertex
100
AcDb2dVertex
 10
1.44184586177289
 20
-0.0032025564378273
 30
0.0
 70
8
  0
VERTEX
  5
3BF
330
38C
100
AcDbEntity
  8
CIVIL-253
100
AcDbVertex
100
AcDb2dVertex
 10
1.449167520434457
 20
-0.0032052399928944
 30
0.0
 70
8
  0
VERTEX
  5
3C0
330
38C
100
AcDbEntity
  8
CIVIL-253
100
AcDbVertex
100
AcDb2dVertex
 10
1.456465942937938
 20
-0.0029083024037391
 30
0.0
 70
8
  0
VERTEX
  5
3C1
330
38C
100
AcDbEntity
  8
CIVIL-253
100
AcDbVertex
100
AcDb2dVertex
 10
1.463745262879001
 20
-0.0024039823656494
 30
0.0
 70
8
  0
VERTEX
  5
3C2
330
38C
100
AcDbEntity
  8
CIVIL-253
100
AcDbVertex
100
AcDb2dVertex
 10
1.471009613853311
 20
-0.0017845185811893
 30
0.0
 70
8
  0
VERTEX
  5
3C3
330
38C
100
AcDbEntity
  8
CIVIL-253
100
AcDbVertex
100
AcDb2dVertex
 10
1.478263129456536
 20
-0.0011421497529227
 30
0.0
 70
8
  0
VERTEX
  5
3C4
330
38C
100
AcDbEntity
  8
CIVIL-253
100
AcDbVertex
100
AcDb2dVertex
 10
1.485509943285251
 20
-0.0005691145797755
 30
0.0
 70
8
  0
VERTEX
  5
3C5
330
38C
100
AcDbEntity
  8
CIVIL-253
100
AcDbVertex
100
AcDb2dVertex
 10
1.492754188934213
 20
-0.0001576517624926
 30
0.0
 70
8
  0
VERTEX
  5
3C6
330
38C
100
AcDbEntity
  8
CIVIL-253
100
AcDbVertex
100
AcDb2dVertex
 10
1.5
 20
-1.819e-12
 30
0.0
 70
8
  0
VERTEX
  5
3C7
330
38C
100
AcDbEntity
  8
CIVIL-253
100
AcDbVertex
100
AcDb2dVertex
 10
1.014757216389625
 20
-1.819e-12
 30
0.0
 70
16
  0
VERTEX
  5
3C8
330
38C
100
AcDbEntity
  8
CIVIL-253
100
AcDbVertex
100
AcDb2dVertex
 10
1.045409460933569
 20
0.0057476855126879
 30
0.0
 70
16
  0
VERTEX
  5
3C9
330
38C
100
AcDbEntity
  8
CIVIL-253
100
AcDbVertex
100
AcDb2dVertex
 10
1.121602339332184
 20
-0.0056316794070881
 30
0.0
 70
16
  0
VERTEX
  5
3CA
330
38C
100
AcDbEntity
  8
CIVIL-253
100
AcDbVertex
100
AcDb2dVertex
 10
1.249466163778834
 20
0.0039969701083464
 30
0.0
 70
16
  0
VERTEX
  5
3CB
330
38C
100
AcDbEntity
  8
CIVIL-253
100
AcDbVertex
100
AcDb2dVertex
 10
1.302888822904151
 20
-0.0073823948096106
 30
0.0
 70
16
  0
VERTEX
  5
3CC
330
38C
100
AcDbEntity
  8
CIVIL-253
100
AcDbVertex
100
AcDb2dVertex
 10
1.38258473684209
 20
0.0066230432148586
 30
0.0
 70
16
  0
VERTEX
  5
3CD
330
38C
100
AcDbEntity
  8
CIVIL-253
100
AcDbVertex
100
AcDb2dVertex
 10
1.442137805814127
 20
-0.0073823948096106
 30
0.0
 70
16
  0
VERTEX
  5
3CE
330
38C
100
AcDbEntity
  8
CIVIL-253
100
AcDbVertex
100
AcDb2dVertex
 10
1.480672075629172
 20
-1.819e-12
 30
0.0
 70
16
  0
VERTEX
  5
3CF
330
38C
100
AcDbEntity
  8
CIVIL-253
100
AcDbVertex
100
AcDb2dVertex
 10
1.5
 20
-1.819e-12
 30
0.0
 70
16
  0
SEQEND
  5
3D0
330
38C
100
AcDbEntity
  8
CIVIL-253
  0
LWPOLYLINE
  5
3D1
330
2F2
100
AcDbEntity
  8
CIVIL-253
100
AcDbPolyline
 90
26
 70
0
 10
0.8243433427833224
 20
-0.000154002027557
 10
0.8270188209298794
 20
0.0020529468438326
 10
0.8313991846166572
 20
0.0035749452490563
 10
0.8367746869976144
 20
0.0040707370990276
 10
0.8429880944631803
 20
0.0037810710236954
 10
0.8498821734042394
 20
0.0029466956493707
 10
0.8572996902103113
 20
0.0018083596096403
 10
0.8650834112718258
 20
0.0006068115326343
 10
0.8730761029796666
 20
-0.0004171999535174
 10
0.8811205317238091
 20
-0.0010229262170469
 10
0.8890746799829685
 20
-0.0010344571783207
 10
0.8968573945944626
 20
-0.0005352369444154
 10
0.9044027384825312
 20
0.0003264518218202
 10
0.9116447745723235
 20
0.0014023264648131
 10
0.9185175657889885
 20
0.0025441043271712
 10
0.9249551750576755
 20
0.0036035027496837
 10
0.9308916653030792
 20
0.0044322390713205
 10
0.936261099450803
 20
0.0048820306365087
 10
0.9410934581906076
 20
0.0048494298807782
 10
0.9458023932752438
 20
0.0044103296004323
 10
0.9508974742216196
 20
0.0036854576919723
 10
0.9568882705480064
 20
0.0027955420500803
 10
0.9642843517717665
 20
0.0018613105676195
 10
0.9735952874093527
 20
0.0010034911338153
 10
0.9853306469799463
 20
0.0003428116469877
 10
1.0
 20
-1.819e-12
  0
ENDBLK
  5
3D2
330
2F2
100
AcDbEntity
  8
0
100
AcDbBlockEnd
  0
BLOCK
  5
3D4
330
3D3
100
AcDbEntity
  8
0
100
AcDbBlockBegin
  2
*U4
 70
1
 10
0.0
 20
0.0
 30
0.0
  3
*U4
  1

  0
INSERT
  5
3D5
330
3D3
100
AcDbEntity
  8
CIVIL-DIM
  6
ByBlock
347
ED
 62
0
370
-2
440
16777216
100
AcDbBlockReference
  2
*U5
 10
910259.8158995723
 20
-387124.371578013
 30
0.0
  0
INSERT
  5
3D6
330
3D3
100
AcDbEntity
  8
CIVIL-DIM
  6
ByBlock
347
ED
 62
0
370
-2
440
16777216
100
AcDbBlockReference
  2
*U5
 10
910124.4590462092
 20
-387202.5198937381
 30
0.0
 50
59.99999999999999
  0
INSERT
  5
3D7
330
3D3
100
AcDbEntity
  8
CIVIL-DIM
  6
ByBlock
347
ED
 62
0
370
-2
440
16777216
100
AcDbBlockReference
  2
*U5
 10
910124.4590462085
 20
-387358.8165251894
 30
0.0
 41
0.9999999999999998
 42
0.9999999999999998
 43
0.9999999999999998
 50
120.0
  0
INSERT
  5
3D8
330
3D3
100
AcDbEntity
  8
CIVIL-DIM
  6
ByBlock
347
ED
 62
0
370
-2
440
16777216
100
AcDbBlockReference
  2
*U5
 10
910259.8158995709
 20
-387436.9648409157
 30
0.0
 50
180.0
  0
INSERT
  5
3D9
330
3D3
100
AcDbEntity
  8
CIVIL-DIM
  6
ByBlock
347
ED
 62
0
370
-2
440
16777216
100
AcDbBlockReference
  2
*U5
 10
910395.1727529342
 20
-387358.8165251906
 30
0.0
 50
239.9999999999999
  0
INSERT
  5
3DA
330
3D3
100
AcDbEntity
  8
CIVIL-DIM
  6
ByBlock
347
ED
 62
0
370
-2
440
16777216
100
AcDbBlockReference
  2
*U5
 10
910395.1727529347
 20
-387202.5198937392
 30
0.0
 50
300.0
  0
ENDBLK
  5
3DB
330
3D3
100
AcDbEntity
  8
0
100
AcDbBlockEnd
  0
BLOCK
  5
3DD
330
3DC
100
AcDbEntity
  8
0
100
AcDbBlockBegin
  2
*U5
 70
1
 10
0.0
 20
0.0
 30
0.0
  3
*U5
  1

  0
LWPOLYLINE
  5
3DE
330
3DC
100
AcDbEntity
  8
CIVIL-FERRO-CORTE
100
AcDbPolyline
 90
2
 70
1
 43
8.53448275862069
 10
-4.267241379310345
 20
0.0
 42
1.0
 10
4.267241379310345
 20
0.0
 42
1.0
  0
ENDBLK
  5
3DF
330
3DC
100
AcDbEntity
  8
0
100
AcDbBlockEnd
  0
BLOCK
  5
3E1
330
3E0
100
AcDbEntity
  8
0
100
AcDbBlockBegin
  2
*D6
 70
1
 10
0.0
 20
0.0
 30
0.0
  3
*D6
  1

  0
LINE
  5
3E2
330
3E0
100
AcDbEntity
  8
CIVIL-DIM
 62
1
370
-2
440
16777216
100
AcDbLine
 10
6931.34633569748
 20
7300.581889433296
 30
0.0
 11
6658.941378110583
 21
7300.581889433296
 31
0.0
  0
LINE
  5
3E3
330
3E0
100
AcDbEntity
  8
CIVIL-DIM
 62
1
370
-2
440
16777216
100
AcDbLine
 10
6931.34633569748
 20
6850.581889433296
 30
0.0
 11
6658.941378110583
 21
6850.581889433296
 31
0.0
  0
LINE
  5
3E4
330
3E0
100
AcDbEntity
  8
CIVIL-DIM
 62
1
440
16777216
100
AcDbLine
 10
6676.941378110583
 20
7318.581889433296
 30
0.0
 11
6676.941378110583
 21
6832.581889433297
 31
0.0
  0
INSERT
  5
3E5
330
3E0
100
AcDbEntity
  8
CIVIL-DIM
 62
1
440
16777216
100
AcDbBlockReference
  2
_ArchTick
 10
6676.941378110583
 20
7300.581889433296
 30
0.0
 41
15.0
 42
15.0
 43
15.0
 50
90.0
  0
INSERT
  5
3E6
330
3E0
100
AcDbEntity
  8
CIVIL-DIM
 62
1
440
16777216
100
AcDbBlockReference
  2
_ArchTick
 10
6676.941378110583
 20
6850.581889433296
 30
0.0
 41
15.0
 42
15.0
 43
15.0
 50
270.0
  0
MTEXT
  5
3E7
330
3E0
100
AcDbEntity
  8
CIVIL-DIM
 62
2
440
16777216
100
AcDbMText
 10
6656.941378110584
 20
7075.581889433293
 30
0.0
 40
20.0
 41
0.0
 46
0.0
 71
5
  1
%%C45
  7
80CL-1_10
 11
1e-16
 21
1.0
 31
0.0
  0
POINT
  5
3E8
330
3E0
100
AcDbEntity
  8
Defpoints
 62
0
440
16777216
100
AcDbPoint
 10
6951.346335697479
 20
7300.581889433296
 30
0.0
  0
POINT
  5
3E9
330
3E0
100
AcDbEntity
  8
Defpoints
 62
0
440
16777216
100
AcDbPoint
 10
6951.346335697479
 20
6850.581889433296
 30
0.0
  0
POINT
  5
3EA
330
3E0
100
AcDbEntity
  8
Defpoints
 62
0
440
16777216
100
AcDbPoint
 10
6676.941378110583
 20
6850.581889433296
 30
0.0
  0
ENDBLK
  5
3EB
330
3E0
100
AcDbEntity
  8
0
100
AcDbBlockEnd
  0
BLOCK
  5
3ED
330
3EC
100
AcDbEntity
  8
0
100
AcDbBlockBegin
  2
*D7
 70
1
 10
0.0
 20
0.0
 30
0.0
  3
*D7
  1

  0
LINE
  5
3EE
330
3EC
100
AcDbEntity
  8
CIVIL-DIM
 62
1
370
-2
440
16777216
100
AcDbLine
 10
7473.694969465516
 20
7240.774409765633
 30
0.0
 11
7713.428864983405
 21
7240.774409765633
 31
0.0
  0
LINE
  5
3EF
330
3EC
100
AcDbEntity
  8
CIVIL-DIM
 62
1
370
-2
440
16777216
100
AcDbLine
 10
7471.346335697479
 20
6910.581889433295
 30
0.0
 11
7713.428864983405
 21
6910.581889433295
 31
0.0
  0
LINE
  5
3F0
330
3EC
100
AcDbEntity
  8
CIVIL-DIM
 62
1
440
16777216
100
AcDbLine
 10
7695.428864983405
 20
7258.774409765634
 30
0.0
 11
7695.428864983405
 21
6892.581889433296
 31
0.0
  0
INSERT
  5
3F1
330
3EC
100
AcDbEntity
  8
CIVIL-DIM
 62
1
440
16777216
100
AcDbBlockReference
  2
_ArchTick
 10
7695.428864983405
 20
7240.774409765633
 30
0.0
 41
15.0
 42
15.0
 43
15.0
 50
90.0
  0
INSERT
  5
3F2
330
3EC
100
AcDbEntity
  8
CIVIL-DIM
 62
1
440
16777216
100
AcDbBlockReference
  2
_ArchTick
 10
7695.428864983405
 20
6910.581889433295
 30
0.0
 41
15.0
 42
15.0
 43
15.0
 50
270.0
  0
MTEXT
  5
3F3
330
3EC
100
AcDbEntity
  8
CIVIL-DIM
 62
2
440
16777216
100
AcDbMText
 10
7675.428864983405
 20
7075.67814959946
 30
0.0
 40
20.0
 41
0.0
 46
0.0
 71
5
  1
%%C33
  7
80CL-1_10
 11
1e-16
 21
1.0
 31
0.0
  0
POINT
  5
3F4
330
3EC
100
AcDbEntity
  8
Defpoints
 62
0
440
16777216
100
AcDbPoint
 10
7453.694969465516
 20
7240.774409765633
 30
0.0
  0
POINT
  5
3F5
330
3EC
100
AcDbEntity
  8
Defpoints
 62
0
440
16777216
100
AcDbPoint
 10
7451.346335697479
 20
6910.581889433295
 30
0.0
  0
POINT
  5
3F6
330
3EC
100
AcDbEntity
  8
Defpoints
 62
0
440
16777216
100
AcDbPoint
 10
7695.428864983405
 20
6910.581889433295
 30
0.0
  0
ENDBLK
  5
3F7
330
3EC
100
AcDbEntity
  8
0
100
AcDbBlockEnd
  0
BLOCK
  5
3F9
330
3F8
100
AcDbEntity
  8
0
100
AcDbBlockBegin
  2
*D8
 70
1
 10
0.0
 20
0.0
 30
0.0
  3
*D8
  1

  0
LINE
  5
3FA
330
3F8
100
AcDbEntity
  8
CIVIL-DIM
 62
1
370
-2
440
16777216
100
AcDbLine
 10
6897.905406067639
 20
6623.081889432495
 30
0.0
 11
6658.94137811059
 21
6623.081889432495
 31
0.0
  0
LINE
  5
3FB
330
3F8
100
AcDbEntity
  8
CIVIL-DIM
 62
1
370
-2
440
16777216
100
AcDbLine
 10
6897.905406067639
 20
6223.081889432496
 30
0.0
 11
6658.94137811059
 21
6223.081889432496
 31
0.0
  0
LINE
  5
3FC
330
3F8
100
AcDbEntity
  8
CIVIL-DIM
 62
1
440
16777216
100
AcDbLine
 10
6676.941378110591
 20
6641.081889432496
 30
0.0
 11
6676.941378110591
 21
6205.081889432495
 31
0.0
  0
INSERT
  5
3FD
330
3F8
100
AcDbEntity
  8
CIVIL-DIM
 62
1
440
16777216
100
AcDbBlockReference
  2
_ArchTick
 10
6676.941378110591
 20
6623.081889432495
 30
0.0
 41
15.0
 42
15.0
 43
15.0
 50
90.0
  0
INSERT
  5
3FE
330
3F8
100
AcDbEntity
  8
CIVIL-DIM
 62
1
440
16777216
100
AcDbBlockReference
  2
_ArchTick
 10
6676.941378110591
 20
6223.081889432496
 30
0.0
 41
15.0
 42
15.0
 43
15.0
 50
270.0
  0
MTEXT
  5
3FF
330
3F8
100
AcDbEntity
  8
CIVIL-DIM
 62
2
440
16777216
100
AcDbMText
 10
6656.941378110591
 20
6423.081889432492
 30
0.0
 40
20.0
 41
0.0
 46
0.0
 71
5
  1
%%C40
  7
80CL-1_10
 11
1e-16
 21
1.0
 31
0.0
  0
POINT
  5
400
330
3F8
100
AcDbEntity
  8
Defpoints
 62
0
440
16777216
100
AcDbPoint
 10
6917.905406067639
 20
6623.081889432495
 30
0.0
  0
POINT
  5
401
330
3F8
100
AcDbEntity
  8
Defpoints
 62
0
440
16777216
100
AcDbPoint
 10
6917.905406067639
 20
6223.081889432496
 30
0.0
  0
POINT
  5
402
330
3F8
100
AcDbEntity
  8
Defpoints
 62
0
440
16777216
100
AcDbPoint
 10
6676.941378110591
 20
6223.081889432496
 30
0.0
  0
ENDBLK
  5
403
330
3F8
100
AcDbEntity
  8
0
100
AcDbBlockEnd
  0
BLOCK
  5
405
330
404
100
AcDbEntity
  8
0
100
AcDbBlockBegin
  2
*D9
 70
1
 10
0.0
 20
0.0
 30
0.0
  3
*D9
  1

  0
LINE
  5
406
330
404
100
AcDbEntity
  8
CIVIL-DIM
 62
1
370
-2
440
16777216
100
AcDbLine
 10
7387.905406067639
 20
6563.081889432496
 30
0.0
 11
7577.487935352772
 21
6563.081889432496
 31
0.0
  0
LINE
  5
407
330
404
100
AcDbEntity
  8
CIVIL-DIM
 62
1
370
-2
440
16777216
100
AcDbLine
 10
7387.905406067639
 20
6283.081889432495
 30
0.0
 11
7577.487935352772
 21
6283.081889432495
 31
0.0
  0
LINE
  5
408
330
404
100
AcDbEntity
  8
CIVIL-DIM
 62
1
440
16777216
100
AcDbLine
 10
7559.487935352773
 20
6581.081889432495
 30
0.0
 11
7559.487935352773
 21
6265.081889432495
 31
0.0
  0
INSERT
  5
409
330
404
100
AcDbEntity
  8
CIVIL-DIM
 62
1
440
16777216
100
AcDbBlockReference
  2
_ArchTick
 10
7559.487935352773
 20
6563.081889432496
 30
0.0
 41
15.0
 42
15.0
 43
15.0
 50
90.0
  0
INSERT
  5
40A
330
404
100
AcDbEntity
  8
CIVIL-DIM
 62
1
440
16777216
100
AcDbBlockReference
  2
_ArchTick
 10
7559.487935352773
 20
6283.081889432495
 30
0.0
 41
15.0
 42
15.0
 43
15.0
 50
270.0
  0
MTEXT
  5
40B
330
404
100
AcDbEntity
  8
CIVIL-DIM
 62
2
440
16777216
100
AcDbMText
 10
7539.487935352773
 20
6423.081889432491
 30
0.0
 40
20.0
 41
0.0
 46
0.0
 71
5
  1
%%C28
  7
80CL-1_10
 11
1e-16
 21
1.0
 31
0.0
  0
POINT
  5
40C
330
404
100
AcDbEntity
  8
Defpoints
 62
0
440
16777216
100
AcDbPoint
 10
7367.905406067639
 20
6563.081889432496
 30
0.0
  0
POINT
  5
40D
330
404
100
AcDbEntity
  8
Defpoints
 62
0
440
16777216
100
AcDbPoint
 10
7367.905406067639
 20
6283.081889432495
 30
0.0
  0
POINT
  5
40E
330
404
100
AcDbEntity
  8
Defpoints
 62
0
440
16777216
100
AcDbPoint
 10
7559.487935352773
 20
6283.081889432495
 30
0.0
  0
ENDBLK
  5
40F
330
404
100
AcDbEntity
  8
0
100
AcDbBlockEnd
  0
BLOCK
  5
411
330
410
100
AcDbEntity
  8
0
100
AcDbBlockBegin
  2
*D10
 70
1
 10
0.0
 20
0.0
 30
0.0
  3
*D10
  1

  0
LINE
  5
412
330
410
100
AcDbEntity
  8
CIVIL-DIM
 62
1
370
-2
440
16777216
100
AcDbLine
 10
7405.34290283849
 20
21372.22681253614
 30
0.0
 11
8187.379413070408
 21
21372.22681253614
 31
0.0
  0
LINE
  5
413
330
410
100
AcDbEntity
  8
CIVIL-DIM
 62
1
370
-2
440
16777216
100
AcDbLine
 10
7365.342902838491
 20
23022.2268125359
 30
0.0
 11
8187.379413070406
 21
23022.2268125359
 31
0.0
  0
LINE
  5
414
330
410
100
AcDbEntity
  8
CIVIL-DIM
 62
1
440
16777216
100
AcDbLine
 10
8097.379413070406
 20
21282.22681253614
 30
0.0
 11
8097.379413070404
 21
23112.2268125359
 31
0.0
  0
INSERT
  5
415
330
410
100
AcDbEntity
  8
CIVIL-DIM
 62
1
440
16777216
100
AcDbBlockReference
  2
_ArchTick
 10
8097.379413070406
 20
21372.22681253614
 30
0.0
 41
75.0
 42
75.0
 43
75.0
 50
270.0
  0
INSERT
  5
416
330
410
100
AcDbEntity
  8
CIVIL-DIM
 62
1
440
16777216
100
AcDbBlockReference
  2
_ArchTick
 10
8097.379413070404
 20
23022.2268125359
 30
0.0
 41
75.0
 42
75.0
 43
75.0
 50
90.0
  0
MTEXT
  5
417
330
410
100
AcDbEntity
  8
CIVIL-DIM
 62
2
440
16777216
100
AcDbMText
 10
7996.322114298242
 20
22197.22681253602
 30
0.0
 40
100.0
 41
0.0
 46
0.0
 71
5
  1
165
  7
ARIAL NORMAL 50
 11
1e-16
 21
1.0
 31
0.0
  0
POINT
  5
418
330
410
100
AcDbEntity
  8
Defpoints
 62
0
440
16777216
100
AcDbPoint
 10
7305.342902838489
 20
21372.22681253614
 30
-4.3078e-12
  0
POINT
  5
419
330
410
100
AcDbEntity
  8
Defpoints
 62
0
440
16777216
100
AcDbPoint
 10
7265.34290283849
 20
23022.2268125359
 30
-4.3078e-12
  0
POINT
  5
41A
330
410
100
AcDbEntity
  8
Defpoints
 62
0
440
16777216
100
AcDbPoint
 10
8097.379413070404
 20
23022.2268125359
 30
0.0
  0
ENDBLK
  5
41B
330
410
100
AcDbEntity
  8
0
100
AcDbBlockEnd
  0
BLOCK
  5
41D
330
41C
100
AcDbEntity
  8
0
100
AcDbBlockBegin
  2
*D11
 70
1
 10
0.0
 20
0.0
 30
0.0
  3
*D11
  1

  0
LINE
  5
41E
330
41C
100
AcDbEntity
  8
CIVIL-DIM
 62
1
370
-2
440
16777216
100
AcDbLine
 10
7694.354188620351
 20
21372.2268125359
 30
0.0
 11
8187.379413070392
 21
21372.2268125359
 31
0.0
  0
LINE
  5
41F
330
41C
100
AcDbEntity
  8
CIVIL-DIM
 62
1
370
-2
440
16777216
100
AcDbLine
 10
7694.354188620351
 20
21272.22681253591
 30
0.0
 11
8187.379413070392
 21
21272.22681253591
 31
0.0
  0
LINE
  5
420
330
41C
100
AcDbEntity
  8
CIVIL-DIM
 62
1
440
16777216
100
AcDbLine
 10
8097.37941307039
 20
21462.22681253591
 30
0.0
 11
8097.37941307039
 21
21272.22681253591
 31
0.0
  0
LINE
  5
421
330
41C
100
AcDbEntity
  8
CIVIL-DIM
 62
1
440
16777216
100
AcDbLine
 10
8097.37941307039
 20
21272.22681253591
 30
0.0
 11
8097.37941307039
 21
20888.73431594654
 31
0.0
  0
INSERT
  5
422
330
41C
100
AcDbEntity
  8
CIVIL-DIM
 62
1
440
16777216
100
AcDbBlockReference
  2
_ArchTick
 10
8097.37941307039
 20
21372.2268125359
 30
0.0
 41
75.0
 42
75.0
 43
75.0
 50
90.0
  0
INSERT
  5
423
330
41C
100
AcDbEntity
  8
CIVIL-DIM
 62
1
440
16777216
100
AcDbBlockReference
  2
_ArchTick
 10
8097.37941307039
 20
21272.22681253591
 30
0.0
 41
75.0
 42
75.0
 43
75.0
 50
270.0
  0
MTEXT
  5
424
330
41C
100
AcDbEntity
  8
CIVIL-DIM
 62
2
440
16777216
100
AcDbMText
 10
7996.322114298227
 20
21005.48056424122
 30
0.0
 40
100.0
 41
0.0
 46
0.0
 71
5
  1
10
  7
ARIAL NORMAL 50
 11
1e-16
 21
1.0
 31
0.0
  0
POINT
  5
425
330
41C
100
AcDbEntity
  8
Defpoints
 62
0
440
16777216
100
AcDbPoint
 10
7594.35418862035
 20
21372.2268125359
 30
4.3078e-12
  0
POINT
  5
426
330
41C
100
AcDbEntity
  8
Defpoints
 62
0
440
16777216
100
AcDbPoint
 10
7594.35418862035
 20
21272.22681253591
 30
0.0
  0
POINT
  5
427
330
41C
100
AcDbEntity
  8
Defpoints
 62
0
440
16777216
100
AcDbPoint
 10
8097.37941307039
 20
21272.22681253591
 30
0.0
  0
ENDBLK
  5
428
330
41C
100
AcDbEntity
  8
0
100
AcDbBlockEnd
  0
BLOCK
  5
42A
330
429
100
AcDbEntity
  8
0
100
AcDbBlockBegin
  2
*D12
 70
1
 10
0.0
 20
0.0
 30
0.0
  3
*D12
  1

  0
LINE
  5
42B
330
429
100
AcDbEntity
  8
CIVIL-DIM
 62
1
370
-2
440
16777216
100
AcDbLine
 10
7352.84290283849
 20
8772.226812535899
 30
0.0
 11
7983.740473403831
 21
8772.226812535899
 31
0.0
  0
LINE
  5
42C
330
429
100
AcDbEntity
  8
CIVIL-DIM
 62
1
370
-2
440
16777216
100
AcDbLine
 10
8942.866440088728
 20
8822.2268125359
 30
0.0
 11
7803.740473403832
 21
8822.2268125359
 31
0.0
  0
LINE
  5
42D
330
429
100
AcDbEntity
  8
CIVIL-DIM
 62
1
440
16777216
100
AcDbLine
 10
7893.740473403832
 20
8822.2268125359
 30
0.0
 11
7893.740473403832
 21
8897.226812535899
 31
0.0
  0
LINE
  5
42E
330
429
100
AcDbEntity
  8
CIVIL-DIM
 62
1
440
16777216
100
AcDbLine
 10
7893.740473403832
 20
8772.226812535899
 30
0.0
 11
7893.740473403832
 21
8455.923947597288
 31
0.0
  0
LINE
  5
42F
330
429
100
AcDbEntity
  8
CIVIL-DIM
 62
1
440
16777216
100
AcDbLine
 10
7893.740473403832
 20
8822.2268125359
 30
0.0
 11
7893.740473403832
 21
8772.226812535899
 31
0.0
  0
INSERT
  5
430
330
429
100
AcDbEntity
  8
CIVIL-DIM
 62
1
440
16777216
100
AcDbBlockReference
  2
_ArchTick
 10
7893.740473403832
 20
8822.2268125359
 30
0.0
 41
75.0
 42
75.0
 43
75.0
 50
270.0
  0
INSERT
  5
431
330
429
100
AcDbEntity
  8
CIVIL-DIM
 62
1
440
16777216
100
AcDbBlockReference
  2
_ArchTick
 10
7893.740473403832
 20
8772.226812535899
 30
0.0
 41
75.0
 42
75.0
 43
75.0
 50
90.0
  0
MTEXT
  5
432
330
429
100
AcDbEntity
  8
CIVIL-DIM
 62
2
440
16777216
100
AcDbMText
 10
7792.887813103696
 20
8539.07538006659
 30
0.0
 40
100.0
 41
0.0
 46
0.0
 71
5
  1
5
  7
ARIAL NORMAL 50
 11
1e-16
 21
1.0
 31
0.0
  0
POINT
  5
433
330
429
100
AcDbEntity
  8
Defpoints
 62
0
440
16777216
100
AcDbPoint
 10
7252.842902838491
 20
8772.226812535899
 30
0.0
  0
POINT
  5
434
330
429
100
AcDbEntity
  8
Defpoints
 62
0
440
16777216
100
AcDbPoint
 10
9042.866440088728
 20
8822.2268125359
 30
0.0
  0
POINT
  5
435
330
429
100
AcDbEntity
  8
Defpoints
 62
0
440
16777216
100
AcDbPoint
 10
7893.740473403832
 20
8822.2268125359
 30
0.0
  0
ENDBLK
  5
436
330
429
100
AcDbEntity
  8
0
100
AcDbBlockEnd
  0
BLOCK
  5
438
330
437
100
AcDbEntity
  8
0
100
AcDbBlockBegin
  2
*D13
 70
1
 10
0.0
 20
0.0
 30
0.0
  3
*D13
  1

  0
LINE
  5
439
330
437
100
AcDbEntity
  8
CIVIL-DIM
 62
1
370
-2
440
16777216
100
AcDbLine
 10
6795.34290283849
 20
12272.2268125359
 30
0.0
 11
6010.34290282455
 21
12272.2268125359
 31
0.0
  0
LINE
  5
43A
330
437
100
AcDbEntity
  8
CIVIL-DIM
 62
1
370
-2
440
16777216
100
AcDbLine
 10
6500.34290283849
 20
21272.22681253591
 30
0.0
 11
6010.342902824549
 21
21272.22681253591
 31
0.0
  0
LINE
  5
43B
330
437
100
AcDbEntity
  8
CIVIL-DIM
 62
1
440
16777216
100
AcDbLine
 10
6100.342902824551
 20
12182.2268125359
 30
0.0
 11
6100.342902824549
 21
21362.2268125359
 31
0.0
  0
INSERT
  5
43C
330
437
100
AcDbEntity
  8
CIVIL-DIM
 62
1
440
16777216
100
AcDbBlockReference
  2
_ArchTick
 10
6100.342902824551
 20
12272.2268125359
 30
0.0
 41
75.0
 42
75.0
 43
75.0
 50
270.0
  0
INSERT
  5
43D
330
437
100
AcDbEntity
  8
CIVIL-DIM
 62
1
440
16777216
100
AcDbBlockReference
  2
_ArchTick
 10
6100.342902824549
 20
21272.22681253591
 30
0.0
 41
75.0
 42
75.0
 43
75.0
 50
90.0
  0
MTEXT
  5
43E
330
437
100
AcDbEntity
  8
CIVIL-DIM
 62
2
440
16777216
100
AcDbMText
 10
5999.285604052385
 20
16772.22681253589
 30
0.0
 40
100.0
 41
0.0
 46
0.0
 71
5
  1
900
  7
ARIAL NORMAL 50
 11
1e-16
 21
1.0
 31
0.0
  0
MTEXT
  5
43F
330
437
100
AcDbEntity
  8
CIVIL-DIM
 62
2
440
16777216
100
AcDbMText
 10
6215.929533111047
 20
16772.22681253589
 30
0.0
 40
100.0
 41
0.0
 46
0.0
 71
5
  1
(VER NOTA 9)
  7
ARIAL NORMAL 50
 11
1e-16
 21
1.0
 31
0.0
  0
POINT
  5
440
330
437
100
AcDbEntity
  8
Defpoints
 62
0
440
16777216
100
AcDbPoint
 10
6895.34290283849
 20
12272.2268125359
 30
-4.3078e-12
  0
POINT
  5
441
330
437
100
AcDbEntity
  8
Defpoints
 62
0
440
16777216
100
AcDbPoint
 10
6600.34290283849
 20
21272.22681253591
 30
-4.3078e-12
  0
POINT
  5
442
330
437
100
AcDbEntity
  8
Defpoints
 62
0
440
16777216
100
AcDbPoint
 10
6100.342902824549
 20
21272.22681253591
 30
0.0
  0
ENDBLK
  5
443
330
437
100
AcDbEntity
  8
0
100
AcDbBlockEnd
  0
BLOCK
  5
445
330
444
100
AcDbEntity
  8
0
100
AcDbBlockBegin
  2
*D14
 70
1
 10
0.0
 20
0.0
 30
0.0
  3
*D14
  1

  0
LINE
  5
446
330
444
100
AcDbEntity
  8
CIVIL-DIM
 62
1
370
-2
440
16777216
100
AcDbLine
 10
6822.842902838489
 20
8772.226812535897
 30
0.0
 11
6010.342902822658
 21
8772.226812535897
 31
0.0
  0
LINE
  5
447
330
444
100
AcDbEntity
  8
CIVIL-DIM
 62
1
370
-2
440
16777216
100
AcDbLine
 10
6795.008569206348
 20
12272.2268125359
 30
0.0
 11
6010.342902822657
 21
12272.2268125359
 31
0.0
  0
LINE
  5
448
330
444
100
AcDbEntity
  8
CIVIL-DIM
 62
1
440
16777216
100
AcDbLine
 10
6100.342902822658
 20
8682.226812535899
 30
0.0
 11
6100.342902822657
 21
12362.2268125359
 31
0.0
  0
INSERT
  5
449
330
444
100
AcDbEntity
  8
CIVIL-DIM
 62
1
440
16777216
100
AcDbBlockReference
  2
_ArchTick
 10
6100.342902822658
 20
8772.226812535897
 30
0.0
 41
75.0
 42
75.0
 43
75.0
 50
270.0
  0
INSERT
  5
44A
330
444
100
AcDbEntity
  8
CIVIL-DIM
 62
1
440
16777216
100
AcDbBlockReference
  2
_ArchTick
 10
6100.342902822657
 20
12272.2268125359
 30
0.0
 41
75.0
 42
75.0
 43
75.0
 50
90.0
  0
MTEXT
  5
44B
330
444
100
AcDbEntity
  8
CIVIL-DIM
 62
2
440
16777216
100
AcDbMText
 10
5999.251497638486
 20
10522.22681253589
 30
0.0
 40
100.0
 41
0.0
 46
0.0
 71
5
  1
350
  7
ARIAL NORMAL 50
 11
1e-16
 21
1.0
 31
0.0
  0
POINT
  5
44C
330
444
100
AcDbEntity
  8
Defpoints
 62
0
440
16777216
100
AcDbPoint
 10
6922.842902838489
 20
8772.226812535897
 30
0.0
  0
POINT
  5
44D
330
444
100
AcDbEntity
  8
Defpoints
 62
0
440
16777216
100
AcDbPoint
 10
6895.008569206348
 20
12272.2268125359
 30
0.0
  0
POINT
  5
44E
330
444
100
AcDbEntity
  8
Defpoints
 62
0
440
16777216
100
AcDbPoint
 10
6100.342902822657
 20
12272.2268125359
 30
0.0
  0
ENDBLK
  5
44F
330
444
100
AcDbEntity
  8
0
100
AcDbBlockEnd
  0
BLOCK
  5
451
330
450
100
AcDbEntity
  8
0
100
AcDbBlockBegin
  2
*D15
 70
1
 10
0.0
 20
0.0
 30
0.0
  3
*D15
  1

  0
LINE
  5
452
330
450
100
AcDbEntity
  8
CIVIL-DIM
 62
1
370
-2
440
16777216
100
AcDbLine
 10
10572.54092668207
 20
21222.22681253591
 30
0.0
 11
10879.63543175651
 21
21222.22681253591
 31
0.0
  0
LINE
  5
453
330
450
100
AcDbEntity
  8
CIVIL-DIM
 62
1
370
-2
440
16777216
100
AcDbLine
 10
10572.54092668207
 20
21022.22681253591
 30
0.0
 11
10879.63543175651
 21
21022.22681253591
 31
0.0
  0
LINE
  5
454
330
450
100
AcDbEntity
  8
CIVIL-DIM
 62
1
440
16777216
100
AcDbLine
 10
10789.63543175651
 20
21312.22681253591
 30
0.0
 11
10789.63543175651
 21
20932.2268125359
 31
0.0
  0
MTEXT
  5
455
330
450
100
AcDbEntity
  8
CIVIL-DIM
 62
2
440
16777216
100
AcDbMText
 10
11089.63543103845
 20
21122.2268125359
 30
0.0
 40
100.0
 41
0.0
 46
0.0
 71
5
  1
15\P(TÍP.)
  7
ARIAL NORMAL 50
 11
1e-16
 21
1.0
 31
0.0
  0
INSERT
  5
456
330
450
100
AcDbEntity
  8
CIVIL-DIM
 62
1
440
16777216
100
AcDbBlockReference
  2
_ArchTick
 10
10789.63543175651
 20
21222.22681253591
 30
0.0
 41
75.0
 42
75.0
 43
75.0
 50
90.0
  0
INSERT
  5
457
330
450
100
AcDbEntity
  8
CIVIL-DIM
 62
1
440
16777216
100
AcDbBlockReference
  2
_ArchTick
 10
10789.63543175651
 20
21022.22681253591
 30
0.0
 41
75.0
 42
75.0
 43
75.0
 50
270.0
  0
POINT
  5
458
330
450
100
AcDbEntity
  8
Defpoints
 62
0
440
16777216
100
AcDbPoint
 10
10472.54092668207
 20
21222.22681253591
 30
0.0
  0
POINT
  5
459
330
450
100
AcDbEntity
  8
Defpoints
 62
0
440
16777216
100
AcDbPoint
 10
10472.54092668207
 20
21022.22681253591
 30
0.0
  0
POINT
  5
45A
330
450
100
AcDbEntity
  8
Defpoints
 62
0
440
16777216
100
AcDbPoint
 10
10789.63543175651
 20
21022.22681253591
 30
0.0
  0
ENDBLK
  5
45B
330
450
100
AcDbEntity
  8
0
100
AcDbBlockEnd
  0
BLOCK
  5
45D
330
45C
100
AcDbEntity
  8
0
100
AcDbBlockBegin
  2
*D16
 70
1
 10
0.0
 20
0.0
 30
0.0
  3
*D16
  1

  0
LINE
  5
45E
330
45C
100
AcDbEntity
  8
CIVIL-DIM
 62
1
370
-2
440
16777216
100
AcDbLine
 10
10142.54092668207
 20
21422.2268125359
 30
0.0
 11
10142.54092668207
 21
21765.06670206226
 31
0.0
  0
LINE
  5
45F
330
45C
100
AcDbEntity
  8
CIVIL-DIM
 62
1
370
-2
440
16777216
100
AcDbLine
 10
10472.54092668207
 20
21422.2268125359
 30
0.0
 11
10472.54092668207
 21
21765.06670206226
 31
0.0
  0
LINE
  5
460
330
45C
100
AcDbEntity
  8
CIVIL-DIM
 62
1
440
16777216
100
AcDbLine
 10
10052.54092668206
 20
21675.06670206226
 30
0.0
 11
10562.54092668207
 21
21675.06670206226
 31
0.0
  0
MTEXT
  5
461
330
45C
100
AcDbEntity
  8
CIVIL-DIM
 62
2
440
16777216
100
AcDbMText
 10
10306.27204005444
 20
21890.06670206226
 30
0.0
 40
100.0
 41
0.0
 46
0.0
 71
5
  1
 %%C33
  7
ARIAL NORMAL 50
  0
INSERT
  5
462
330
45C
100
AcDbEntity
  8
CIVIL-DIM
 62
1
440
16777216
100
AcDbBlockReference
  2
_ArchTick
 10
10142.54092668207
 20
21675.06670206226
 30
0.0
 41
75.0
 42
75.0
 43
75.0
 50
180.0
  0
INSERT
  5
463
330
45C
100
AcDbEntity
  8
CIVIL-DIM
 62
1
440
16777216
100
AcDbBlockReference
  2
_ArchTick
 10
10472.54092668207
 20
21675.06670206226
 30
0.0
 41
75.0
 42
75.0
 43
75.0
  0
POINT
  5
464
330
45C
100
AcDbEntity
  8
Defpoints
 62
0
440
16777216
100
AcDbPoint
 10
10142.54092668207
 20
21322.2268125359
 30
0.0
  0
POINT
  5
465
330
45C
100
AcDbEntity
  8
Defpoints
 62
0
440
16777216
100
AcDbPoint
 10
10472.54092668207
 20
21322.2268125359
 30
0.0
  0
POINT
  5
466
330
45C
100
AcDbEntity
  8
Defpoints
 62
0
440
16777216
100
AcDbPoint
 10
10472.54092668207
 20
21675.06670206226
 30
0.0
  0
ENDBLK
  5
467
330
45C
100
AcDbEntity
  8
0
100
AcDbBlockEnd
  0
BLOCK
  5
469
330
468
100
AcDbEntity
  8
0
100
AcDbBlockBegin
  2
*D17
 70
1
 10
0.0
 20
0.0
 30
0.0
  3
*D17
  1

  0
LINE
  5
46A
330
468
100
AcDbEntity
  8
CIVIL-DIM
 62
1
370
-2
440
16777216
100
AcDbLine
 10
9979.80509037924
 20
12022.22681253566
 30
0.0
 11
10286.89959545368
 21
12022.22681253566
 31
0.0
  0
LINE
  5
46B
330
468
100
AcDbEntity
  8
CIVIL-DIM
 62
1
370
-2
440
16777216
100
AcDbLine
 10
9979.80509037924
 20
11822.22681253566
 30
0.0
 11
10286.89959545368
 21
11822.22681253566
 31
0.0
  0
LINE
  5
46C
330
468
100
AcDbEntity
  8
CIVIL-DIM
 62
1
440
16777216
100
AcDbLine
 10
10196.89959545367
 20
12112.22681253566
 30
0.0
 11
10196.89959545367
 21
11732.22681253566
 31
0.0
  0
MTEXT
  5
46D
330
468
100
AcDbEntity
  8
CIVIL-DIM
 62
2
440
16777216
100
AcDbMText
 10
10496.89959473562
 20
11922.22681253566
 30
0.0
 40
100.0
 41
0.0
 46
0.0
 71
5
  1
15\P(TÍP.)
  7
ARIAL NORMAL 50
 11
1e-16
 21
1.0
 31
0.0
  0
INSERT
  5
46E
330
468
100
AcDbEntity
  8
CIVIL-DIM
 62
1
440
16777216
100
AcDbBlockReference
  2
_ArchTick
 10
10196.89959545367
 20
12022.22681253566
 30
0.0
 41
75.0
 42
75.0
 43
75.0
 50
90.0
  0
INSERT
  5
46F
330
468
100
AcDbEntity
  8
CIVIL-DIM
 62
1
440
16777216
100
AcDbBlockReference
  2
_ArchTick
 10
10196.89959545367
 20
11822.22681253566
 30
0.0
 41
75.0
 42
75.0
 43
75.0
 50
270.0
  0
POINT
  5
470
330
468
100
AcDbEntity
  8
Defpoints
 62
0
440
16777216
100
AcDbPoint
 10
9879.80509037924
 20
12022.22681253566
 30
0.0
  0
POINT
  5
471
330
468
100
AcDbEntity
  8
Defpoints
 62
0
440
16777216
100
AcDbPoint
 10
9879.80509037924
 20
11822.22681253566
 30
0.0
  0
POINT
  5
472
330
468
100
AcDbEntity
  8
Defpoints
 62
0
440
16777216
100
AcDbPoint
 10
10196.89959545367
 20
11822.22681253566
 30
0.0
  0
ENDBLK
  5
473
330
468
100
AcDbEntity
  8
0
100
AcDbBlockEnd
  0
BLOCK
  5
475
330
474
100
AcDbEntity
  8
0
100
AcDbBlockBegin
  2
*D18
 70
1
 10
0.0
 20
0.0
 30
0.0
  3
*D18
  1

  0
LINE
  5
476
330
474
100
AcDbEntity
  8
CIVIL-DIM
 62
1
370
-2
440
16777216
100
AcDbLine
 10
9627.305090379681
 20
12322.22681253554
 30
0.0
 11
9627.305090379681
 21
12665.06670206203
 31
0.0
  0
LINE
  5
477
330
474
100
AcDbEntity
  8
CIVIL-DIM
 62
1
370
-2
440
16777216
100
AcDbLine
 10
9907.305090379687
 20
12322.22681253578
 30
0.0
 11
9907.305090379687
 21
12665.06670206203
 31
0.0
  0
LINE
  5
478
330
474
100
AcDbEntity
  8
CIVIL-DIM
 62
1
440
16777216
100
AcDbLine
 10
9537.30509037968
 20
12575.06670206203
 30
0.0
 11
9997.305090379685
 21
12575.06670206203
 31
0.0
  0
MTEXT
  5
479
330
474
100
AcDbEntity
  8
CIVIL-DIM
 62
2
440
16777216
100
AcDbMText
 10
9713.536203751608
 20
12790.06670206203
 30
0.0
 40
100.0
 41
0.0
 46
0.0
 71
5
  1
 %%C28
  7
ARIAL NORMAL 50
  0
INSERT
  5
47A
330
474
100
AcDbEntity
  8
CIVIL-DIM
 62
1
440
16777216
100
AcDbBlockReference
  2
_ArchTick
 10
9627.305090379681
 20
12575.06670206203
 30
0.0
 41
75.0
 42
75.0
 43
75.0
 50
180.0
  0
INSERT
  5
47B
330
474
100
AcDbEntity
  8
CIVIL-DIM
 62
1
440
16777216
100
AcDbBlockReference
  2
_ArchTick
 10
9907.305090379687
 20
12575.06670206203
 30
0.0
 41
75.0
 42
75.0
 43
75.0
  0
POINT
  5
47C
330
474
100
AcDbEntity
  8
Defpoints
 62
0
440
16777216
100
AcDbPoint
 10
9627.305090379681
 20
12222.22681253554
 30
0.0
  0
POINT
  5
47D
330
474
100
AcDbEntity
  8
Defpoints
 62
0
440
16777216
100
AcDbPoint
 10
9907.305090379687
 20
12222.22681253578
 30
0.0
  0
POINT
  5
47E
330
474
100
AcDbEntity
  8
Defpoints
 62
0
440
16777216
100
AcDbPoint
 10
9907.305090379687
 20
12575.06670206203
 30
0.0
  0
ENDBLK
  5
47F
330
474
100
AcDbEntity
  8
0
100
AcDbBlockEnd
  0
BLOCK
  5
481
330
480
100
AcDbEntity
  8
0
100
AcDbBlockBegin
  2
*D19
 70
1
 10
0.0
 20
0.0
 30
0.0
  3
*D19
  1

  0
LINE
  5
482
330
480
100
AcDbEntity
  8
CIVIL-DIM
 62
1
370
-2
440
16777216
100
AcDbLine
 10
7694.354188620351
 20
21272.22681253591
 30
0.0
 11
8541.410359325144
 21
21272.22681253591
 31
0.0
  0
LINE
  5
483
330
480
100
AcDbEntity
  8
CIVIL-DIM
 62
1
370
-2
440
16777216
100
AcDbLine
 10
7694.354178625509
 20
23072.2268125359
 30
0.0
 11
8541.410359325144
 21
23072.22681253591
 31
0.0
  0
LINE
  5
484
330
480
100
AcDbEntity
  8
CIVIL-DIM
 62
1
440
16777216
100
AcDbLine
 10
8451.410359325144
 20
21182.22681253591
 30
0.0
 11
8451.410359325144
 21
23162.22681253591
 31
0.0
  0
INSERT
  5
485
330
480
100
AcDbEntity
  8
CIVIL-DIM
 62
1
440
16777216
100
AcDbBlockReference
  2
_ArchTick
 10
8451.410359325144
 20
21272.22681253591
 30
0.0
 41
75.0
 42
75.0
 43
75.0
 50
270.0
  0
INSERT
  5
486
330
480
100
AcDbEntity
  8
CIVIL-DIM
 62
1
440
16777216
100
AcDbBlockReference
  2
_ArchTick
 10
8451.410359325144
 20
23072.22681253591
 30
0.0
 41
75.0
 42
75.0
 43
75.0
 50
90.0
  0
MTEXT
  5
487
330
480
100
AcDbEntity
  8
CIVIL-DIM
 62
2
440
16777216
100
AcDbMText
 10
8350.353060552981
 20
22172.2268125359
 30
0.0
 40
100.0
 41
0.0
 46
0.0
 71
5
  1
180
  7
ARIAL NORMAL 50
 11
1e-16
 21
1.0
 31
0.0
  0
POINT
  5
488
330
480
100
AcDbEntity
  8
Defpoints
 62
0
440
16777216
100
AcDbPoint
 10
7594.35418862035
 20
21272.22681253591
 30
-4.3078e-12
  0
POINT
  5
489
330
480
100
AcDbEntity
  8
Defpoints
 62
0
440
16777216
100
AcDbPoint
 10
7594.354178625509
 20
23072.2268125359
 30
-4.3078e-12
  0
POINT
  5
48A
330
480
100
AcDbEntity
  8
Defpoints
 62
0
440
16777216
100
AcDbPoint
 10
8451.410359325144
 20
23072.22681253591
 30
0.0
  0
ENDBLK
  5
48B
330
480
100
AcDbEntity
  8
0
100
AcDbBlockEnd
  0
BLOCK
  5
48D
330
48C
100
AcDbEntity
  8
0
100
AcDbBlockBegin
  2
*D20
 70
1
 10
0.0
 20
0.0
 30
0.0
  3
*D20
  1

  0
LINE
  5
48E
330
48C
100
AcDbEntity
  8
CIVIL-DIM
 62
1
370
-2
440
16777216
100
AcDbLine
 10
8942.866440090591
 20
13772.2268125359
 30
0.0
 11
7923.949092883457
 21
13772.2268125359
 31
0.0
  0
LINE
  5
48F
330
48C
100
AcDbEntity
  8
CIVIL-DIM
 62
1
370
-2
440
16777216
100
AcDbLine
 10
8485.8773516923
 20
12272.2268125359
 30
0.0
 11
7923.949092883457
 21
12272.2268125359
 31
0.0
  0
LINE
  5
490
330
48C
100
AcDbEntity
  8
CIVIL-DIM
 62
1
440
16777216
100
AcDbLine
 10
8013.949092883457
 20
13862.2268125359
 30
0.0
 11
8013.949092883457
 21
12182.2268125359
 31
0.0
  0
INSERT
  5
491
330
48C
100
AcDbEntity
  8
CIVIL-DIM
 62
1
440
16777216
100
AcDbBlockReference
  2
_ArchTick
 10
8013.949092883457
 20
13772.2268125359
 30
0.0
 41
75.0
 42
75.0
 43
75.0
 50
90.0
  0
INSERT
  5
492
330
48C
100
AcDbEntity
  8
CIVIL-DIM
 62
1
440
16777216
100
AcDbBlockReference
  2
_ArchTick
 10
8013.949092883457
 20
12272.2268125359
 30
0.0
 41
75.0
 42
75.0
 43
75.0
 50
270.0
  0
MTEXT
  5
493
330
48C
100
AcDbEntity
  8
CIVIL-DIM
 62
2
440
16777216
100
AcDbMText
 10
7912.89179411129
 20
13022.22681253589
 30
0.0
 40
100.0
 41
0.0
 46
0.0
 71
5
  1
150
  7
ARIAL NORMAL 50
 11
1e-16
 21
1.0
 31
0.0
  0
POINT
  5
494
330
48C
100
AcDbEntity
  8
Defpoints
 62
0
440
16777216
100
AcDbPoint
 10
9042.866440090591
 20
13772.2268125359
 30
0.0
  0
POINT
  5
495
330
48C
100
AcDbEntity
  8
Defpoints
 62
0
440
16777216
100
AcDbPoint
 10
8585.8773516923
 20
12272.2268125359
 30
0.0
  0
POINT
  5
496
330
48C
100
AcDbEntity
  8
Defpoints
 62
0
440
16777216
100
AcDbPoint
 10
8013.949092883457
 20
12272.2268125359
 30
0.0
  0
ENDBLK
  5
497
330
48C
100
AcDbEntity
  8
0
100
AcDbBlockEnd
  0
BLOCK
  5
49B
330
498
100
AcDbEntity
  8
0
100
AcDbBlockBegin
  2
G$CFA953293
 70
0
 10
0.0
 20
0.0
 30
0.0
  3
G$CFA953293
  1

  0
POLYLINE
  5
49C
330
498
100
AcDbEntity
  8
CIVIL-253
100
AcDb2dPolyline
 66
1
 10
0.0
 20
0.0
 30
0.0
 70
4
 75
6
  0
VERTEX
  5
49D
330
49C
100
AcDbEntity
  8
CIVIL-253
100
AcDbVertex
100
AcDb2dVertex
 10
0.0
 20
0.0
 30
0.0
 70
16
  0
VERTEX
  5
49E
330
49C
100
AcDbEntity
  8
CIVIL-253
100
AcDbVertex
100
AcDb2dVertex
 10
0.0
 20
0.0
 30
0.0
 70
8
  0
VERTEX
  5
49F
330
49C
100
AcDbEntity
  8
CIVIL-253
100
AcDbVertex
100
AcDb2dVertex
 10
-19.40727930013963
 20
3.464823684225848
 30
0.0
 70
8
  0
VERTEX
  5
4A0
330
49C
100
AcDbEntity
  8
CIVIL-253
100
AcDbVertex
100
AcDb2dVertex
 10
-35.01400369623298
 20
5.797686538926427
 30
0.0
 70
8
  0
VERTEX
  5
4A1
330
49C
100
AcDbEntity
  8
CIVIL-253
100
AcDbVertex
100
AcDb2dVertex
 10
-47.34050432398362
 20
7.24481254769671
 30
0.0
 70
8
  0
VERTEX
  5
4A2
330
49C
100
AcDbEntity
  8
CIVIL-253
100
AcDbVertex
100
AcDb2dVertex
 10
-56.90711231545719
 20
8.052425693676923
 30
0.0
 70
8
  0
VERTEX
  5
4A3
330
49C
100
AcDbEntity
  8
CIVIL-253
100
AcDbVertex
100
AcDb2dVertex
 10
-64.2341588072668
 20
8.466749959779918
 30
0.0
 70
8
  0
VERTEX
  5
4A4
330
49C
100
AcDbEntity
  8
CIVIL-253
100
AcDbVertex
100
AcDb2dVertex
 10
-69.84197493329702
 20
8.734009329600667
 30
0.0
 70
8
  0
VERTEX
  5
4A5
330
49C
100
AcDbEntity
  8
CIVIL-253
100
AcDbVertex
100
AcDb2dVertex
 10
-74.250891826523
 20
9.10042778650677
 30
0.0
 70
8
  0
VERTEX
  5
4A6
330
49C
100
AcDbEntity
  8
CIVIL-253
100
AcDbVertex
100
AcDb2dVertex
 10
-77.98124062355782
 20
9.812229312956333
 30
0.0
 70
8
  0
VERTEX
  5
4A7
330
49C
100
AcDbEntity
  8
CIVIL-253
100
AcDbVertex
100
AcDb2dVertex
 10
-81.46923316144238
 20
11.04804074384446
 30
0.0
 70
8
  0
VERTEX
  5
4A8
330
49C
100
AcDbEntity
  8
CIVIL-253
100
AcDbVertex
100
AcDb2dVertex
 10
-84.81460409348072
 20
12.71610031380987
 30
0.0
 70
8
  0
VERTEX
  5
4A9
330
49C
100
AcDbEntity
  8
CIVIL-253
100
AcDbVertex
100
AcDb2dVertex
 10
-88.03296877977118
 20
14.65704910901877
 30
0.0
 70
8
  0
VERTEX
  5
4AA
330
49C
100
AcDbEntity
  8
CIVIL-253
100
AcDbVertex
100
AcDb2dVertex
 10
-91.13994257586455
 20
16.71152821586474
 30
0.0
 70
8
  0
VERTEX
  5
4AB
330
49C
100
AcDbEntity
  8
CIVIL-253
100
AcDbVertex
100
AcDb2dVertex
 10
-94.15114084004017
 20
18.72017872005926
 30
0.0
 70
8
  0
VERTEX
  5
4AC
330
49C
100
AcDbEntity
  8
CIVIL-253
100
AcDbVertex
100
AcDb2dVertex
 10
-97.08217893148685
 20
20.52364170776855
 30
0.0
 70
8
  0
VERTEX
  5
4AD
330
49C
100
AcDbEntity
  8
CIVIL-253
100
AcDbVertex
100
AcDb2dVertex
 10
-99.94867220666492
 20
21.96255826493143
 30
0.0
 70
8
  0
VERTEX
  5
4AE
330
49C
100
AcDbEntity
  8
CIVIL-253
100
AcDbVertex
100
AcDb2dVertex
 10
-102.7662360238537
 20
22.87756947771413
 30
0.0
 70
8
  0
VERTEX
  5
4AF
330
49C
100
AcDbEntity
  8
CIVIL-253
100
AcDbVertex
100
AcDb2dVertex
 10
-105.5482302253949
 20
23.16469278684963
 30
0.0
 70
8
  0
VERTEX
  5
4B0
330
49C
100
AcDbEntity
  8
CIVIL-253
100
AcDbVertex
100
AcDb2dVertex
 10
-108.2989925980655
 20
22.94145105520329
 30
0.0
 70
8
  0
VERTEX
  5
4B1
330
49C
100
AcDbEntity
  8
CIVIL-253
100
AcDbVertex
100
AcDb2dVertex
 10
-111.0206054108857
 20
22.38074350043462
 30
0.0
 70
8
  0
VERTEX
  5
4B2
330
49C
100
AcDbEntity
  8
CIVIL-253
100
AcDbVertex
100
AcDb2dVertex
 10
-113.7151509365139
 20
21.65546933997575
 30
0.0
 70
8
  0
VERTEX
  5
4B3
330
49C
100
AcDbEntity
  8
CIVIL-253
100
AcDbVertex
100
AcDb2dVertex
 10
-116.3847114421514
 20
20.93852779148619
 30
0.0
 70
8
  0
VERTEX
  5
4B4
330
49C
100
AcDbEntity
  8
CIVIL-253
100
AcDbVertex
100
AcDb2dVertex
 10
-119.031369201366
 20
20.4028180721707
 30
0.0
 70
8
  0
VERTEX
  5
4B5
330
49C
100
AcDbEntity
  8
CIVIL-253
100
AcDbVertex
100
AcDb2dVertex
 10
-121.657206483178
 20
20.22123940014353
 30
0.0
 70
8
  0
VERTEX
  5
4B6
330
49C
100
AcDbEntity
  8
CIVIL-253
100
AcDbVertex
100
AcDb2dVertex
 10
-124.2643055575172
 20
20.56669099283681
 30
0.0
 70
8
  0
VERTEX
  5
4B7
330
49C
100
AcDbEntity
  8
CIVIL-253
100
AcDbVertex
100
AcDb2dVertex
 10
-126.8783454534059
 20
21.54975196481246
 30
0.0
 70
8
  0
VERTEX
  5
4B8
330
49C
100
AcDbEntity
  8
CIVIL-253
100
AcDbVertex
100
AcDb2dVertex
 10
-129.6193922235034
 20
23.0317210175599
 30
0.0
 70
8
  0
VERTEX
  5
4B9
330
49C
100
AcDbEntity
  8
CIVIL-253
100
AcDbVertex
100
AcDb2dVertex
 10
-132.6311086768328
 20
24.81157675015311
 30
0.0
 70
8
  0
VERTEX
  5
4BA
330
49C
100
AcDbEntity
  8
CIVIL-253
100
AcDbVertex
100
AcDb2dVertex
 10
-136.0571576233269
 20
26.68829776098391
 30
0.0
 70
8
  0
VERTEX
  5
4BB
330
49C
100
AcDbEntity
  8
CIVIL-253
100
AcDbVertex
100
AcDb2dVertex
 10
-140.0412018738279
 20
28.46086264867154
 30
0.0
 70
8
  0
VERTEX
  5
4BC
330
49C
100
AcDbEntity
  8
CIVIL-253
100
AcDbVertex
100
AcDb2dVertex
 10
-144.7269042373591
 20
29.92825001228993
 30
0.0
 70
8
  0
VERTEX
  5
4BD
330
49C
100
AcDbEntity
  8
CIVIL-253
100
AcDbVertex
100
AcDb2dVertex
 10
-150.2579275256721
 20
30.88943845023095
 30
0.0
 70
8
  0
VERTEX
  5
4BE
330
49C
100
AcDbEntity
  8
CIVIL-253
100
AcDbVertex
100
AcDb2dVertex
 10
-156.7779345450617
 20
31.14340656088643
 30
0.0
 70
8
  0
VERTEX
  5
4BF
330
49C
100
AcDbEntity
  8
CIVIL-253
100
AcDbVertex
100
AcDb2dVertex
 10
-164.3705551350649
 20
30.61342594173766
 30
0.0
 70
8
  0
VERTEX
  5
4C0
330
49C
100
AcDbEntity
  8
CIVIL-253
100
AcDbVertex
100
AcDb2dVertex
 10
-172.8792872299891
 20
29.71994018207624
 30
0.0
 70
8
  0
VERTEX
  5
4C1
330
49C
100
AcDbEntity
  8
CIVIL-253
100
AcDbVertex
100
AcDb2dVertex
 10
-182.0875957946555
 20
29.00768587096536
 30
0.0
 70
8
  0
VERTEX
  5
4C2
330
49C
100
AcDbEntity
  8
CIVIL-253
100
AcDbVertex
100
AcDb2dVertex
 10
-191.7789457929757
 20
29.0213995956492
 30
0.0
 70
8
  0
VERTEX
  5
4C3
330
49C
100
AcDbEntity
  8
CIVIL-253
100
AcDbVertex
100
AcDb2dVertex
 10
-201.7368021870425
 20
30.30581794496356
 30
0.0
 70
8
  0
VERTEX
  5
4C4
330
49C
100
AcDbEntity
  8
CIVIL-253
100
AcDbVertex
100
AcDb2dVertex
 10
-211.7446299407675
 20
33.40567750706214
 30
0.0
 70
8
  0
VERTEX
  5
4C5
330
49C
100
AcDbEntity
  8
CIVIL-253
100
AcDbVertex
100
AcDb2dVertex
 10
-221.5858940162434
 20
38.86571486987122
 30
0.0
 70
8
  0
VERTEX
  5
4C6
330
49C
100
AcDbEntity
  8
CIVIL-253
100
AcDbVertex
100
AcDb2dVertex
 10
-231.0440593773819
 20
47.23066662177188
 30
0.0
 70
8
  0
VERTEX
  5
4C7
330
49C
100
AcDbEntity
  8
CIVIL-253
100
AcDbVertex
100
AcDb2dVertex
 10
-57.28266790265479
 20
10.96767669309883
 30
0.0
 70
16
  0
VERTEX
  5
4C8
330
49C
100
AcDbEntity
  8
CIVIL-253
100
AcDbVertex
100
AcDb2dVertex
 10
-79.66910156028462
 20
3.501754077433361
 30
0.0
 70
16
  0
VERTEX
  5
4C9
330
49C
100
AcDbEntity
  8
CIVIL-253
100
AcDbVertex
100
AcDb2dVertex
 10
-103.1215864259138
 20
30.16572156820985
 30
0.0
 70
16
  0
VERTEX
  5
4CA
330
49C
100
AcDbEntity
  8
CIVIL-253
100
AcDbVertex
100
AcDb2dVertex
 10
-124.4419688755442
 20
13.10077651487518
 30
0.0
 70
16
  0
VERTEX
  5
4CB
330
49C
100
AcDbEntity
  8
CIVIL-253
100
AcDbVertex
100
AcDb2dVertex
 10
-144.6963714188314
 20
40.83131832976505
 30
0.0
 70
16
  0
VERTEX
  5
4CC
330
49C
100
AcDbEntity
  8
CIVIL-253
100
AcDbVertex
100
AcDb2dVertex
 10
-206.5255589550361
 20
20.56669913076803
 30
0.0
 70
16
  0
VERTEX
  5
4CD
330
49C
100
AcDbEntity
  8
CIVIL-253
100
AcDbVertex
100
AcDb2dVertex
 10
-231.0440593773819
 20
47.23066662177188
 30
0.0
 70
16
  0
SEQEND
  5
4CE
330
49C
100
AcDbEntity
  8
CIVIL-253
  0
LWPOLYLINE
  5
4CF
330
498
100
AcDbEntity
  8
CIVIL-253
100
AcDbPolyline
 90
26
 70
0
 10
0.0
 20
-162.2655826104164
 10
-19.40727930013963
 20
-158.8007589261906
 10
-35.01400369623298
 20
-156.46789607149
 10
-47.34050432398362
 20
-155.0207700627197
 10
-56.90711231545719
 20
-154.2131569167395
 10
-64.2341588072668
 20
-153.7988326504091
 10
-69.84197493329702
 20
-153.5315732805884
 10
-74.250891826523
 20
-153.1651548239097
 10
-77.98124062355782
 20
-152.4533532972327
 10
-81.46923316144238
 20
-151.217541866572
 10
-84.81460409348072
 20
-149.5494822966066
 10
-88.03296877977118
 20
-147.6085335013977
 10
-91.13994257586455
 20
-145.5540543945517
 10
-94.15114084004017
 20
-143.5454038901298
 10
-97.08217893148685
 20
-141.7419409024205
 10
-99.94867220666492
 20
-140.303024345485
 10
-102.7662360238537
 20
-139.3880131327023
 10
-105.5482302253949
 20
-139.1008898235668
 10
-108.2989925980655
 20
-139.3241315549858
 10
-111.0206054108857
 20
-139.8848391099818
 10
-113.7151509365139
 20
-140.6101132704407
 10
-116.3847114421514
 20
-141.3270548189302
 10
-119.031369201366
 20
-141.8627645382457
 10
-121.657206483178
 20
-142.0443432102729
 10
-124.2643055575172
 20
-141.6988916175796
 10
-124.7622622277049
 20
-141.5116252455846
  0
POLYLINE
  5
4D0
330
498
100
AcDbEntity
  8
CIVIL-253
100
AcDb2dPolyline
 66
1
 10
0.0
 20
0.0
 30
0.0
 70
4
 75
6
  0
VERTEX
  5
4D1
330
4D0
100
AcDbEntity
  8
CIVIL-253
100
AcDbVertex
100
AcDb2dVertex
 10
-171.1220005408904
 20
-361.3902758884251
 30
0.0
 70
16
  0
VERTEX
  5
4D2
330
4D0
100
AcDbEntity
  8
CIVIL-253
100
AcDbVertex
100
AcDb2dVertex
 10
-171.1220005408904
 20
-361.3902758884251
 30
0.0
 70
8
  0
VERTEX
  5
4D3
330
4D0
100
AcDbEntity
  8
CIVIL-253
100
AcDbVertex
100
AcDb2dVertex
 10
-184.9696996159764
 20
-357.3903397780214
 30
0.0
 70
8
  0
VERTEX
  5
4D4
330
4D0
100
AcDbEntity
  8
CIVIL-253
100
AcDbVertex
100
AcDb2dVertex
 10
-196.7986599156574
 20
-354.5640407462542
 30
0.0
 70
8
  0
VERTEX
  5
4D5
330
4D0
100
AcDbEntity
  8
CIVIL-253
100
AcDbVertex
100
AcDb2dVertex
 10
-206.8444295073277
 20
-352.6379766265109
 30
0.0
 70
8
  0
VERTEX
  5
4D6
330
4D0
100
AcDbEntity
  8
CIVIL-253
100
AcDbVertex
100
AcDb2dVertex
 10
-215.3425564538338
 20
-351.3387452524057
 30
0.0
 70
8
  0
VERTEX
  5
4D7
330
4D0
100
AcDbEntity
  8
CIVIL-253
100
AcDbVertex
100
AcDb2dVertex
 10
-222.5285888207509
 20
-350.3929444568712
 30
0.0
 70
8
  0
VERTEX
  5
4D8
330
4D0
100
AcDbEntity
  8
CIVIL-253
100
AcDbVertex
100
AcDb2dVertex
 10
-228.638074673654
 20
-349.527172073067
 30
0.0
 70
8
  0
VERTEX
  5
4D9
330
4D0
100
AcDbEntity
  8
CIVIL-253
100
AcDbVertex
100
AcDb2dVertex
 10
-233.90656207539
 20
-348.4680259348352
 30
0.0
 70
8
  0
VERTEX
  5
4DA
330
4D0
100
AcDbEntity
  8
CIVIL-253
100
AcDbVertex
100
AcDb2dVertex
 10
-238.5695990924432
 20
-346.9421038751079
 30
0.0
 70
8
  0
VERTEX
  5
4DB
330
4D0
100
AcDbEntity
  8
CIVIL-253
100
AcDbVertex
100
AcDb2dVertex
 10
-242.9043919719334
 20
-344.7466288132546
 30
0.0
 70
8
  0
VERTEX
  5
4DC
330
4D0
100
AcDbEntity
  8
CIVIL-253
100
AcDbVertex
100
AcDb2dVertex
 10
-247.3547796917046
 20
-341.961324015756
 30
0.0
 70
8
  0
VERTEX
  5
4DD
330
4D0
100
AcDbEntity
  8
CIVIL-253
100
AcDbVertex
100
AcDb2dVertex
 10
-252.4062594138741
 20
-338.7365378348477
 30
0.0
 70
8
  0
VERTEX
  5
4DE
330
4D0
100
AcDbEntity
  8
CIVIL-253
100
AcDbVertex
100
AcDb2dVertex
 10
-258.5443282987399
 20
-335.2226186223106
 30
0.0
 70
8
  0
VERTEX
  5
4DF
330
4D0
100
AcDbEntity
  8
CIVIL-253
100
AcDbVertex
100
AcDb2dVertex
 10
-266.2544835084191
 20
-331.5699147308351
 30
0.0
 70
8
  0
VERTEX
  5
4E0
330
4D0
100
AcDbEntity
  8
CIVIL-253
100
AcDbVertex
100
AcDb2dVertex
 10
-276.0222222041193
 20
-327.928774512884
 30
0.0
 70
8
  0
VERTEX
  5
4E1
330
4D0
100
AcDbEntity
  8
CIVIL-253
100
AcDbVertex
100
AcDb2dVertex
 10
-288.3330415452292
 20
-324.4495463204657
 30
0.0
 70
8
  0
VERTEX
  5
4E2
330
4D0
100
AcDbEntity
  8
CIVIL-253
100
AcDbVertex
100
AcDb2dVertex
 10
-303.6724386947753
 20
-321.2825785062705
 30
0.0
 70
8
  0
VERTEX
  5
4E3
330
4D0
100
AcDbEntity
  8
CIVIL-253
100
AcDbVertex
100
AcDb2dVertex
 10
-210.9502258290377
 20
-348.9159060068232
 30
0.0
 70
16
  0
VERTEX
  5
4E4
330
4D0
100
AcDbEntity
  8
CIVIL-253
100
AcDbVertex
100
AcDb2dVertex
 10
-242.5152238447481
 20
-354.8373368162174
 30
0.0
 70
16
  0
VERTEX
  5
4E5
330
4D0
100
AcDbEntity
  8
CIVIL-253
100
AcDbVertex
100
AcDb2dVertex
 10
-258.2977228530581
 20
-329.1778358607189
 30
0.0
 70
16
  0
VERTEX
  5
4E6
330
4D0
100
AcDbEntity
  8
CIVIL-253
100
AcDbVertex
100
AcDb2dVertex
 10
-303.6724386947753
 20
-321.2825785062705
 30
0.0
 70
16
  0
SEQEND
  5
4E7
330
4D0
100
AcDbEntity
  8
CIVIL-253
  0
LWPOLYLINE
  5
4E8
330
498
100
AcDbEntity
  8
CIVIL-253
100
AcDbPolyline
 90
36
 70
0
 10
-0.0770010128690046
 20
-412.2576674869833
 10
1.026473422825802
 20
-413.5954065602618
 10
1.787472625437658
 20
-415.7855884036507
 10
2.035368550423299
 20
-418.4733395941293
 10
1.890535512757196
 20
-421.5800433269123
 10
1.473347825594828
 20
-425.0270827974418
 10
0.9041798057296546
 20
-428.7358412004778
 10
0.3034057672266499
 20
-432.6277017312349
 10
-0.2085999758492107
 20
-436.6240475851554
 10
-0.5114631076139631
 20
-440.6462619572266
 10
-0.5172285882508731
 20
-444.6233360868063
 10
-0.2676184712981922
 20
-448.5146933925534
 10
0.1632259118196089
 20
-452.2873653365877
 10
0.7011632333160378
 20
-455.9083833814838
 10
1.272052164495107
 20
-459.3447789898164
 10
1.801751375751337
 20
-462.5635836241599
 10
2.216119536569749
 20
-465.5318287468617
 10
2.441015319163852
 20
-468.2165458207236
 10
2.424714941298589
 20
-470.6327251906259
 10
2.205164801125647
 20
-472.987192732944
 10
1.842728846895624
 20
-475.5347332061319
 10
1.397771025949623
 20
-478.5301313693253
 10
0.9306552847192506
 20
-482.2281719812053
 10
0.5017455678171246
 20
-486.8836397999984
 10
0.1714058244033367
 20
-492.7513195852952
 10
0.0
 20
-500.0859960953221
 10
0.0612938492849935
 20
-502.8706700543352
 10
0.2209280328315799
 20
-505.7081844026924
 10
0.442531506450905
 20
-508.6247120664211
 10
0.6897332241351251
 20
-511.6464259715485
 10
0.9261621435143752
 20
-514.799499044102
 10
1.115447218580811
 20
-518.110104210109
 10
1.22121740514558
 20
-521.6044143958242
 10
1.207101658110332
 20
-525.3086025275024
 10
1.049465400683402
 20
-529.2479716345042
 10
0.7756199265713803
 20
-533.4443451627066
  0
LWPOLYLINE
  5
4E9
330
498
100
AcDbEntity
  8
CIVIL-253
100
AcDbPolyline
 90
161
 70
0
 10
-0.3303779403722729
 20
-411.9504993225291
 10
-2.215328619968204
 20
-410.774925763917
 10
-4.523000338849669
 20
-409.9618334114438
 10
-7.148014819904346
 20
-409.4043697923552
 10
-9.984993786929408
 20
-408.9956824336695
 10
-12.92855896463152
 20
-408.628918862405
 10
-15.87333207407937
 20
-408.1972266055799
 10
-18.71393483907013
 20
-407.5937531904401
 10
-21.37769058936101
 20
-406.7372557460657
 10
-23.92272906672588
 20
-405.6489298104679
 10
-26.43988162162714
 20
-404.375580523947
 10
-29.01997960270819
 20
-402.9640130265761
 10
-31.75385435861244
 20
-401.4610324582008
 10
-34.7323372379833
 20
-399.9134439595764
 10
-38.04625959037366
 20
-398.3680526700937
 10
-41.78645276442694
 20
-396.8716637307352
 10
-46.01714672844536
 20
-395.4578917237086
 10
-50.69616593755199
 20
-394.1075890049888
 10
-55.75473346380022
 20
-392.7884173720031
 10
-61.12407238379091
 20
-391.4680386237705
 10
-66.7354057677585
 20
-390.1141145577185
 10
-72.51995669230382
 20
-388.6943069726385
 10
-78.4089482303898
 20
-387.176277665958
 10
-84.33360345497931
 20
-385.5276884366958
 10
-90.24488131944963
 20
-383.7279964311619
 10
-94.0580870319536
 20
-382.4902353908328
 10
-102.166650680374
 20
-379.793653609795
 10
-108.276418852256
 20
-377.7358705758615
 10
-114.5516271353699
 20
-375.6689249810279
 10
-121.0419138660654
 20
-373.6312507160164
 10
-127.7969173825113
 20
-371.6612816720044
 10
-134.8662760210572
 20
-369.7974517403963
 10
-142.2262442729334
 20
-368.0744260391293
 10
-149.5595412425245
 20
-366.5117945988641
 10
-156.4755021881865
 20
-365.1253786777033
 10
-162.5834623646369
 20
-363.9309995337498
 10
-167.492757031141
 20
-362.9444784246516
 10
-170.8127214451451
 20
-362.1816366087387
 10
-172.1526908622763
 20
-361.6582953441139
 10
-171.1220005408904
 20
-361.3902758884251
 10
-167.4776582049162
 20
-361.3803517243923
 10
-161.567361438756
 20
-361.5791052311579
 10
-153.8864802951138
 20
-361.9240710120266
 10
-144.9303848221461
 20
-362.3527836703033
 10
-135.1944450716473
 20
-362.8027778097476
 10
-125.1740310954119
 20
-363.2115880338915
 10
-115.3645129434153
 20
-363.5167489458126
 10
-106.261260667452
 20
-363.6557951492705
 10
-98.2551119504933
 20
-363.5781344339648
 10
-92.03228218120783
 20
-363.3112663271731
 10
-91.31877500385598
 20
-363.2806673365394
 10
-85.32042567003371
 20
-362.7721675793509
 10
-80.12823979333916
 20
-362.0614088852108
 10
-75.61039321535645
 20
-361.1571649767029
 10
-71.63506178130774
 20
-360.0682095766388
 10
-68.07042133277719
 20
-358.8033164076023
 10
-64.78464771498693
 20
-357.371259192405
 10
-61.66078153819398
 20
-355.7877617311078
 10
-58.64132249553222
 20
-354.0963481327708
 10
-55.68363504789886
 20
-352.3474925846131
 10
-52.74508365437213
 20
-350.5916692731716
 10
-49.78303277675877
 20
-348.8793523854383
 10
-46.75484687595599
 20
-347.2610161074954
 10
-43.61789041195152
 20
-345.787134626562
 10
-40.32952784655208
 20
-344.5081821291751
 10
-36.86439804187103
 20
-343.4578516109923
 10
-33.26623747489066
 20
-342.602711301879
 10
-29.59605701926193
 20
-341.8925482405939
 10
-25.91486755682126
 20
-341.2771494661229
 10
-22.28367996303859
 20
-340.7063020167698
 10
-18.76350511338387
 20
-340.1297929310658
 10
-15.4153538896935
 20
-339.4974092486791
 10
-12.30023716652795
 20
-338.7589380074587
 10
-9.471408677200088
 20
-337.8721064341335
 10
-6.951093577299616
 20
-336.8264025068584
 10
-4.753759880259167
 20
-335.6192543913039
 10
-2.893875594963901
 20
-334.2480902526859
 10
0.0413597463193582
 20
-330.2979128250172
 10
0.5164006706763759
 20
-329.1247833569741
 10
0.8818071919449721
 20
-327.0718367841709
 10
0.8563361770939081
 20
-324.84915064083
 10
0.5200792857067427
 20
-322.489831212124
 10
-0.0279598880297272
 20
-320.0341204067172
 10
-0.6887777517476934
 20
-317.5222601337282
 10
-1.363370711260358
 20
-314.9944923022758
 10
-1.952735174199915
 20
-312.4910588210241
 10
-2.357867546379566
 20
-310.0522015993192
 10
-2.479764233612513
 20
-307.7181625453704
 10
-2.250981302495347
 20
-305.5147839907022
 10
-1.730313446387299
 20
-303.4103099514596
 10
-1.008115015793009
 20
-301.358584866648
 10
-0.1747403630361077
 20
-299.3134531743635
 10
0.6794561577407876
 20
-297.2287593136116
 10
1.464120197852025
 20
-295.0583477227155
 10
2.088897403154987
 20
-292.7560628402261
 10
2.463433422235539
 20
-290.2757491046941
 10
2.525482270357315
 20
-287.5548456086108
 10
2.32523142312857
 20
-284.4651700620488
 10
1.940976725563814
 20
-280.8621348287943
 10
1.451014020858565
 20
-276.601152272633
 10
0.9336391522083431
 20
-271.5376347571237
 10
0.467147963718162
 20
-265.5269946465069
 10
0.1298362976740464
 20
-258.4246443045686
 10
0.0
 20
-250.0859960953221
 10
0.0612938492849935
 20
-247.3013221363089
 10
0.2209280328315799
 20
-244.4638077879517
 10
0.442531506450905
 20
-241.5472801239957
 10
0.6897332241351251
 20
-238.5255662190957
 10
0.9261621435143752
 20
-235.3724931463148
 10
1.115447218580811
 20
-232.0618879803078
 10
1.22121740514558
 20
-228.5675777945926
 10
1.207101658110332
 20
-224.8633896631418
 10
1.049465400683402
 20
-220.9240205559126
 10
0.7756199265713803
 20
-216.7276470279376
 10
0.4256129968780443
 20
-212.2533155295514
 10
0.0394923736166675
 20
-207.4800725115438
 10
-0.3426941821089713
 20
-202.3869644249316
 10
-0.6808989101045883
 20
-196.9530377198225
 10
-0.9350740465379203
 20
-191.1573388472334
 10
-1.065171833033673
 20
-184.9789142581812
 10
-1.044657679813099
 20
-178.4208287210731
 10
-0.9010496905830223
 20
-171.5822202768322
 10
-0.6753791467417614
 20
-164.5862452837718
 10
-0.4086773233211716
 20
-157.5560601013421
 10
-0.1419755008100765
 20
-150.6148210878564
 10
0.0836950439406792
 20
-143.8856846020826
 10
0.2273030322612612
 20
-137.4918070030162
 10
0.2478171863913303
 20
-131.5563446491978
 10
0.118595687126799
 20
-126.1655355185667
 10
-0.1294454377784859
 20
-121.2579440662011
 10
-0.4510007047429099
 20
-116.7352163661235
 10
-0.800764627456374
 20
-112.4989984921285
 10
-1.133431720518274
 20
-108.4509365186932
 10
-1.403696496709017
 20
-104.4926765198397
 10
-1.566253471537493
 20
-100.5258645695903
 10
-1.575797158693603
 20
-96.45214674196723
 10
-1.403263691827305
 20
-92.19711613604886
 10
-1.084555667148379
 20
-87.78215394909238
 10
-0.6718173071931233
 20
-83.25258840386596
 10
-0.2171928263123846
 20
-78.65374772268297
 10
0.2271735556860221
 20
-74.03096012808417
 10
0.6091376226322609
 20
-69.4295538426104
 10
0.8765551556280115
 20
-64.89485708834763
 10
0.9772819366844487
 20
-60.47219808783665
 10
0.8765053880779305
 20
-56.19635700395519
 10
0.6087394804126234
 20
-52.05992175888241
 10
0.2258298281958559
 20
-48.04493221513439
 10
-0.2203779586125165
 20
-44.13342823545463
 10
-0.6780382691431442
 20
-40.30744968235921
 10
-1.095305488888698
 20
-36.54903641836427
 10
-1.420334009708312
 20
-32.84022830644062
 10
-1.601278218004154
 20
-29.16306520864964
 10
-1.602619995537679
 20
-25.50223587786604
 10
-1.454151200960041
 20
-21.85302462635263
 10
-1.201991181915218
 20
-18.21336465582135
 10
-0.892259289685171
 20
-14.58118916843887
 10
-0.571074875551858
 20
-10.95443136682661
 10
-0.2845572889782488
 20
-7.331024452469137
 10
-0.0788258803368081
 20
-3.70890162798787
 10
0.0
 20
-0.0859960953221162
 10
0.0
 20
-0.0859960953221162
  0
ENDBLK
  5
4EA
330
498
100
AcDbEntity
  8
0
100
AcDbBlockEnd
  0
BLOCK
  5
4EC
330
4EB
100
AcDbEntity
  8
0
100
AcDbBlockBegin
  2
*U22
 70
1
 10
0.0
 20
0.0
 30
0.0
  3
*U22
  1

  0
LWPOLYLINE
  5
4ED
330
4EB
100
AcDbEntity
  8
CIVIL-FERRO-CORTE
100
AcDbPolyline
 90
2
 70
1
 43
6.114130434782607
 10
3.057065217391027
 20
0.0
 42
1.0
 10
-3.057065217391027
 20
0.0
 42
1.0
  0
ENDBLK
  5
4EE
330
4EB
100
AcDbEntity
  8
0
100
AcDbBlockEnd
  0
BLOCK
  5
4F0
330
4EF
100
AcDbEntity
  8
0
100
AcDbBlockBegin
  2
*U23
 70
1
 10
0.0
 20
0.0
 30
0.0
  3
*U23
  1

  0
INSERT
  5
4F1
330
4EF
100
AcDbEntity
  8
0
  6
ByBlock
347
ED
 62
0
370
-2
440
16777216
100
AcDbBlockReference
  2
*U22
 10
6917.905406066217
 20
5307.38652158808
 30
0.0
  0
INSERT
  5
4F2
330
4EF
100
AcDbEntity
  8
0
  6
ByBlock
347
ED
 62
0
370
-2
440
16777216
100
AcDbBlockReference
  2
*U22
 10
7033.18992991968
 20
5373.946072466636
 30
0.0
 41
0.9999999999999998
 42
0.9999999999999998
 43
0.9999999999999998
 50
59.99999999999999
  0
INSERT
  5
4F3
330
4EF
100
AcDbEntity
  8
0
  6
ByBlock
347
ED
 62
0
370
-2
440
16777216
100
AcDbBlockReference
  2
*U22
 10
7033.189929921099
 20
5507.065174226207
 30
0.0
 50
120.0
  0
INSERT
  5
4F4
330
4EF
100
AcDbEntity
  8
0
  6
ByBlock
347
ED
 62
0
370
-2
440
16777216
100
AcDbBlockReference
  2
*U22
 10
6917.905406069055
 20
5573.624725107222
 30
0.0
 50
180.0
  0
INSERT
  5
4F5
330
4EF
100
AcDbEntity
  8
0
  6
ByBlock
347
ED
 62
0
370
-2
440
16777216
100
AcDbBlockReference
  2
*U22
 10
6802.620882215591
 20
5507.065174228665
 30
0.0
 50
240.0
  0
INSERT
  5
4F6
330
4EF
100
AcDbEntity
  8
0
  6
ByBlock
347
ED
 62
0
370
-2
440
16777216
100
AcDbBlockReference
  2
*U22
 10
6802.620882214171
 20
5373.946072469094
 30
0.0
 50
300.0
  0
ENDBLK
  5
4F7
330
4EF
100
AcDbEntity
  8
0
100
AcDbBlockEnd
  0
BLOCK
  5
5ED
330
5EC
100
AcDbEntity
  8
0
100
AcDbBlockBegin
  2
*U26
 70
1
 10
0.0
 20
0.0
 30
0.0
  3
*U26
  1

  0
INSERT
  5
5EE
330
5EC
100
AcDbEntity
  8
CIVIL-DIM
  6
ByBlock
347
ED
 62
0
370
-2
440
16777216
100
AcDbBlockReference
  2
*U28
 10
910259.8158995723
 20
-387124.371578013
 30
0.0
  0
INSERT
  5
5EF
330
5EC
100
AcDbEntity
  8
CIVIL-DIM
  6
ByBlock
347
ED
 62
0
370
-2
440
16777216
100
AcDbBlockReference
  2
*U28
 10
910124.4590462092
 20
-387202.5198937381
 30
0.0
 50
59.99999999999999
  0
INSERT
  5
5F0
330
5EC
100
AcDbEntity
  8
CIVIL-DIM
  6
ByBlock
347
ED
 62
0
370
-2
440
16777216
100
AcDbBlockReference
  2
*U28
 10
910124.4590462085
 20
-387358.8165251894
 30
0.0
 41
0.9999999999999998
 42
0.9999999999999998
 43
0.9999999999999998
 50
120.0
  0
INSERT
  5
5F1
330
5EC
100
AcDbEntity
  8
CIVIL-DIM
  6
ByBlock
347
ED
 62
0
370
-2
440
16777216
100
AcDbBlockReference
  2
*U28
 10
910259.8158995709
 20
-387436.9648409157
 30
0.0
 50
180.0
  0
INSERT
  5
5F2
330
5EC
100
AcDbEntity
  8
CIVIL-DIM
  6
ByBlock
347
ED
 62
0
370
-2
440
16777216
100
AcDbBlockReference
  2
*U28
 10
910395.1727529342
 20
-387358.8165251906
 30
0.0
 50
239.9999999999999
  0
INSERT
  5
5F3
330
5EC
100
AcDbEntity
  8
CIVIL-DIM
  6
ByBlock
347
ED
 62
0
370
-2
440
16777216
100
AcDbBlockReference
  2
*U28
 10
910395.1727529347
 20
-387202.5198937392
 30
0.0
 50
300.0
  0
ENDBLK
  5
5F4
330
5EC
100
AcDbEntity
  8
0
100
AcDbBlockEnd
  0
BLOCK
  5
5F8
330
5F7
100
AcDbEntity
  8
0
100
AcDbBlockBegin
  2
*U28
 70
1
 10
0.0
 20
0.0
 30
0.0
  3
*U28
  1

  0
LWPOLYLINE
  5
5F9
330
5F7
100
AcDbEntity
  8
CIVIL-FERRO-CORTE
100
AcDbPolyline
 90
2
 70
1
 43
8.53448275862069
 10
-4.267241379310345
 20
0.0
 42
1.0
 10
4.267241379310345
 20
0.0
 42
1.0
  0
ENDBLK
  5
5FA
330
5F7
100
AcDbEntity
  8
0
100
AcDbBlockEnd
  0
BLOCK
  5
5FC
330
5FB
100
AcDbEntity
  8
0
100
AcDbBlockBegin
  2
*U29
 70
1
 10
0.0
 20
0.0
 30
0.0
  3
*U29
  1

  0
LWPOLYLINE
  5
5FD
330
5FB
100
AcDbEntity
  8
CIVIL-FERRO-CORTE
100
AcDbPolyline
 90
2
 70
1
 43
6.114130434782607
 10
3.057065217391027
 20
0.0
 42
1.0
 10
-3.057065217391027
 20
0.0
 42
1.0
  0
ENDBLK
  5
5FE
330
5FB
100
AcDbEntity
  8
0
100
AcDbBlockEnd
  0
BLOCK
  5
600
330
5FF
100
AcDbEntity
  8
0
100
AcDbBlockBegin
  2
*U30
 70
1
 10
0.0
 20
0.0
 30
0.0
  3
*U30
  1

  0
INSERT
  5
601
330
5FF
100
AcDbEntity
  8
0
  6
ByBlock
347
ED
 62
0
370
-2
440
16777216
100
AcDbBlockReference
  2
*U29
 10
6917.905406066217
 20
5307.38652158808
 30
0.0
  0
INSERT
  5
602
330
5FF
100
AcDbEntity
  8
0
  6
ByBlock
347
ED
 62
0
370
-2
440
16777216
100
AcDbBlockReference
  2
*U29
 10
7033.18992991968
 20
5373.946072466636
 30
0.0
 41
0.9999999999999998
 42
0.9999999999999998
 43
0.9999999999999998
 50
59.99999999999999
  0
INSERT
  5
603
330
5FF
100
AcDbEntity
  8
0
  6
ByBlock
347
ED
 62
0
370
-2
440
16777216
100
AcDbBlockReference
  2
*U29
 10
7033.189929921099
 20
5507.065174226207
 30
0.0
 50
120.0
  0
INSERT
  5
604
330
5FF
100
AcDbEntity
  8
0
  6
ByBlock
347
ED
 62
0
370
-2
440
16777216
100
AcDbBlockReference
  2
*U29
 10
6917.905406069055
 20
5573.624725107222
 30
0.0
 50
180.0
  0
INSERT
  5
605
330
5FF
100
AcDbEntity
  8
0
  6
ByBlock
347
ED
 62
0
370
-2
440
16777216
100
AcDbBlockReference
  2
*U29
 10
6802.620882215591
 20
5507.065174228665
 30
0.0
 50
240.0
  0
INSERT
  5
606
330
5FF
100
AcDbEntity
  8
0
  6
ByBlock
347
ED
 62
0
370
-2
440
16777216
100
AcDbBlockReference
  2
*U29
 10
6802.620882214171
 20
5373.946072469094
 30
0.0
 50
300.0
  0
ENDBLK
  5
607
330
5FF
100
AcDbEntity
  8
0
100
AcDbBlockEnd
  0
BLOCK
  5
619
330
618
100
AcDbEntity
  8
0
100
AcDbBlockBegin
  2
*D31
 70
1
 10
0.0
 20
0.0
 30
0.0
  3
*D31
  1

  0
LINE
  5
6C8
330
618
100
AcDbEntity
  8
CIVIL-DIM
 62
1
370
-2
440
16777216
100
AcDbLine
 10
4445.898282278864
 20
1840.726491497665
 30
0.0
 11
4173.493324691974
 21
1840.726491497665
 31
0.0
  0
LINE
  5
6C9
330
618
100
AcDbEntity
  8
CIVIL-DIM
 62
1
370
-2
440
16777216
100
AcDbLine
 10
4445.898282278864
 20
1390.726491497664
 30
0.0
 11
4173.493324691974
 21
1390.726491497664
 31
0.0
  0
LINE
  5
6CA
330
618
100
AcDbEntity
  8
CIVIL-DIM
 62
1
440
16777216
100
AcDbLine
 10
4191.493324691974
 20
1858.726491497665
 30
0.0
 11
4191.493324691974
 21
1372.726491497664
 31
0.0
  0
INSERT
  5
6CB
330
618
100
AcDbEntity
  8
CIVIL-DIM
 62
1
440
16777216
100
AcDbBlockReference
  2
_ArchTick
 10
4191.493324691974
 20
1840.726491497665
 30
0.0
 41
15.0
 42
15.0
 43
15.0
 50
90.0
  0
INSERT
  5
6CC
330
618
100
AcDbEntity
  8
CIVIL-DIM
 62
1
440
16777216
100
AcDbBlockReference
  2
_ArchTick
 10
4191.493324691974
 20
1390.726491497664
 30
0.0
 41
15.0
 42
15.0
 43
15.0
 50
270.0
  0
MTEXT
  5
6CD
330
618
100
AcDbEntity
  8
CIVIL-DIM
 62
2
440
16777216
100
AcDbMText
 10
4171.493324691973
 20
1615.726491497663
 30
0.0
 40
20.0
 41
0.0
 46
0.0
 71
5
  1
%%C45
  7
80CL-1_10
 11
1e-16
 21
1.0
 31
0.0
  0
POINT
  5
6CE
330
618
100
AcDbEntity
  8
Defpoints
 62
0
440
16777216
100
AcDbPoint
 10
4465.898282278865
 20
1840.726491497665
 30
0.0
  0
POINT
  5
6CF
330
618
100
AcDbEntity
  8
Defpoints
 62
0
440
16777216
100
AcDbPoint
 10
4465.898282278865
 20
1390.726491497664
 30
0.0
  0
POINT
  5
6D0
330
618
100
AcDbEntity
  8
Defpoints
 62
0
440
16777216
100
AcDbPoint
 10
4191.493324691974
 20
1390.726491497664
 30
0.0
  0
ENDBLK
  5
61A
330
618
100
AcDbEntity
  8
0
100
AcDbBlockEnd
  0
BLOCK
  5
625
330
624
100
AcDbEntity
  8
0
100
AcDbBlockBegin
  2
*D32
 70
1
 10
0.0
 20
0.0
 30
0.0
  3
*D32
  1

  0
LINE
  5
6D1
330
624
100
AcDbEntity
  8
CIVIL-DIM
 62
1
370
-2
440
16777216
100
AcDbLine
 10
4988.246916046902
 20
1780.919011830002
 30
0.0
 11
5227.980811564797
 21
1780.919011830002
 31
0.0
  0
LINE
  5
6D2
330
624
100
AcDbEntity
  8
CIVIL-DIM
 62
1
370
-2
440
16777216
100
AcDbLine
 10
4985.898282278864
 20
1450.726491497664
 30
0.0
 11
5227.980811564797
 21
1450.726491497664
 31
0.0
  0
LINE
  5
6D3
330
624
100
AcDbEntity
  8
CIVIL-DIM
 62
1
440
16777216
100
AcDbLine
 10
5209.980811564797
 20
1798.919011830002
 30
0.0
 11
5209.980811564797
 21
1432.726491497664
 31
0.0
  0
INSERT
  5
6D4
330
624
100
AcDbEntity
  8
CIVIL-DIM
 62
1
440
16777216
100
AcDbBlockReference
  2
_ArchTick
 10
5209.980811564797
 20
1780.919011830002
 30
0.0
 41
15.0
 42
15.0
 43
15.0
 50
90.0
  0
INSERT
  5
6D5
330
624
100
AcDbEntity
  8
CIVIL-DIM
 62
1
440
16777216
100
AcDbBlockReference
  2
_ArchTick
 10
5209.980811564797
 20
1450.726491497664
 30
0.0
 41
15.0
 42
15.0
 43
15.0
 50
270.0
  0
MTEXT
  5
6D6
330
624
100
AcDbEntity
  8
CIVIL-DIM
 62
2
440
16777216
100
AcDbMText
 10
5189.980811564796
 20
1615.822751663831
 30
0.0
 40
20.0
 41
0.0
 46
0.0
 71
5
  1
%%C33
  7
80CL-1_10
 11
1e-16
 21
1.0
 31
0.0
  0
POINT
  5
6D7
330
624
100
AcDbEntity
  8
Defpoints
 62
0
440
16777216
100
AcDbPoint
 10
4968.246916046902
 20
1780.919011830002
 30
0.0
  0
POINT
  5
6D8
330
624
100
AcDbEntity
  8
Defpoints
 62
0
440
16777216
100
AcDbPoint
 10
4965.898282278865
 20
1450.726491497664
 30
0.0
  0
POINT
  5
6D9
330
624
100
AcDbEntity
  8
Defpoints
 62
0
440
16777216
100
AcDbPoint
 10
5209.980811564797
 20
1450.726491497664
 30
0.0
  0
ENDBLK
  5
626
330
624
100
AcDbEntity
  8
0
100
AcDbBlockEnd
  0
BLOCK
  5
631
330
630
100
AcDbEntity
  8
0
100
AcDbBlockBegin
  2
*D33
 70
1
 10
0.0
 20
0.0
 30
0.0
  3
*D33
  1

  0
LINE
  5
6DA
330
630
100
AcDbEntity
  8
CIVIL-DIM
 62
1
370
-2
440
16777216
100
AcDbLine
 10
4412.457352649025
 20
1163.226491496864
 30
0.0
 11
4173.493324691981
 21
1163.226491496864
 31
0.0
  0
LINE
  5
6DB
330
630
100
AcDbEntity
  8
CIVIL-DIM
 62
1
370
-2
440
16777216
100
AcDbLine
 10
4412.457352649025
 20
763.2264914968638
 30
0.0
 11
4173.493324691981
 21
763.2264914968637
 31
0.0
  0
LINE
  5
6DC
330
630
100
AcDbEntity
  8
CIVIL-DIM
 62
1
440
16777216
100
AcDbLine
 10
4191.493324691982
 20
1181.226491496864
 30
0.0
 11
4191.493324691982
 21
745.2264914968638
 31
0.0
  0
INSERT
  5
6DD
330
630
100
AcDbEntity
  8
CIVIL-DIM
 62
1
440
16777216
100
AcDbBlockReference
  2
_ArchTick
 10
4191.493324691982
 20
1163.226491496864
 30
0.0
 41
15.0
 42
15.0
 43
15.0
 50
90.0
  0
INSERT
  5
6DE
330
630
100
AcDbEntity
  8
CIVIL-DIM
 62
1
440
16777216
100
AcDbBlockReference
  2
_ArchTick
 10
4191.493324691982
 20
763.2264914968637
 30
0.0
 41
15.0
 42
15.0
 43
15.0
 50
270.0
  0
MTEXT
  5
6DF
330
630
100
AcDbEntity
  8
CIVIL-DIM
 62
2
440
16777216
100
AcDbMText
 10
4171.493324691981
 20
963.2264914968626
 30
0.0
 40
20.0
 41
0.0
 46
0.0
 71
5
  1
%%C40
  7
80CL-1_10
 11
1e-16
 21
1.0
 31
0.0
  0
POINT
  5
6E0
330
630
100
AcDbEntity
  8
Defpoints
 62
0
440
16777216
100
AcDbPoint
 10
4432.457352649024
 20
1163.226491496864
 30
0.0
  0
POINT
  5
6E1
330
630
100
AcDbEntity
  8
Defpoints
 62
0
440
16777216
100
AcDbPoint
 10
4432.457352649024
 20
763.2264914968638
 30
0.0
  0
POINT
  5
6E2
330
630
100
AcDbEntity
  8
Defpoints
 62
0
440
16777216
100
AcDbPoint
 10
4191.493324691982
 20
763.2264914968637
 30
0.0
  0
ENDBLK
  5
632
330
630
100
AcDbEntity
  8
0
100
AcDbBlockEnd
  0
BLOCK
  5
63D
330
63C
100
AcDbEntity
  8
0
100
AcDbBlockBegin
  2
*D34
 70
1
 10
0.0
 20
0.0
 30
0.0
  3
*D34
  1

  0
LINE
  5
6E3
330
63C
100
AcDbEntity
  8
CIVIL-DIM
 62
1
370
-2
440
16777216
100
AcDbLine
 10
4902.457352649025
 20
1103.226491496864
 30
0.0
 11
5092.039881934163
 21
1103.226491496864
 31
0.0
  0
LINE
  5
6E4
330
63C
100
AcDbEntity
  8
CIVIL-DIM
 62
1
370
-2
440
16777216
100
AcDbLine
 10
4902.457352649025
 20
823.2264914968641
 30
0.0
 11
5092.039881934163
 21
823.2264914968641
 31
0.0
  0
LINE
  5
6E5
330
63C
100
AcDbEntity
  8
CIVIL-DIM
 62
1
440
16777216
100
AcDbLine
 10
5074.039881934163
 20
1121.226491496864
 30
0.0
 11
5074.039881934163
 21
805.2264914968642
 31
0.0
  0
INSERT
  5
6E6
330
63C
100
AcDbEntity
  8
CIVIL-DIM
 62
1
440
16777216
100
AcDbBlockReference
  2
_ArchTick
 10
5074.039881934163
 20
1103.226491496864
 30
0.0
 41
15.0
 42
15.0
 43
15.0
 50
90.0
  0
INSERT
  5
6E7
330
63C
100
AcDbEntity
  8
CIVIL-DIM
 62
1
440
16777216
100
AcDbBlockReference
  2
_ArchTick
 10
5074.039881934163
 20
823.2264914968641
 30
0.0
 41
15.0
 42
15.0
 43
15.0
 50
270.0
  0
MTEXT
  5
6E8
330
63C
100
AcDbEntity
  8
CIVIL-DIM
 62
2
440
16777216
100
AcDbMText
 10
5054.039881934162
 20
963.2264914968624
 30
0.0
 40
20.0
 41
0.0
 46
0.0
 71
5
  1
%%C28
  7
80CL-1_10
 11
1e-16
 21
1.0
 31
0.0
  0
POINT
  5
6E9
330
63C
100
AcDbEntity
  8
Defpoints
 62
0
440
16777216
100
AcDbPoint
 10
4882.457352649025
 20
1103.226491496864
 30
0.0
  0
POINT
  5
6EA
330
63C
100
AcDbEntity
  8
Defpoints
 62
0
440
16777216
100
AcDbPoint
 10
4882.457352649025
 20
823.2264914968641
 30
0.0
  0
POINT
  5
6EB
330
63C
100
AcDbEntity
  8
Defpoints
 62
0
440
16777216
100
AcDbPoint
 10
5074.039881934163
 20
823.2264914968641
 30
0.0
  0
ENDBLK
  5
63E
330
63C
100
AcDbEntity
  8
0
100
AcDbBlockEnd
  0
BLOCK
  5
649
330
648
100
AcDbEntity
  8
0
100
AcDbBlockBegin
  2
*D35
 70
1
 10
0.0
 20
0.0
 30
0.0
  3
*D35
  1

  0
LINE
  5
6EC
330
648
100
AcDbEntity
  8
CIVIL-DIM
 62
1
370
-2
440
16777216
100
AcDbLine
 10
4919.894849419875
 20
15912.37141460051
 30
0.0
 11
5701.931359651797
 21
15912.37141460051
 31
0.0
  0
LINE
  5
6ED
330
648
100
AcDbEntity
  8
CIVIL-DIM
 62
1
370
-2
440
16777216
100
AcDbLine
 10
4879.894849419876
 20
17562.37141460027
 30
0.0
 11
5701.931359651797
 21
17562.37141460027
 31
0.0
  0
LINE
  5
6EE
330
648
100
AcDbEntity
  8
CIVIL-DIM
 62
1
440
16777216
100
AcDbLine
 10
5611.931359651797
 20
15822.37141460051
 30
0.0
 11
5611.931359651797
 21
17652.37141460027
 31
0.0
  0
INSERT
  5
6EF
330
648
100
AcDbEntity
  8
CIVIL-DIM
 62
1
440
16777216
100
AcDbBlockReference
  2
_ArchTick
 10
5611.931359651797
 20
15912.37141460051
 30
0.0
 41
75.0
 42
75.0
 43
75.0
 50
270.0
  0
INSERT
  5
6F0
330
648
100
AcDbEntity
  8
CIVIL-DIM
 62
1
440
16777216
100
AcDbBlockReference
  2
_ArchTick
 10
5611.931359651797
 20
17562.37141460027
 30
0.0
 41
75.0
 42
75.0
 43
75.0
 50
90.0
  0
MTEXT
  5
6F1
330
648
100
AcDbEntity
  8
CIVIL-DIM
 62
2
440
16777216
100
AcDbMText
 10
5510.874060879632
 20
16737.37141460039
 30
0.0
 40
100.0
 41
0.0
 46
0.0
 71
5
  1
165
  7
ARIAL NORMAL 50
 11
1e-16
 21
1.0
 31
0.0
  0
POINT
  5
6F2
330
648
100
AcDbEntity
  8
Defpoints
 62
0
440
16777216
100
AcDbPoint
 10
4819.894849419876
 20
15912.37141460051
 30
-4.3078e-12
  0
POINT
  5
6F3
330
648
100
AcDbEntity
  8
Defpoints
 62
0
440
16777216
100
AcDbPoint
 10
4779.894849419876
 20
17562.37141460027
 30
-4.3078e-12
  0
POINT
  5
6F4
330
648
100
AcDbEntity
  8
Defpoints
 62
0
440
16777216
100
AcDbPoint
 10
5611.931359651797
 20
17562.37141460027
 30
0.0
  0
ENDBLK
  5
64A
330
648
100
AcDbEntity
  8
0
100
AcDbBlockEnd
  0
BLOCK
  5
655
330
654
100
AcDbEntity
  8
0
100
AcDbBlockBegin
  2
*D36
 70
1
 10
0.0
 20
0.0
 30
0.0
  3
*D36
  1

  0
LINE
  5
6F5
330
654
100
AcDbEntity
  8
CIVIL-DIM
 62
1
370
-2
440
16777216
100
AcDbLine
 10
5208.906135201736
 20
15912.37141460027
 30
0.0
 11
5701.931359651779
 21
15912.37141460027
 31
0.0
  0
LINE
  5
6F6
330
654
100
AcDbEntity
  8
CIVIL-DIM
 62
1
370
-2
440
16777216
100
AcDbLine
 10
5208.906135201736
 20
15812.37141460027
 30
0.0
 11
5701.931359651779
 21
15812.37141460027
 31
0.0
  0
LINE
  5
6F7
330
654
100
AcDbEntity
  8
CIVIL-DIM
 62
1
440
16777216
100
AcDbLine
 10
5611.931359651778
 20
16002.37141460028
 30
0.0
 11
5611.931359651778
 21
15812.37141460027
 31
0.0
  0
LINE
  5
6F8
330
654
100
AcDbEntity
  8
CIVIL-DIM
 62
1
440
16777216
100
AcDbLine
 10
5611.931359651778
 20
15812.37141460027
 30
0.0
 11
5611.931359651778
 21
15428.87891801091
 31
0.0
  0
INSERT
  5
6F9
330
654
100
AcDbEntity
  8
CIVIL-DIM
 62
1
440
16777216
100
AcDbBlockReference
  2
_ArchTick
 10
5611.931359651778
 20
15912.37141460027
 30
0.0
 41
75.0
 42
75.0
 43
75.0
 50
90.0
  0
INSERT
  5
6FA
330
654
100
AcDbEntity
  8
CIVIL-DIM
 62
1
440
16777216
100
AcDbBlockReference
  2
_ArchTick
 10
5611.931359651778
 20
15812.37141460027
 30
0.0
 41
75.0
 42
75.0
 43
75.0
 50
270.0
  0
MTEXT
  5
6FB
330
654
100
AcDbEntity
  8
CIVIL-DIM
 62
2
440
16777216
100
AcDbMText
 10
5510.874060879613
 20
15545.62516630559
 30
0.0
 40
100.0
 41
0.0
 46
0.0
 71
5
  1
10
  7
ARIAL NORMAL 50
 11
1e-16
 21
1.0
 31
0.0
  0
POINT
  5
6FC
330
654
100
AcDbEntity
  8
Defpoints
 62
0
440
16777216
100
AcDbPoint
 10
5108.906135201736
 20
15912.37141460027
 30
4.3078e-12
  0
POINT
  5
6FD
330
654
100
AcDbEntity
  8
Defpoints
 62
0
440
16777216
100
AcDbPoint
 10
5108.906135201736
 20
15812.37141460027
 30
0.0
  0
POINT
  5
6FE
330
654
100
AcDbEntity
  8
Defpoints
 62
0
440
16777216
100
AcDbPoint
 10
5611.931359651778
 20
15812.37141460027
 30
0.0
  0
ENDBLK
  5
656
330
654
100
AcDbEntity
  8
0
100
AcDbBlockEnd
  0
BLOCK
  5
662
330
661
100
AcDbEntity
  8
0
100
AcDbBlockBegin
  2
*D37
 70
1
 10
0.0
 20
0.0
 30
0.0
  3
*D37
  1

  0
LINE
  5
6FF
330
661
100
AcDbEntity
  8
CIVIL-DIM
 62
1
370
-2
440
16777216
100
AcDbLine
 10
4867.394849419876
 20
3312.371414600268
 30
0.0
 11
5498.292419985221
 21
3312.371414600269
 31
0.0
  0
LINE
  5
700
330
661
100
AcDbEntity
  8
CIVIL-DIM
 62
1
370
-2
440
16777216
100
AcDbLine
 10
6457.418386670116
 20
3362.371414600268
 30
0.0
 11
5318.292419985221
 21
3362.371414600268
 31
0.0
  0
LINE
  5
701
330
661
100
AcDbEntity
  8
CIVIL-DIM
 62
1
440
16777216
100
AcDbLine
 10
5408.292419985221
 20
3362.371414600268
 30
0.0
 11
5408.292419985221
 21
3437.371414600268
 31
0.0
  0
LINE
  5
702
330
661
100
AcDbEntity
  8
CIVIL-DIM
 62
1
440
16777216
100
AcDbLine
 10
5408.292419985221
 20
3312.371414600269
 30
0.0
 11
5408.292419985221
 21
2996.06854966166
 31
0.0
  0
LINE
  5
703
330
661
100
AcDbEntity
  8
CIVIL-DIM
 62
1
440
16777216
100
AcDbLine
 10
5408.292419985221
 20
3362.371414600268
 30
0.0
 11
5408.292419985221
 21
3312.371414600269
 31
0.0
  0
INSERT
  5
704
330
661
100
AcDbEntity
  8
CIVIL-DIM
 62
1
440
16777216
100
AcDbBlockReference
  2
_ArchTick
 10
5408.292419985221
 20
3362.371414600268
 30
0.0
 41
75.0
 42
75.0
 43
75.0
 50
270.0
  0
INSERT
  5
705
330
661
100
AcDbEntity
  8
CIVIL-DIM
 62
1
440
16777216
100
AcDbBlockReference
  2
_ArchTick
 10
5408.292419985221
 20
3312.371414600269
 30
0.0
 41
75.0
 42
75.0
 43
75.0
 50
90.0
  0
MTEXT
  5
706
330
661
100
AcDbEntity
  8
CIVIL-DIM
 62
2
440
16777216
100
AcDbMText
 10
5307.439759685085
 20
3079.219982130962
 30
0.0
 40
100.0
 41
0.0
 46
0.0
 71
5
  1
5
  7
ARIAL NORMAL 50
 11
1e-16
 21
1.0
 31
0.0
  0
POINT
  5
707
330
661
100
AcDbEntity
  8
Defpoints
 62
0
440
16777216
100
AcDbPoint
 10
4767.394849419876
 20
3312.371414600268
 30
0.0
  0
POINT
  5
708
330
661
100
AcDbEntity
  8
Defpoints
 62
0
440
16777216
100
AcDbPoint
 10
6557.418386670116
 20
3362.371414600268
 30
0.0
  0
POINT
  5
709
330
661
100
AcDbEntity
  8
Defpoints
 62
0
440
16777216
100
AcDbPoint
 10
5408.292419985221
 20
3362.371414600268
 30
0.0
  0
ENDBLK
  5
663
330
661
100
AcDbEntity
  8
0
100
AcDbBlockEnd
  0
BLOCK
  5
670
330
66F
100
AcDbEntity
  8
0
100
AcDbBlockBegin
  2
*D38
 70
1
 10
0.0
 20
0.0
 30
0.0
  3
*D38
  1

  0
LINE
  5
70A
330
66F
100
AcDbEntity
  8
CIVIL-DIM
 62
1
370
-2
440
16777216
100
AcDbLine
 10
4309.894849419875
 20
6812.37141460027
 30
0.0
 11
3524.894849405943
 21
6812.37141460027
 31
0.0
  0
LINE
  5
70B
330
66F
100
AcDbEntity
  8
CIVIL-DIM
 62
1
370
-2
440
16777216
100
AcDbLine
 10
4014.894849419875
 20
15812.37141460027
 30
0.0
 11
3524.894849405941
 21
15812.37141460027
 31
0.0
  0
LINE
  5
70C
330
66F
100
AcDbEntity
  8
CIVIL-DIM
 62
1
440
16777216
100
AcDbLine
 10
3614.894849405942
 20
6722.371414600271
 30
0.0
 11
3614.894849405941
 21
15902.37141460027
 31
0.0
  0
INSERT
  5
70D
330
66F
100
AcDbEntity
  8
CIVIL-DIM
 62
1
440
16777216
100
AcDbBlockReference
  2
_ArchTick
 10
3614.894849405942
 20
6812.37141460027
 30
0.0
 41
75.0
 42
75.0
 43
75.0
 50
270.0
  0
INSERT
  5
70E
330
66F
100
AcDbEntity
  8
CIVIL-DIM
 62
1
440
16777216
100
AcDbBlockReference
  2
_ArchTick
 10
3614.894849405941
 20
15812.37141460027
 30
0.0
 41
75.0
 42
75.0
 43
75.0
 50
90.0
  0
MTEXT
  5
70F
330
66F
100
AcDbEntity
  8
CIVIL-DIM
 62
2
440
16777216
100
AcDbMText
 10
3513.837550633775
 20
11312.37141460027
 30
0.0
 40
100.0
 41
0.0
 46
0.0
 71
5
  1
900
  7
ARIAL NORMAL 50
 11
1e-16
 21
1.0
 31
0.0
  0
MTEXT
  5
710
330
66F
100
AcDbEntity
  8
CIVIL-DIM
 62
2
440
16777216
100
AcDbMText
 10
3730.481479692438
 20
11312.37141460027
 30
0.0
 40
100.0
 41
0.0
 46
0.0
 71
5
  1
(VER NOTA 9)
  7
ARIAL NORMAL 50
 11
1e-16
 21
1.0
 31
0.0
  0
POINT
  5
711
330
66F
100
AcDbEntity
  8
Defpoints
 62
0
440
16777216
100
AcDbPoint
 10
4409.894849419876
 20
6812.37141460027
 30
-4.3078e-12
  0
POINT
  5
712
330
66F
100
AcDbEntity
  8
Defpoints
 62
0
440
16777216
100
AcDbPoint
 10
4114.894849419875
 20
15812.37141460027
 30
-4.3078e-12
  0
POINT
  5
713
330
66F
100
AcDbEntity
  8
Defpoints
 62
0
440
16777216
100
AcDbPoint
 10
3614.894849405941
 20
15812.37141460027
 30
0.0
  0
ENDBLK
  5
671
330
66F
100
AcDbEntity
  8
0
100
AcDbBlockEnd
  0
BLOCK
  5
67D
330
67C
100
AcDbEntity
  8
0
100
AcDbBlockBegin
  2
*D39
 70
1
 10
0.0
 20
0.0
 30
0.0
  3
*D39
  1

  0
LINE
  5
714
330
67C
100
AcDbEntity
  8
CIVIL-DIM
 62
1
370
-2
440
16777216
100
AcDbLine
 10
4337.394849419875
 20
3312.371414600267
 30
0.0
 11
3524.894849404049
 21
3312.371414600267
 31
0.0
  0
LINE
  5
715
330
67C
100
AcDbEntity
  8
CIVIL-DIM
 62
1
370
-2
440
16777216
100
AcDbLine
 10
4309.560515787734
 20
6812.37141460027
 30
0.0
 11
3524.894849404049
 21
6812.37141460027
 31
0.0
  0
LINE
  5
716
330
67C
100
AcDbEntity
  8
CIVIL-DIM
 62
1
440
16777216
100
AcDbLine
 10
3614.894849404049
 20
3222.371414600267
 30
0.0
 11
3614.894849404049
 21
6902.371414600271
 31
0.0
  0
INSERT
  5
717
330
67C
100
AcDbEntity
  8
CIVIL-DIM
 62
1
440
16777216
100
AcDbBlockReference
  2
_ArchTick
 10
3614.894849404049
 20
3312.371414600267
 30
0.0
 41
75.0
 42
75.0
 43
75.0
 50
270.0
  0
INSERT
  5
718
330
67C
100
AcDbEntity
  8
CIVIL-DIM
 62
1
440
16777216
100
AcDbBlockReference
  2
_ArchTick
 10
3614.894849404049
 20
6812.37141460027
 30
0.0
 41
75.0
 42
75.0
 43
75.0
 50
90.0
  0
MTEXT
  5
719
330
67C
100
AcDbEntity
  8
CIVIL-DIM
 62
2
440
16777216
100
AcDbMText
 10
3513.803444219875
 20
5062.371414600266
 30
0.0
 40
100.0
 41
0.0
 46
0.0
 71
5
  1
350
  7
ARIAL NORMAL 50
 11
1e-16
 21
1.0
 31
0.0
  0
POINT
  5
71A
330
67C
100
AcDbEntity
  8
Defpoints
 62
0
440
16777216
100
AcDbPoint
 10
4437.394849419876
 20
3312.371414600267
 30
0.0
  0
POINT
  5
71B
330
67C
100
AcDbEntity
  8
Defpoints
 62
0
440
16777216
100
AcDbPoint
 10
4409.560515787734
 20
6812.37141460027
 30
0.0
  0
POINT
  5
71C
330
67C
100
AcDbEntity
  8
Defpoints
 62
0
440
16777216
100
AcDbPoint
 10
3614.894849404049
 20
6812.37141460027
 30
0.0
  0
ENDBLK
  5
67E
330
67C
100
AcDbEntity
  8
0
100
AcDbBlockEnd
  0
BLOCK
  5
689
330
688
100
AcDbEntity
  8
0
100
AcDbBlockBegin
  2
*D40
 70
1
 10
0.0
 20
0.0
 30
0.0
  3
*D40
  1

  0
LINE
  5
71D
330
688
100
AcDbEntity
  8
CIVIL-DIM
 62
1
370
-2
440
16777216
100
AcDbLine
 10
8087.092873263459
 20
15762.37141460028
 30
0.0
 11
8394.187378337905
 21
15762.37141460028
 31
0.0
  0
LINE
  5
71E
330
688
100
AcDbEntity
  8
CIVIL-DIM
 62
1
370
-2
440
16777216
100
AcDbLine
 10
8087.092873263459
 20
15562.37141460028
 30
0.0
 11
8394.187378337905
 21
15562.37141460028
 31
0.0
  0
LINE
  5
71F
330
688
100
AcDbEntity
  8
CIVIL-DIM
 62
1
440
16777216
100
AcDbLine
 10
8304.187378337905
 20
15852.37141460027
 30
0.0
 11
8304.187378337905
 21
15472.37141460027
 31
0.0
  0
MTEXT
  5
720
330
688
100
AcDbEntity
  8
CIVIL-DIM
 62
2
440
16777216
100
AcDbMText
 10
8604.187377619843
 20
15662.37141460027
 30
0.0
 40
100.0
 41
0.0
 46
0.0
 71
5
  1
15\P(TÍP.)
  7
ARIAL NORMAL 50
 11
1e-16
 21
1.0
 31
0.0
  0
INSERT
  5
721
330
688
100
AcDbEntity
  8
CIVIL-DIM
 62
1
440
16777216
100
AcDbBlockReference
  2
_ArchTick
 10
8304.187378337905
 20
15762.37141460028
 30
0.0
 41
75.0
 42
75.0
 43
75.0
 50
90.0
  0
INSERT
  5
722
330
688
100
AcDbEntity
  8
CIVIL-DIM
 62
1
440
16777216
100
AcDbBlockReference
  2
_ArchTick
 10
8304.187378337905
 20
15562.37141460028
 30
0.0
 41
75.0
 42
75.0
 43
75.0
 50
270.0
  0
POINT
  5
723
330
688
100
AcDbEntity
  8
Defpoints
 62
0
440
16777216
100
AcDbPoint
 10
7987.09287326346
 20
15762.37141460028
 30
0.0
  0
POINT
  5
724
330
688
100
AcDbEntity
  8
Defpoints
 62
0
440
16777216
100
AcDbPoint
 10
7987.09287326346
 20
15562.37141460028
 30
0.0
  0
POINT
  5
725
330
688
100
AcDbEntity
  8
Defpoints
 62
0
440
16777216
100
AcDbPoint
 10
8304.187378337905
 20
15562.37141460028
 30
0.0
  0
ENDBLK
  5
68A
330
688
100
AcDbEntity
  8
0
100
AcDbBlockEnd
  0
BLOCK
  5
695
330
694
100
AcDbEntity
  8
0
100
AcDbBlockBegin
  2
*D41
 70
1
 10
0.0
 20
0.0
 30
0.0
  3
*D41
  1

  0
LINE
  5
726
330
694
100
AcDbEntity
  8
CIVIL-DIM
 62
1
370
-2
440
16777216
100
AcDbLine
 10
7657.092873263455
 20
15962.37141460027
 30
0.0
 11
7657.092873263455
 21
16305.21130412663
 31
0.0
  0
LINE
  5
727
330
694
100
AcDbEntity
  8
CIVIL-DIM
 62
1
370
-2
440
16777216
100
AcDbLine
 10
7987.092873263455
 20
15962.37141460027
 30
0.0
 11
7987.092873263455
 21
16305.21130412663
 31
0.0
  0
LINE
  5
728
330
694
100
AcDbEntity
  8
CIVIL-DIM
 62
1
440
16777216
100
AcDbLine
 10
7567.092873263456
 20
16215.21130412664
 30
0.0
 11
8077.092873263456
 21
16215.21130412664
 31
0.0
  0
MTEXT
  5
729
330
694
100
AcDbEntity
  8
CIVIL-DIM
 62
2
440
16777216
100
AcDbMText
 10
7820.823986635827
 20
16430.21130412663
 30
0.0
 40
100.0
 41
0.0
 46
0.0
 71
5
  1
 %%C33
  7
ARIAL NORMAL 50
  0
INSERT
  5
72A
330
694
100
AcDbEntity
  8
CIVIL-DIM
 62
1
440
16777216
100
AcDbBlockReference
  2
_ArchTick
 10
7657.092873263455
 20
16215.21130412664
 30
0.0
 41
75.0
 42
75.0
 43
75.0
 50
180.0
  0
INSERT
  5
72B
330
694
100
AcDbEntity
  8
CIVIL-DIM
 62
1
440
16777216
100
AcDbBlockReference
  2
_ArchTick
 10
7987.092873263455
 20
16215.21130412664
 30
0.0
 41
75.0
 42
75.0
 43
75.0
  0
POINT
  5
72C
330
694
100
AcDbEntity
  8
Defpoints
 62
0
440
16777216
100
AcDbPoint
 10
7657.092873263455
 20
15862.37141460027
 30
0.0
  0
POINT
  5
72D
330
694
100
AcDbEntity
  8
Defpoints
 62
0
440
16777216
100
AcDbPoint
 10
7987.092873263455
 20
15862.37141460027
 30
0.0
  0
POINT
  5
72E
330
694
100
AcDbEntity
  8
Defpoints
 62
0
440
16777216
100
AcDbPoint
 10
7987.092873263455
 20
16215.21130412664
 30
0.0
  0
ENDBLK
  5
696
330
694
100
AcDbEntity
  8
0
100
AcDbBlockEnd
  0
BLOCK
  5
6A1
330
6A0
100
AcDbEntity
  8
0
100
AcDbBlockBegin
  2
*D42
 70
1
 10
0.0
 20
0.0
 30
0.0
  3
*D42
  1

  0
LINE
  5
72F
330
6A0
100
AcDbEntity
  8
CIVIL-DIM
 62
1
370
-2
440
16777216
100
AcDbLine
 10
7494.357036960626
 20
6562.371414600038
 30
0.0
 11
7801.451542035072
 21
6562.371414600038
 31
0.0
  0
LINE
  5
730
330
6A0
100
AcDbEntity
  8
CIVIL-DIM
 62
1
370
-2
440
16777216
100
AcDbLine
 10
7494.357036960626
 20
6362.371414600037
 30
0.0
 11
7801.451542035072
 21
6362.371414600037
 31
0.0
  0
LINE
  5
731
330
6A0
100
AcDbEntity
  8
CIVIL-DIM
 62
1
440
16777216
100
AcDbLine
 10
7711.451542035071
 20
6652.371414600037
 30
0.0
 11
7711.451542035071
 21
6272.371414600037
 31
0.0
  0
MTEXT
  5
732
330
6A0
100
AcDbEntity
  8
CIVIL-DIM
 62
2
440
16777216
100
AcDbMText
 10
8011.451541317008
 20
6462.371414600034
 30
0.0
 40
100.0
 41
0.0
 46
0.0
 71
5
  1
15\P(TÍP.)
  7
ARIAL NORMAL 50
 11
1e-16
 21
1.0
 31
0.0
  0
INSERT
  5
733
330
6A0
100
AcDbEntity
  8
CIVIL-DIM
 62
1
440
16777216
100
AcDbBlockReference
  2
_ArchTick
 10
7711.451542035071
 20
6562.371414600038
 30
0.0
 41
75.0
 42
75.0
 43
75.0
 50
90.0
  0
INSERT
  5
734
330
6A0
100
AcDbEntity
  8
CIVIL-DIM
 62
1
440
16777216
100
AcDbBlockReference
  2
_ArchTick
 10
7711.451542035071
 20
6362.371414600037
 30
0.0
 41
75.0
 42
75.0
 43
75.0
 50
270.0
  0
POINT
  5
735
330
6A0
100
AcDbEntity
  8
Defpoints
 62
0
440
16777216
100
AcDbPoint
 10
7394.357036960626
 20
6562.371414600038
 30
0.0
  0
POINT
  5
736
330
6A0
100
AcDbEntity
  8
Defpoints
 62
0
440
16777216
100
AcDbPoint
 10
7394.357036960626
 20
6362.371414600037
 30
0.0
  0
POINT
  5
737
330
6A0
100
AcDbEntity
  8
Defpoints
 62
0
440
16777216
100
AcDbPoint
 10
7711.451542035071
 20
6362.371414600037
 30
0.0
  0
ENDBLK
  5
6A2
330
6A0
100
AcDbEntity
  8
0
100
AcDbBlockEnd
  0
BLOCK
  5
6AD
330
6AC
100
AcDbEntity
  8
0
100
AcDbBlockBegin
  2
*D43
 70
1
 10
0.0
 20
0.0
 30
0.0
  3
*D43
  1

  0
LINE
  5
738
330
6AC
100
AcDbEntity
  8
CIVIL-DIM
 62
1
370
-2
440
16777216
100
AcDbLine
 10
7141.857036961069
 20
6862.371414599912
 30
0.0
 11
7141.857036961069
 21
7205.2113041264
 31
0.0
  0
LINE
  5
739
330
6AC
100
AcDbEntity
  8
CIVIL-DIM
 62
1
370
-2
440
16777216
100
AcDbLine
 10
7421.857036961073
 20
6862.371414600158
 30
0.0
 11
7421.857036961073
 21
7205.2113041264
 31
0.0
  0
LINE
  5
73A
330
6AC
100
AcDbEntity
  8
CIVIL-DIM
 62
1
440
16777216
100
AcDbLine
 10
7051.857036961068
 20
7115.211304126401
 30
0.0
 11
7511.857036961072
 21
7115.211304126401
 31
0.0
  0
MTEXT
  5
73B
330
6AC
100
AcDbEntity
  8
CIVIL-DIM
 62
2
440
16777216
100
AcDbMText
 10
7228.088150332993
 20
7330.2113041264
 30
0.0
 40
100.0
 41
0.0
 46
0.0
 71
5
  1
 %%C28
  7
ARIAL NORMAL 50
  0
INSERT
  5
73C
330
6AC
100
AcDbEntity
  8
CIVIL-DIM
 62
1
440
16777216
100
AcDbBlockReference
  2
_ArchTick
 10
7141.857036961069
 20
7115.211304126401
 30
0.0
 41
75.0
 42
75.0
 43
75.0
 50
180.0
  0
INSERT
  5
73D
330
6AC
100
AcDbEntity
  8
CIVIL-DIM
 62
1
440
16777216
100
AcDbBlockReference
  2
_ArchTick
 10
7421.857036961073
 20
7115.211304126401
 30
0.0
 41
75.0
 42
75.0
 43
75.0
  0
POINT
  5
73E
330
6AC
100
AcDbEntity
  8
Defpoints
 62
0
440
16777216
100
AcDbPoint
 10
7141.857036961069
 20
6762.371414599911
 30
0.0
  0
POINT
  5
73F
330
6AC
100
AcDbEntity
  8
Defpoints
 62
0
440
16777216
100
AcDbPoint
 10
7421.857036961073
 20
6762.371414600157
 30
0.0
  0
POINT
  5
740
330
6AC
100
AcDbEntity
  8
Defpoints
 62
0
440
16777216
100
AcDbPoint
 10
7421.857036961073
 20
7115.211304126401
 30
0.0
  0
ENDBLK
  5
6AE
330
6AC
100
AcDbEntity
  8
0
100
AcDbBlockEnd
  0
BLOCK
  5
6B9
330
6B8
100
AcDbEntity
  8
0
100
AcDbBlockBegin
  2
*D44
 70
1
 10
0.0
 20
0.0
 30
0.0
  3
*D44
  1

  0
LINE
  5
741
330
6B8
100
AcDbEntity
  8
CIVIL-DIM
 62
1
370
-2
440
16777216
100
AcDbLine
 10
5208.906135201736
 20
15812.37141460027
 30
0.0
 11
6055.962305906535
 21
15812.37141460027
 31
0.0
  0
LINE
  5
742
330
6B8
100
AcDbEntity
  8
CIVIL-DIM
 62
1
370
-2
440
16777216
100
AcDbLine
 10
5208.906125206896
 20
17612.37141460027
 30
0.0
 11
6055.962305906535
 21
17612.37141460027
 31
0.0
  0
LINE
  5
743
330
6B8
100
AcDbEntity
  8
CIVIL-DIM
 62
1
440
16777216
100
AcDbLine
 10
5965.962305906535
 20
15722.37141460028
 30
0.0
 11
5965.962305906535
 21
17702.37141460027
 31
0.0
  0
INSERT
  5
744
330
6B8
100
AcDbEntity
  8
CIVIL-DIM
 62
1
440
16777216
100
AcDbBlockReference
  2
_ArchTick
 10
5965.962305906535
 20
15812.37141460027
 30
0.0
 41
75.0
 42
75.0
 43
75.0
 50
270.0
  0
INSERT
  5
745
330
6B8
100
AcDbEntity
  8
CIVIL-DIM
 62
1
440
16777216
100
AcDbBlockReference
  2
_ArchTick
 10
5965.962305906535
 20
17612.37141460027
 30
0.0
 41
75.0
 42
75.0
 43
75.0
 50
90.0
  0
MTEXT
  5
746
330
6B8
100
AcDbEntity
  8
CIVIL-DIM
 62
2
440
16777216
100
AcDbMText
 10
5864.90500713437
 20
16712.37141460027
 30
0.0
 40
100.0
 41
0.0
 46
0.0
 71
5
  1
180
  7
ARIAL NORMAL 50
 11
1e-16
 21
1.0
 31
0.0
  0
POINT
  5
747
330
6B8
100
AcDbEntity
  8
Defpoints
 62
0
440
16777216
100
AcDbPoint
 10
5108.906135201736
 20
15812.37141460027
 30
-4.3078e-12
  0
POINT
  5
748
330
6B8
100
AcDbEntity
  8
Defpoints
 62
0
440
16777216
100
AcDbPoint
 10
5108.906125206896
 20
17612.37141460027
 30
-4.3078e-12
  0
POINT
  5
749
330
6B8
100
AcDbEntity
  8
Defpoints
 62
0
440
16777216
100
AcDbPoint
 10
5965.962305906535
 20
17612.37141460027
 30
0.0
  0
ENDBLK
  5
6BA
330
6B8
100
AcDbEntity
  8
0
100
AcDbBlockEnd
  0
BLOCK
  5
74B
330
74A
100
AcDbEntity
  8
0
100
AcDbBlockBegin
  2
*D45
 70
1
 10
0.0
 20
0.0
 30
0.0
  3
*D45
  1

  0
LINE
  5
74D
330
74A
100
AcDbEntity
  8
CIVIL-DIM
 62
1
370
-2
440
16777216
100
AcDbLine
 10
6457.418386671979
 20
8312.371414600271
 30
0.0
 11
5438.501039464847
 21
8312.371414600271
 31
0.0
  0
LINE
  5
74E
330
74A
100
AcDbEntity
  8
CIVIL-DIM
 62
1
370
-2
440
16777216
100
AcDbLine
 10
6000.429298273685
 20
6812.371414600272
 30
0.0
 11
5438.501039464847
 21
6812.371414600272
 31
0.0
  0
LINE
  5
74F
330
74A
100
AcDbEntity
  8
CIVIL-DIM
 62
1
440
16777216
100
AcDbLine
 10
5528.501039464847
 20
8402.371414600271
 30
0.0
 11
5528.501039464847
 21
6722.371414600272
 31
0.0
  0
INSERT
  5
750
330
74A
100
AcDbEntity
  8
CIVIL-DIM
 62
1
440
16777216
100
AcDbBlockReference
  2
_ArchTick
 10
5528.501039464847
 20
8312.371414600271
 30
0.0
 41
75.0
 42
75.0
 43
75.0
 50
90.0
  0
INSERT
  5
751
330
74A
100
AcDbEntity
  8
CIVIL-DIM
 62
1
440
16777216
100
AcDbBlockReference
  2
_ArchTick
 10
5528.501039464847
 20
6812.371414600272
 30
0.0
 41
75.0
 42
75.0
 43
75.0
 50
270.0
  0
MTEXT
  5
752
330
74A
100
AcDbEntity
  8
CIVIL-DIM
 62
2
440
16777216
100
AcDbMText
 10
5427.44374069268
 20
7562.371414600268
 30
0.0
 40
100.0
 41
0.0
 46
0.0
 71
5
  1
150
  7
ARIAL NORMAL 50
 11
1e-16
 21
1.0
 31
0.0
  0
POINT
  5
753
330
74A
100
AcDbEntity
  8
Defpoints
 62
0
440
16777216
100
AcDbPoint
 10
6557.418386671979
 20
8312.371414600271
 30
0.0
  0
POINT
  5
754
330
74A
100
AcDbEntity
  8
Defpoints
 62
0
440
16777216
100
AcDbPoint
 10
6100.429298273684
 20
6812.371414600272
 30
0.0
  0
POINT
  5
755
330
74A
100
AcDbEntity
  8
Defpoints
 62
0
440
16777216
100
AcDbPoint
 10
5528.501039464847
 20
6812.371414600272
 30
0.0
  0
ENDBLK
  5
74C
330
74A
100
AcDbEntity
  8
0
100
AcDbBlockEnd
  0
BLOCK
  5
834
330
833
100
AcDbEntity
  8
0
100
AcDbBlockBegin
  2
*D1
 70
1
 10
0.0
 20
0.0
 30
0.0
  3
*D1
  1

  0
LINE
  5
836
330
833
100
AcDbEntity
  8
0
 62
1
100
AcDbLine
 10
-2.0
 20
155.0
 30
0.0
 11
-306.8
 21
155.0
 31
0.0
  0
LINE
  5
837
330
833
100
AcDbEntity
  8
0
 62
1
100
AcDbLine
 10
-2.0
 20
-155.0
 30
0.0
 11
-306.8
 21
-155.0
 31
0.0
  0
INSERT
  5
838
330
833
100
AcDbEntity
  8
0
 62
1
100
AcDbBlockReference
  2
_ArchTick
 10
-305.0
 20
155.0
 30
0.0
 41
1.5
 42
1.5
 50
270.0
  0
INSERT
  5
83A
330
833
100
AcDbEntity
  8
0
 62
1
100
AcDbBlockReference
  2
_ArchTick
 10
-305.0
 20
-155.0
 30
0.0
 41
1.5
 42
1.5
 50
90.0
  0
LINE
  5
83C
330
833
100
AcDbEntity
  8
0
 62
1
100
AcDbLine
 10
-305.0
 20
155.0
 30
0.0
 11
-305.0
 21
-155.0
 31
0.0
  0
MTEXT
  5
83D
330
833
100
AcDbEntity
  8
0
 62
2
100
AcDbMText
 10
-275.0
 20
0.0
 30
0.0
 40
20.0
 71
5
  1
%%c31
  7
80CL-1_10
 50
90.0
  0
POINT
  5
83E
330
833
100
AcDbEntity
  8
Defpoints
100
AcDbPoint
 10
-305.0
 20
155.0
 30
0.0
  0
POINT
  5
83F
330
833
100
AcDbEntity
  8
Defpoints
100
AcDbPoint
 10
0.0
 20
155.0
 30
0.0
  0
POINT
  5
840
330
833
100
AcDbEntity
  8
Defpoints
100
AcDbPoint
 10
0.0
 20
-155.0
 30
0.0
  0
ENDBLK
  5
835
330
833
100
AcDbEntity
  8
0
100
AcDbBlockEnd
  0
BLOCK
  5
859
330
858
100
AcDbEntity
  8
0
100
AcDbBlockBegin
  2
*D2
 70
1
 10
0.0
 20
0.0
 30
0.0
  3
*D2
  1

  0
LINE
  5
85B
330
858
100
AcDbEntity
  8
0
 62
1
100
AcDbLine
 10
998.0
 20
110.0
 30
0.0
 11
738.2
 21
110.0
 31
0.0
  0
LINE
  5
85C
330
858
100
AcDbEntity
  8
0
 62
1
100
AcDbLine
 10
998.0
 20
-110.0
 30
0.0
 11
738.2
 21
-110.0
 31
0.0
  0
INSERT
  5
85D
330
858
100
AcDbEntity
  8
0
 62
1
100
AcDbBlockReference
  2
_ArchTick
 10
740.0
 20
110.0
 30
0.0
 41
1.5
 42
1.5
 50
270.0
  0
INSERT
  5
85F
330
858
100
AcDbEntity
  8
0
 62
1
100
AcDbBlockReference
  2
_ArchTick
 10
740.0
 20
-110.0
 30
0.0
 41
1.5
 42
1.5
 50
90.0
  0
LINE
  5
861
330
858
100
AcDbEntity
  8
0
 62
1
100
AcDbLine
 10
740.0
 20
110.0
 30
0.0
 11
740.0
 21
-110.0
 31
0.0
  0
MTEXT
  5
862
330
858
100
AcDbEntity
  8
0
 62
2
100
AcDbMText
 10
770.0
 20
0.0
 30
0.0
 40
20.0
 71
5
  1
%%c22
  7
80CL-1_10
 50
90.0
  0
POINT
  5
863
330
858
100
AcDbEntity
  8
Defpoints
100
AcDbPoint
 10
740.0
 20
110.0
 30
0.0
  0
POINT
  5
864
330
858
100
AcDbEntity
  8
Defpoints
100
AcDbPoint
 10
1000.0
 20
110.0
 30
0.0
  0
POINT
  5
865
330
858
100
AcDbEntity
  8
Defpoints
100
AcDbPoint
 10
1000.0
 20
-110.0
 30
0.0
  0
ENDBLK
  5
85A
330
858
100
AcDbEntity
  8
0
100
AcDbBlockEnd
  0
ENDSEC
  0
SECTION
  2
ENTITIES
  0
HATCH
  5
597
330
1F
100
AcDbEntity
  8
CIVIL-254
100
AcDbHatch
 10
0.0
 20
0.0
 30
0.0
210
0.0
220
0.0
230
1.0
  2
SOLID
 70
1
 71
0
 91
1
 92
1
 93
1
 72
2
 10
4432.457352649019
 20
963.226491496871
 40
200.0000000000073
 50
0.0
 51
360.0
 73
1
 97
0
 75
1
 76
1
 98
1
 10
4419.826264782368
 20
969.4468279516896
450
0
451
0
460
0.0
461
0.0
452
0
462
1.0
453
2
463
0
 63
5
421
255
463
1
 63
2
421
16776960
470
LINEAR
1001
GradientColor1ACI
1070
5
1001
GradientColor2ACI
1070
2
1001
ACAD
1010
0.0
1020
0.0
1030
0.0
  0
LEADER
  5
598
330
1F
100
AcDbEntity
  8
CIVIL-DIM
100
AcDbLeader
  3
TICK-1_25
 73
3
 76
3
 10
4432.457352649456
 20
1074.345593256767
 30
0.0
 10
4547.595255862073
 20
1165.468518245348
 30
0.0
 10
4621.950179665431
 20
1165.468518245348
 30
0.0
1001
ACAD
1000
DSTYLE
1002
{
1070
41
1040
1.25
1070
147
1040
1.0
1070
77
1070
0
1002
}
  0
TEXT
  5
599
330
1F
100
AcDbEntity
  8
CIVIL-TX2
100
AcDbText
 10
4551.274583253903
 20
1175.388689659476
 30
0.0
 40
20.0
  1
6 N2
  7
ARIAL NORMAL 12.5
100
AcDbText
  0
HATCH
  5
59A
330
1F
100
AcDbEntity
  8
CIVIL-254
100
AcDbHatch
 10
0.0
 20
0.0
 30
0.0
210
0.0
220
0.0
230
1.0
  2
SOLID
 70
1
 71
0
 91
1
 92
7
 72
1
 73
1
 93
2
 10
4690.898282277931
 20
1615.726491497664
 42
1.0
 10
4240.898282277931
 20
1615.726491497664
 42
1.0
 97
0
 75
1
 76
1
 47
1.742157860706917
 98
1
 10
4396.76144622599
 20
1594.942164944319
450
0
451
0
460
0.0
461
0.0
452
0
462
1.0
453
2
463
0
 63
5
421
255
463
1
 63
2
421
16776960
470
LINEAR
1001
GradientColor1ACI
1070
5
1001
GradientColor2ACI
1070
2
1001
ACAD
1010
566731961.1573902
1020
6930177364.943507
1030
0.0
  0
CIRCLE
  5
59B
330
1F
100
AcDbEntity
  8
FERRO_05
100
AcDbCircle
 10
4465.898282278863
 20
1615.726491497664
 30
0.0
 40
165.0
  0
DIMENSION
  5
59C
330
1F
100
AcDbEntity
  8
CIVIL-DIM
100
AcDbDimension
280
0
  2
*D31
  3
TICK-1_10
 10
4191.493324691974
 20
1390.726491497664
 30
0.0
 11
4171.493324691973
 21
1615.726491497663
 31
0.0
 70
32
 71
5
 42
45.00000000000002
 73
0
 74
0
 75
0
  1
%%C<>
100
AcDbAlignedDimension
 13
4465.898282278863
 23
1840.726491497664
 33
0.0
 14
4465.898282278863
 24
1390.726491497664
 34
0.0
 50
90.0
100
AcDbRotatedDimension
  0
DIMENSION
  5
59D
330
1F
100
AcDbEntity
  8
CIVIL-DIM
100
AcDbDimension
280
0
  2
*D32
  3
TICK-1_10
 10
5209.980811564797
 20
1450.726491497664
 30
0.0
 11
5189.980811564796
 21
1615.822751663831
 31
0.0
 70
32
 71
5
 42
33.01925203323374
 73
0
 74
0
 75
0
  1
%%C<>
100
AcDbAlignedDimension
 13
4968.2469160469
 23
1780.919011830001
 33
0.0
 14
4965.898282278863
 24
1450.726491497664
 34
0.0
 50
90.0
100
AcDbRotatedDimension
1001
ACAD
1000
DSTYLE
1002
{
1070
271
1070
0
1002
}
  0
TEXT
  5
59E
330
1F
100
AcDbEntity
  8
CIVIL-TX2
100
AcDbText
 10
4584.715512883263
 20
1944.191043334476
 30
0.0
 40
20.0
  1
6 N1/N2
  7
ARIAL NORMAL 12.5
100
AcDbText
  0
LEADER
  5
59F
330
1F
100
AcDbEntity
  8
CIVIL-DIM
100
AcDbLeader
  3
TICK-1_25
 73
3
 76
3
 10
4465.89828227946
 20
1772.023122949073
 30
0.0
 10
4581.036185491432
 20
1934.270871920346
 30
0.0
 10
4722.899526158765
 20
1934.270871920346
 30
0.0
1001
ACAD
1000
DSTYLE
1002
{
1070
41
1040
1.25
1070
147
1040
1.0
1070
77
1070
0
1002
}
  0
INSERT
  5
5A0
102
{ACAD_REACTORS
330
614
102
}
330
1F
100
AcDbEntity
  8
CIVIL-DIM
100
AcDbBlockReference
  2
*U26
 10
-905793.9176172927
 20
388896.394700962
 30
-4.902e-12
  0
DIMENSION
  5
5A1
330
1F
100
AcDbEntity
  8
CIVIL-DIM
100
AcDbDimension
280
0
  2
*D33
  3
TICK-1_10
 10
4191.493324691982
 20
763.2264914968637
 30
0.0
 11
4171.493324691981
 21
963.2264914968626
 31
0.0
 70
32
 71
5
 42
40.00000000000002
 73
0
 74
0
 75
0
  1
%%C<>
100
AcDbAlignedDimension
 13
4432.457352649023
 23
1163.226491496863
 33
0.0
 14
4432.457352649023
 24
763.2264914968637
 34
0.0
 50
90.0
100
AcDbRotatedDimension
  0
CIRCLE
  5
5A2
330
1F
100
AcDbEntity
  8
FERRO_05
100
AcDbCircle
 10
4965.898282278863
 20
1615.726491497664
 30
0.0
 40
165.0
  0
ARC
  5
5A3
330
1F
100
AcDbEntity
  8
FERRO_05
100
AcDbCircle
 10
4964.3049964872
 20
1679.920364694162
 30
0.0
 40
100.8187173134919
100
AcDbArc
 50
348.8647207835787
 51
89.0944900494736
  0
TEXT
  5
5A4
330
1F
100
AcDbEntity
  8
CIVIL-TX2
100
AcDbText
 10
4878.378192808569
 20
1799.391541896328
 30
0.0
 40
20.0
  1
ESPIRAL N3
  7
ARIAL NORMAL 12.5
100
AcDbText
  0
CIRCLE
  5
5A5
330
1F
100
AcDbEntity
  8
FERRO_05
100
AcDbCircle
 10
4882.457352649023
 20
963.2264914968637
 30
0.0
 40
140.0
  0
ARC
  5
5A6
330
1F
100
AcDbEntity
  8
FERRO_05
100
AcDbCircle
 10
4865.484767801301
 20
977.269769585995
 30
0.0
 40
126.7083107708714
100
AcDbArc
 50
357.6599196934185
 51
83.63120178182056
  0
DIMENSION
  5
5A7
330
1F
100
AcDbEntity
  8
CIVIL-DIM
100
AcDbDimension
280
0
  2
*D34
  3
TICK-1_10
 10
5074.039881934163
 20
823.2264914968641
 30
0.0
 11
5054.039881934162
 21
963.2264914968624
 31
0.0
 70
32
 71
5
 42
28.0
 73
0
 74
0
 75
0
  1
%%C<>
100
AcDbAlignedDimension
 13
4882.457352649023
 23
1103.226491496863
 33
0.0
 14
4882.457352649023
 24
823.2264914968636
 34
0.0
 50
90.0
100
AcDbRotatedDimension
  0
TEXT
  5
5A8
330
1F
100
AcDbEntity
  8
CIVIL-TX2
100
AcDbText
 10
4796.024482244031
 20
1137.544539405317
 30
0.0
 40
20.0
  1
ESPIRAL N4
  7
ARIAL NORMAL 12.5
100
AcDbText
  0
LINE
  5
5A9
330
1F
100
AcDbEntity
  8
CIVIL-FERRO-VISTA
100
AcDbLine
 10
4474.894849420103
 20
8312.371414602701
 30
0.0
 11
4474.894849420103
 21
3362.371414602703
 31
0.0
  0
LINE
  5
5AA
330
1F
100
AcDbEntity
  8
CIVIL-FERRO-VISTA
100
AcDbLine
 10
4754.894849420107
 20
8312.37141460027
 30
0.0
 11
4754.894849420107
 21
3362.371414600267
 31
0.0
  0
HATCH
  5
5AB
330
1F
100
AcDbEntity
  8
CIVIL-254
100
AcDbHatch
 10
0.0
 20
0.0
 30
0.0
210
0.0
220
0.0
230
1.0
  2
SOLID
 70
1
 71
0
 91
12
 92
7
 72
1
 73
1
 93
10
 10
5108.906124287715
 20
17562.37141460027
 42
0.0
 10
4779.894849419874
 20
17562.37141460027
 42
0.0
 10
4779.894849419874
 20
15912.37141460047
 42
0.0
 10
4839.894849419874
 20
15912.3714146005
 42
0.0
 10
4839.894849419874
 20
15862.37141460027
 42
0.0
 10
5108.906126765762
 20
15862.37141460027
 42
0.0
 10
5108.906074166578
 20
16487.22983350618
 42
-0.5773502881393121
 10
5181.652222587129
 20
16529.22984728706
 42
0.0
 10
5036.159967962074
 20
16613.22985080307
 42
0.5773502699198354
 10
5108.906074166579
 20
16655.22982933737
 42
0.0
 97
0
 92
7
 72
0
 73
1
 93
4
 10
5108.906126765762
 20
15862.37141460027
 10
4839.894849419874
 20
15862.37141460027
 10
4839.894849419874
 20
15812.37141460027
 10
5108.906130974649
 20
15812.37141460027
 97
0
 92
23
 72
0
 73
1
 93
4
 10
4839.894849419874
 20
15912.3714146005
 10
4779.894849419874
 20
15912.37141460047
 10
4779.894849419874
 20
15862.37141460027
 10
4839.894849419874
 20
15862.37141460027
 97
0
 92
23
 72
0
 73
1
 93
4
 10
4839.894849419874
 20
15862.37141460027
 10
4779.894849419874
 20
15862.37141460027
 10
4779.894849419874
 20
15812.37141460027
 10
4839.894849419874
 20
15812.37141460027
 97
0
 92
23
 72
0
 73
1
 93
4
 10
4779.894849419874
 20
15862.37141460027
 10
4449.894849419875
 20
15862.37141460027
 10
4614.894849419874
 20
15812.37141460027
 10
4779.894849419874
 20
15812.37141460027
 97
0
 92
23
 72
0
 73
1
 93
4
 10
4779.894849419874
 20
15912.37141460047
 10
4449.894849419874
 20
15912.3714146003
 10
4449.894849419874
 20
15862.37141460027
 10
4779.894849419874
 20
15862.37141460027
 97
0
 92
22
 72
0
 73
1
 93
4
 10
4449.894849419874
 20
15912.3714146003
 10
4389.894849419873
 20
15912.37141460027
 10
4389.894849419873
 20
15862.37141460027
 10
4449.894849419874
 20
15862.37141460027
 97
0
 92
23
 72
0
 73
1
 93
4
 10
4449.894849419874
 20
15862.37141460027
 10
4389.894849419873
 20
15862.37141460027
 10
4389.894849419873
 20
15812.37141460027
 10
4449.894849419874
 20
15812.37141460027
 97
0
 92
6
 72
0
 73
1
 93
3
 10
4449.894849419874
 20
15862.37141460027
 10
4449.894849419874
 20
15812.37141460027
 10
4614.894849419874
 20
15812.37141460027
 97
0
 92
7
 72
0
 73
1
 93
8
 10
4389.894849419873
 20
15862.37141460027
 10
4164.994761966855
 20
15862.37141460027
 10
4167.789523751726
 20
17562.37141460027
 10
5108.906124287715
 20
17562.37141460027
 10
5108.906127050301
 20
17612.37141460027
 10
4117.889237046521
 20
17612.37141460027
 10
4114.894849419874
 20
15812.37141460027
 10
4389.894849419873
 20
15812.37141460027
 97
0
 92
23
 72
0
 73
1
 93
6
 10
4449.894849419874
 20
17562.37141460027
 10
4167.789523751726
 20
17562.37141460027
 10
4164.994761966855
 20
15862.37141460027
 10
4389.894849419873
 20
15862.37141460027
 10
4389.894849419873
 20
15912.37141460027
 10
4449.894849419874
 20
15912.3714146003
 97
0
 92
23
 72
0
 73
1
 93
4
 10
4779.894849419874
 20
17562.37141460027
 10
4449.894849419874
 20
17562.37141460027
 10
4449.894849419874
 20
15912.3714146003
 10
4779.894849419874
 20
15912.37141460047
 97
0
 75
1
 76
1
 47
2.179302879248942
 98
12
 10
4969.203109209821
 20
16963.46676277485
 10
4945.318938224856
 20
15839.8723746188
 10
4816.300541154447
 20
15886.00086644882
 10
4823.090799043234
 20
15843.9424386809
 10
4669.626774136489
 20
15841.2290626395
 10
4669.626774136489
 20
15868.36343367918
 10
4433.318932410085
 20
15872.43361986642
 10
4423.812317025196
 20
15838.51556447297
 10
4479.493830586655
 20
15834.44537828574
 10
4316.523190294963
 20
15837.15887645227
 10
4296.151780777075
 20
16009.46252946092
 10
4689.997865728673
 20
16143.7779408889
450
0
451
0
460
0.0
461
0.0
452
0
462
0.0
453
2
463
0
 63
5
421
255
463
1
 63
2
421
16776960
470
LINEAR
1001
GradientColor1ACI
1070
5
1001
GradientColor2ACI
1070
2
1001
ACAD
1010
0.0
1020
0.0
1030
0.0
  0
LINE
  5
5AC
330
1F
100
AcDbEntity
  8
CIVIL-FERRO-VISTA
100
AcDbLine
 10
4449.894849419874
 20
17562.37141460027
 30
0.0
 11
4449.894849419872
 21
6812.371414599979
 31
0.0
  0
LINE
  5
5AD
330
1F
100
AcDbEntity
  8
CIVIL-FERRO-VISTA
100
AcDbLine
 10
4779.894849419874
 20
17562.37141460027
 30
0.0
 11
4779.894849419878
 21
6812.371414600268
 31
0.0
  0
LWPOLYLINE
  5
5AE
330
1F
100
AcDbEntity
  8
CIVIL-02
100
AcDbPolyline
 90
4
 70
0
 10
5111.900461793226
 20
17612.37141460027
 10
4117.889237046521
 20
17612.37141460027
 10
4114.894849419874
 20
15812.37141460027
 10
5108.906135201735
 20
15812.37141460027
  0
LWPOLYLINE
  5
5AF
330
1F
100
AcDbEntity
  8
CIVIL-02-PROJ
 48
5.0
100
AcDbPolyline
 90
4
 70
0
 10
4389.894849419873
 20
15812.37141460027
 10
4389.894849419873
 20
15912.37141460027
 10
4839.894849419874
 20
15912.3714146005
 10
4839.894849419874
 20
15812.3714146005
  0
DIMENSION
  5
5B0
330
1F
100
AcDbEntity
  8
CIVIL-DIM
100
AcDbDimension
280
0
  2
*D35
  3
TICK-1_50
 10
5611.931359651797
 20
17562.37141460027
 30
4.3078e-12
 11
5510.874060879632
 21
16737.37141460039
 31
4.3078e-12
 70
32
 71
5
 42
164.9999999999767
 73
0
 74
0
 75
0
100
AcDbAlignedDimension
 13
4819.894849419874
 23
15912.3714146005
 33
0.0
 14
4779.894849419874
 24
17562.37141460027
 34
0.0
 50
90.0
100
AcDbRotatedDimension
  0
LWPOLYLINE
  5
5B1
330
1F
100
AcDbEntity
  8
CIVIL-1
100
AcDbPolyline
 90
8
 70
0
 10
5108.906135201735
 20
15762.15524204172
 10
5108.906074166578
 20
16487.22984361246
 42
-0.5773502691893571
 10
5181.652228951734
 20
16529.22984361246
 10
5264.790717721269
 20
16481.22984361246
 10
4953.021552682203
 20
16661.22984361246
 10
5036.159980416578
 20
16613.22984361246
 42
0.5773502691903831
 10
5108.906074166578
 20
16655.22984361246
 10
5108.906135201735
 20
17759.9040598656
  0
DIMENSION
  5
5B2
330
1F
100
AcDbEntity
  8
CIVIL-DIM
100
AcDbDimension
280
0
  2
*D36
  3
TICK-1_50
 10
5611.931359651778
 20
15812.37141460027
 30
0.0
 11
5611.931359651783
 21
15545.62516630559
 31
0.0
 70
160
 71
5
 42
10.0
 73
0
 74
0
 75
0
100
AcDbAlignedDimension
 13
5108.906135201735
 23
15912.37141460027
 33
4.3078e-12
 14
5108.906135201735
 24
15812.37141460027
 34
0.0
 50
90.0
100
AcDbRotatedDimension
1001
ACAD
1000
DSTYLE
1002
{
1070
279
1070
0
1002
}
  0
LINE
  5
5B3
330
1F
100
AcDbEntity
  8
CIVIL-DIM
100
AcDbLine
 10
5701.931359653645
 20
15912.37141460027
 30
4.3078e-12
 11
5988.59848293411
 21
15912.37141460027
 31
0.0
  0
DIMENSION
  5
5B4
330
1F
100
AcDbEntity
  8
CIVIL-DIM
100
AcDbDimension
280
0
  2
*D37
  3
TICK-1_50
 10
5408.292419985221
 20
3362.371414600268
 30
-9.44669e-11
 11
5408.292419985221
 21
3079.219982130962
 31
-9.44669e-11
 70
160
 71
5
 42
4.999999999999954
 73
0
 74
0
 75
0
100
AcDbAlignedDimension
 13
4767.394849419874
 23
3312.371414600267
 33
-9.44669e-11
 14
6557.418386670112
 24
3362.371414600267
 34
-9.44669e-11
 50
90.0
100
AcDbRotatedDimension
1001
ACAD
1000
DSTYLE
1002
{
1070
279
1070
0
1002
}
  0
LWPOLYLINE
  5
5B5
102
{ACAD_REACTORS
330
5DC
102
}
330
1F
100
AcDbEntity
  8
CIVIL-FERRO-VISTA
100
AcDbPolyline
 90
2
 70
0
 10
6557.418386670112
 20
3362.371414600267
 10
6557.418386671975
 20
8312.37141460027
  0
TEXT
  5
5B6
330
1F
100
AcDbEntity
  8
CIVIL-TX2
100
AcDbText
 10
6498.883066835471
 20
5272.162311972613
 30
0.0
 40
100.0
  1
N2-6%%C20-495
 50
90.0
  7
ARIAL NORMAL 50
100
AcDbText
  0
TEXT
  5
5B7
330
1F
100
AcDbEntity
  8
CIVIL-TX2
100
AcDbText
 10
6040.178020323473
 20
11454.94466248677
 30
0.0
 40
100.0
  1
N1-6%%C20-1095
 50
90.0
  7
ARIAL NORMAL 50
100
AcDbText
  0
LWPOLYLINE
  5
5B8
330
1F
100
AcDbEntity
  8
CIVIL-FERRO-VISTA
 62
3
100
AcDbPolyline
 90
93
 70
0
 10
4779.894849419874
 20
15862.37141460027
 10
4449.894849419874
 20
15862.37141460027
 10
4779.894849419874
 20
15762.37141460027
 10
4449.894849419874
 20
15662.37141460027
 10
4779.894849419874
 20
15562.37141460027
 10
4449.894849419874
 20
15462.37141460027
 10
4779.894849419874
 20
15362.37141460027
 10
4449.894849419874
 20
15262.37141460027
 10
4779.894849419874
 20
15162.37141460027
 10
4449.894849419874
 20
15062.37141460027
 10
4779.894849419874
 20
14962.37141460027
 10
4449.894849419874
 20
14862.37141460027
 10
4779.894849419874
 20
14762.37141460027
 10
4449.894849419874
 20
14662.37141460027
 10
4779.894849419874
 20
14562.37141460027
 10
4449.894849419874
 20
14462.37141460027
 10
4779.894849419874
 20
14362.37141460027
 10
4449.894849419874
 20
14262.37141460027
 10
4779.894849419874
 20
14162.37141460027
 10
4449.894849419874
 20
14062.37141460027
 10
4779.894849419874
 20
13962.37141460027
 10
4449.894849419874
 20
13862.37141460027
 10
4779.894849419874
 20
13762.37141460027
 10
4449.894849419874
 20
13662.37141460027
 10
4779.894849419874
 20
13562.37141460027
 10
4449.894849419874
 20
13462.37141460027
 10
4779.894849419874
 20
13362.37141460027
 10
4449.894849419874
 20
13262.37141460027
 10
4779.894849419874
 20
13162.37141460027
 10
4449.894849419874
 20
13062.37141460027
 10
4779.894849419874
 20
12962.37141460027
 10
4449.894849419874
 20
12862.37141460027
 10
4779.894849419874
 20
12762.37141460027
 10
4449.894849419874
 20
12662.37141460027
 10
4779.894849419874
 20
12562.37141460027
 10
4449.894849419874
 20
12462.37141460027
 10
4779.894849419874
 20
12362.37141460027
 10
4449.894849419874
 20
12262.37141460027
 10
4779.894849419874
 20
12162.37141460027
 10
4449.894849419874
 20
12062.37141460027
 10
4779.894849419874
 20
11962.37141460027
 10
4449.894849419874
 20
11862.37141460027
 10
4779.894849419874
 20
11762.37141460027
 10
4449.894849419874
 20
11662.37141460027
 10
4779.894849419874
 20
11562.37141460027
 10
4449.894849419874
 20
11462.37141460027
 10
4779.894849419874
 20
11362.37141460027
 10
4449.894849419874
 20
11262.37141460027
 10
4779.894849419874
 20
11162.37141460027
 10
4449.894849419874
 20
11062.37141460027
 10
4779.894849419874
 20
10962.37141460027
 10
4449.894849419874
 20
10862.37141460027
 10
4779.894849419874
 20
10762.37141460027
 10
4449.894849419874
 20
10662.37141460027
 10
4779.894849419874
 20
10562.37141460026
 10
4449.894849419874
 20
10462.37141460026
 10
4779.894849419874
 20
10362.37141460026
 10
4449.894849419874
 20
10262.37141460026
 10
4779.894849419874
 20
10162.37141460026
 10
4449.894849419874
 20
10062.37141460026
 10
4779.894849419874
 20
9962.371414600266
 10
4449.894849419874
 20
9862.371414600266
 10
4779.894849419874
 20
9762.371414600266
 10
4449.894849419874
 20
9662.371414600266
 10
4779.894849419874
 20
9562.371414600266
 10
4449.894849419874
 20
9462.371414600266
 10
4779.894849419874
 20
9362.371414600266
 10
4449.894849419874
 20
9262.371414600266
 10
4779.894849419874
 20
9162.371414600266
 10
4449.894849419874
 20
9062.371414600266
 10
4779.894849419874
 20
8962.371414600266
 10
4449.894849419874
 20
8862.371414600266
 10
4779.894849419874
 20
8762.371414600268
 10
4449.894849419874
 20
8662.37141460027
 10
4779.894849419874
 20
8562.37141460027
 10
4449.894849419874
 20
8462.371414600268
 10
4779.894849419874
 20
8362.371414600268
 10
4449.894849419874
 20
8262.371414600268
 10
4779.894849419874
 20
8162.371414600267
 10
4449.894849419874
 20
8062.371414600267
 10
4779.894849419874
 20
7962.371414600267
 10
4449.894849419874
 20
7862.371414600267
 10
4779.894849419874
 20
7762.371414600266
 10
4449.894849419874
 20
7662.371414600267
 10
4779.894849419874
 20
7562.371414600267
 10
4449.894849419874
 20
7462.371414600267
 10
4779.894849419874
 20
7362.371414600267
 10
4449.894849419874
 20
7262.371414600266
 10
4779.894849419874
 20
7162.371414600267
 10
4449.894849419874
 20
7062.371414600267
 10
4779.894849419874
 20
6962.371414600267
 10
4449.894849419872
 20
6812.371414599979
 10
4779.894849419878
 20
6812.371414600268
  0
TEXT
  5
5B9
330
1F
100
AcDbEntity
  8
CIVIL-TX2
100
AcDbText
 10
7400.298905563096
 20
10656.43689891132
 30
0.0
 40
100.0
  1
N3-1%%C6,3-CORRIDO
 50
90.0
  7
ARIAL NORMAL 50
 72
1
 11
7350.298905563096
 21
11312.37141460027
 31
0.0
100
AcDbText
 73
2
  0
TEXT
  5
5BA
330
1F
100
AcDbEntity
  8
CIVIL-TX2
 62
2
100
AcDbText
 10
7116.382245256535
 20
4987.462365032203
 30
0.0
 40
100.0
  1
(ESPIRAL)
 50
90.0
  7
ARIAL NORMAL 50
 72
1
 11
7066.382245256535
 21
5329.038081266855
 31
0.0
100
AcDbText
 73
2
  0
TEXT
  5
5BB
330
1F
100
AcDbEntity
  8
CIVIL-TX2
100
AcDbText
 10
6971.053626794549
 20
4673.103565577905
 30
0.0
 40
100.0
  1
N4-1%%C6,3-CORRIDO
 50
90.0
  7
ARIAL NORMAL 50
 72
1
 11
6921.053626794549
 21
5329.038081266855
 31
0.0
100
AcDbText
 73
2
  0
INSERT
  5
5BC
330
1F
100
AcDbEntity
  8
CIVIL-253
100
AcDbBlockReference
  2
Rocha_2
 10
4586.704356886726
 20
3311.683206915251
 30
-3.74999e-11
 41
500.0
 42
500.0
 43
500.0
  0
INSERT
  5
5BD
330
1F
100
AcDbEntity
  8
CIVIL-253
100
AcDbBlockReference
  2
Rocha_2
 10
4181.288626233396
 20
3311.683206915251
 30
-3.74999e-11
 41
500.0
 42
500.0
 43
500.0
  0
INSERT
  5
5BE
330
1F
100
AcDbEntity
  8
CIVIL-253
100
AcDbBlockReference
  2
ROCHA_3
 10
4395.772915414116
 20
4599.522288635466
 30
0.0
 41
500.0
 42
500.0
 43
500.0
 50
270.0
  0
INSERT
  5
5BF
330
1F
100
AcDbEntity
  8
CIVIL-253
100
AcDbBlockReference
  2
ROCHA_3
 10
4395.772915414116
 20
5360.040036591795
 30
0.0
 41
500.0
 42
500.0
 43
500.0
 50
270.0
  0
INSERT
  5
5C0
330
1F
100
AcDbEntity
  8
CIVIL-253
100
AcDbBlockReference
  2
ROCHA_3
 10
4395.772915414116
 20
6081.642130144034
 30
0.0
 41
500.0
 42
500.0
 43
500.0
 50
270.0
  0
INSERT
  5
5C1
330
1F
100
AcDbEntity
  8
CIVIL-253
100
AcDbBlockReference
  2
ROCHA_3
 10
4396.229613008588
 20
6779.864246485903
 30
0.0
 41
500.0
 42
500.0
 43
500.0
 50
270.0
  0
INSERT
  5
5C2
330
1F
100
AcDbEntity
  8
CIVIL-253
100
AcDbBlockReference
  2
ROCHA_3
 10
4832.572730400703
 20
4599.522288635466
 30
0.0
 41
-500.0
 42
500.0
 43
500.0
 50
89.99999999999991
  0
INSERT
  5
5C3
330
1F
100
AcDbEntity
  8
CIVIL-253
100
AcDbBlockReference
  2
ROCHA_3
 10
4832.572730400703
 20
5360.040036591795
 30
0.0
 41
-500.0
 42
500.0
 43
500.0
 50
89.99999999999991
  0
INSERT
  5
5C4
330
1F
100
AcDbEntity
  8
CIVIL-253
100
AcDbBlockReference
  2
ROCHA_3
 10
4832.572730400703
 20
6081.642130144034
 30
0.0
 41
-500.0
 42
500.0
 43
500.0
 50
89.99999999999991
  0
INSERT
  5
5C5
330
1F
100
AcDbEntity
  8
CIVIL-253
100
AcDbBlockReference
  2
ROCHA_3
 10
4832.572730400703
 20
6780.384035545495
 30
0.0
 41
-500.0
 42
500.0
 43
500.0
 50
89.99999999999991
  0
LEADER
  5
5C6
330
1F
100
AcDbEntity
  8
CIVIL-DIM
100
AcDbLeader
  3
TICK-1_75
 73
3
 76
3
 10
4114.894849419874
 20
16466.25700736358
 30
4.3078e-12
 10
3645.681988292654
 20
16466.25700736358
 30
4.3078e-12
 10
3309.437180052792
 20
16466.25700736358
 30
4.3078e-12
  0
TEXT
  5
5C7
330
1F
100
AcDbEntity
  8
CIVIL-TX2
100
AcDbText
 10
3331.91145160456
 20
16511.61272727909
 30
0.0
 40
100.0
  1
BLOCO
  7
ARIAL NORMAL 50
100
AcDbText
  0
MTEXT
  5
5C8
330
1F
100
AcDbEntity
  8
ES_TEXTO
100
AcDbMText
 10
2634.774231882115
 20
18070.78224984123
 30
0.0
 40
100.0
 41
0.0
 46
0.0
 71
5
  1
\pxql;{\H1.5x;ESTACA RAIZ %%C450mm/400mm - E5 A E14 (10x)}
  7
ARIAL NORMAL
 11
0.9999999996981483
 21
2.45703817847e-05
 31
0.0
1001
AcadAnnotative
1000
AnnotativeData
1002
{
1070
1
1070
0
1002
}
  0
DIMENSION
  5
5C9
330
1F
100
AcDbEntity
  8
CIVIL-DIM
100
AcDbDimension
280
0
  2
*D38
  3
TICK-1_50
 10
3614.894849405941
 20
15812.37141460027
 30
4.3078e-12
 11
3614.894849405944
 21
11312.37141460027
 31
4.3078e-12
 70
32
 71
5
 42
900.0000000000005
 73
0
 74
0
 75
0
  1
<>\X(VER NOTA 9)
100
AcDbAlignedDimension
 13
4409.894849419873
 23
6812.371414600267
 33
0.0
 14
4114.894849419874
 24
15812.37141460027
 34
0.0
 50
90.0
100
AcDbRotatedDimension
1001
ACAD
1000
DSTYLE
1002
{
1070
340
1005
508
1002
}
  0
DIMENSION
  5
5CA
330
1F
100
AcDbEntity
  8
CIVIL-DIM
100
AcDbDimension
280
0
  2
*D39
  3
TICK-1_50
 10
3614.894849404049
 20
6812.37141460027
 30
0.0
 11
3513.803444219875
 21
5062.371414600266
 31
0.0
 70
32
 71
5
 42
350.0000000000003
 73
0
 74
0
 75
0
100
AcDbAlignedDimension
 13
4437.394849419874
 23
3312.371414600265
 33
0.0
 14
4409.560515787733
 24
6812.371414600267
 34
0.0
 50
90.0
100
AcDbRotatedDimension
  0
DIMENSION
  5
5CB
330
1F
100
AcDbEntity
  8
CIVIL-DIM
100
AcDbDimension
280
0
  2
*D40
  3
TICK-1_50
 10
8304.187378337905
 20
15562.37141460028
 30
0.0
 11
8604.187377619843
 21
15662.37141460027
 31
0.0
 70
160
 71
5
 42
20.0
 73
0
 74
0
 75
0
  1
15\P(TÍP.)
100
AcDbAlignedDimension
 13
7987.092873263455
 23
15762.37141460027
 33
0.0
 14
7987.092873263455
 24
15562.37141460027
 34
0.0
 50
90.0
100
AcDbRotatedDimension
  0
DIMENSION
  5
5CC
330
1F
100
AcDbEntity
  8
CIVIL-DIM
100
AcDbDimension
280
0
  2
*D41
  3
TICK-1_50
 10
7987.092873263455
 20
16215.21130412664
 30
0.0
 11
7820.823986635827
 21
16430.21130412663
 31
0.0
 70
160
 71
5
 42
33.0
 73
0
 74
0
 75
0
  1
 %%C<>
100
AcDbAlignedDimension
 13
7657.092873263455
 23
15862.37141460027
 33
0.0
 14
7987.092873263455
 24
15862.37141460027
 34
0.0
 50
0.0
100
AcDbRotatedDimension
  0
TEXT
  5
5CD
330
1F
100
AcDbEntity
  8
CIVIL-TX2
 62
2
100
AcDbText
 10
7545.62752402509
 20
10970.79569836561
 30
0.0
 40
100.0
  1
(ESPIRAL)
 50
90.0
  7
ARIAL NORMAL 50
 72
1
 11
7495.62752402509
 21
11312.37141460027
 31
0.0
100
AcDbText
 73
2
  0
LWPOLYLINE
  5
5CE
330
1F
100
AcDbEntity
  8
CIVIL-FERRO-VISTA
 62
3
100
AcDbPolyline
 90
93
 70
0
 10
7987.092873263455
 20
15862.37141460027
 10
7657.092873263455
 20
15862.37141460027
 10
7987.092873263455
 20
15762.37141460027
 10
7657.092873263455
 20
15662.37141460027
 10
7987.092873263455
 20
15562.37141460027
 10
7657.092873263455
 20
15462.37141460027
 10
7987.092873263455
 20
15362.37141460027
 10
7657.092873263455
 20
15262.37141460027
 10
7987.092873263455
 20
15162.37141460027
 10
7657.092873263455
 20
15062.37141460027
 10
7987.092873263455
 20
14962.37141460027
 10
7657.092873263455
 20
14862.37141460027
 10
7987.092873263455
 20
14762.37141460027
 10
7657.092873263455
 20
14662.37141460027
 10
7987.092873263455
 20
14562.37141460027
 10
7657.092873263455
 20
14462.37141460027
 10
7987.092873263455
 20
14362.37141460027
 10
7657.092873263455
 20
14262.37141460027
 10
7987.092873263455
 20
14162.37141460027
 10
7657.092873263455
 20
14062.37141460027
 10
7987.092873263455
 20
13962.37141460027
 10
7657.092873263455
 20
13862.37141460027
 10
7987.092873263455
 20
13762.37141460027
 10
7657.092873263455
 20
13662.37141460027
 10
7987.092873263455
 20
13562.37141460027
 10
7657.092873263455
 20
13462.37141460027
 10
7987.092873263455
 20
13362.37141460027
 10
7657.092873263455
 20
13262.37141460027
 10
7987.092873263455
 20
13162.37141460027
 10
7657.092873263455
 20
13062.37141460027
 10
7987.092873263455
 20
12962.37141460027
 10
7657.092873263455
 20
12862.37141460027
 10
7987.092873263455
 20
12762.37141460027
 10
7657.092873263455
 20
12662.37141460027
 10
7987.092873263455
 20
12562.37141460027
 10
7657.092873263455
 20
12462.37141460027
 10
7987.092873263455
 20
12362.37141460027
 10
7657.092873263455
 20
12262.37141460027
 10
7987.092873263455
 20
12162.37141460027
 10
7657.092873263455
 20
12062.37141460027
 10
7987.092873263455
 20
11962.37141460027
 10
7657.092873263455
 20
11862.37141460027
 10
7987.092873263455
 20
11762.37141460027
 10
7657.092873263455
 20
11662.37141460027
 10
7987.092873263455
 20
11562.37141460027
 10
7657.092873263455
 20
11462.37141460027
 10
7987.092873263455
 20
11362.37141460027
 10
7657.092873263455
 20
11262.37141460027
 10
7987.092873263455
 20
11162.37141460027
 10
7657.092873263455
 20
11062.37141460027
 10
7987.092873263455
 20
10962.37141460027
 10
7657.092873263455
 20
10862.37141460027
 10
7987.092873263455
 20
10762.37141460027
 10
7657.092873263455
 20
10662.37141460027
 10
7987.092873263455
 20
10562.37141460026
 10
7657.092873263455
 20
10462.37141460026
 10
7987.092873263455
 20
10362.37141460026
 10
7657.092873263455
 20
10262.37141460026
 10
7987.092873263455
 20
10162.37141460026
 10
7657.092873263455
 20
10062.37141460026
 10
7987.092873263455
 20
9962.371414600266
 10
7657.092873263455
 20
9862.371414600266
 10
7987.092873263455
 20
9762.371414600266
 10
7657.092873263455
 20
9662.371414600266
 10
7987.092873263455
 20
9562.371414600266
 10
7657.092873263455
 20
9462.371414600266
 10
7987.092873263455
 20
9362.371414600266
 10
7657.092873263455
 20
9262.371414600266
 10
7987.092873263455
 20
9162.371414600266
 10
7657.092873263455
 20
9062.371414600266
 10
7987.092873263455
 20
8962.371414600266
 10
7657.092873263455
 20
8862.371414600266
 10
7987.092873263455
 20
8762.371414600268
 10
7657.092873263455
 20
8662.37141460027
 10
7987.092873263455
 20
8562.37141460027
 10
7657.092873263455
 20
8462.371414600268
 10
7987.092873263455
 20
8362.371414600268
 10
7657.092873263455
 20
8262.371414600268
 10
7987.092873263455
 20
8162.371414600267
 10
7657.092873263455
 20
8062.371414600267
 10
7987.092873263455
 20
7962.371414600267
 10
7657.092873263455
 20
7862.371414600267
 10
7987.092873263455
 20
7762.371414600266
 10
7657.092873263455
 20
7662.371414600267
 10
7987.092873263455
 20
7562.371414600267
 10
7657.092873263455
 20
7462.371414600267
 10
7987.092873263455
 20
7362.371414600267
 10
7657.092873263455
 20
7262.371414600266
 10
7987.092873263455
 20
7162.371414600267
 10
7657.092873263455
 20
7062.371414600267
 10
7987.092873263455
 20
6962.371414600267
 10
7657.092873263455
 20
6862.371414600267
 10
7987.092873263455
 20
6862.371414600267
  0
DIMENSION
  5
5CF
330
1F
100
AcDbEntity
  8
CIVIL-DIM
100
AcDbDimension
280
0
  2
*D42
  3
TICK-1_50
 10
7711.451542035071
 20
6362.371414600037
 30
0.0
 11
8011.451541317008
 21
6462.371414600034
 31
0.0
 70
160
 71
5
 42
20.0
 73
0
 74
0
 75
0
  1
15\P(TÍP.)
100
AcDbAlignedDimension
 13
7394.357036960624
 23
6562.371414600034
 33
0.0
 14
7394.357036960624
 24
6362.371414600033
 34
0.0
 50
90.0
100
AcDbRotatedDimension
  0
DIMENSION
  5
5D0
330
1F
100
AcDbEntity
  8
CIVIL-DIM
100
AcDbDimension
280
0
  2
*D43
  3
TICK-1_50
 10
7421.857036961073
 20
7115.211304126401
 30
0.0
 11
7228.088150332993
 21
7330.2113041264
 31
0.0
 70
160
 71
5
 42
28.00000000000037
 73
0
 74
0
 75
0
  1
 %%C<>
100
AcDbAlignedDimension
 13
7141.857036961069
 23
6762.371414599911
 33
0.0
 14
7421.857036961073
 24
6762.371414600157
 34
0.0
 50
0.0
100
AcDbRotatedDimension
1001
ACAD
1000
DSTYLE
1002
{
1070
271
1070
2
1070
340
1005
508
1002
}
  0
CIRCLE
  5
5D1
330
1F
100
AcDbEntity
  8
FORMA_02
100
AcDbCircle
 10
4465.898282278863
 20
1615.726491497664
 30
0.0
 40
225.0
  0
CIRCLE
  5
5D2
330
1F
100
AcDbEntity
  8
FORMA_02
100
AcDbCircle
 10
4432.457352649023
 20
963.2264914968637
 30
0.0
 40
200.0
  0
CIRCLE
  5
5D3
330
1F
100
AcDbEntity
  8
FERRO_05
100
AcDbCircle
 10
4432.457352649023
 20
963.2264914968637
 30
0.0
 40
140.0
  0
LWPOLYLINE
  5
5D4
330
1F
100
AcDbEntity
  8
CIVIL-02
100
AcDbPolyline
 90
8
 70
0
 10
4389.894849419873
 20
15812.37141460027
 10
4389.894849419873
 20
6812.371414600246
 10
4414.894849419875
 20
6812.371414600068
 10
4414.894849420337
 20
3312.37141460021
 10
4814.894849420338
 20
3312.37141460032
 10
4814.894849419875
 20
6812.371414600176
 10
4839.894849419874
 20
6812.371414600268
 10
4839.894849419874
 20
15812.37141460027
  0
DIMENSION
  5
5D5
330
1F
100
AcDbEntity
  8
CIVIL-DIM
100
AcDbDimension
280
0
  2
*D44
  3
TICK-1_50
 10
5965.962305906535
 20
17612.37141460027
 30
4.3078e-12
 11
5864.90500713437
 21
16712.37141460027
 31
4.3078e-12
 70
32
 71
5
 42
180.0
 73
0
 74
0
 75
0
100
AcDbAlignedDimension
 13
5108.906135201735
 23
15812.37141460027
 33
0.0
 14
5108.906125206894
 24
17612.37141460027
 34
0.0
 50
90.0
100
AcDbRotatedDimension
  0
LEADER
  5
5D6
330
1F
100
AcDbEntity
  8
CIVIL-DIM
100
AcDbLeader
  3
TICK-1_75
 73
3
 76
3
 10
4167.789523751726
 20
16762.37141460027
 30
4.3078e-12
 10
3845.681988292654
 20
16943.63114285197
 30
4.3078e-12
 10
2209.437180052792
 20
16943.63114285197
 30
4.3078e-12
  0
TEXT
  5
5D7
330
1F
100
AcDbEntity
  8
CIVIL-TX2
100
AcDbText
 10
2231.91145160456
 20
16988.98686276748
 30
0.0
 40
100.0
  1
ARMADURA DO BLOCO
  7
ARIAL NORMAL 50
100
AcDbText
  0
LWPOLYLINE
  5
5D8
102
{ACAD_REACTORS
330
5DC
102
}
330
1F
100
AcDbEntity
  8
CIVIL-FERRO-VISTA
100
AcDbPolyline
 90
3
 70
0
 10
6100.429298273684
 20
6812.371414600268
 10
6098.71334016283
 20
17612.37141460027
 10
6248.713340162829
 20
17612.37141460027
  0
TEXT
  5
5D9
330
1F
100
AcDbEntity
  8
CIVIL-TX2
100
AcDbText
 10
6250.972191237582
 20
11753.39139391109
 30
0.0
 40
100.0
  1
1080
 50
90.0
  7
ARIAL NORMAL 50
100
AcDbText
  0
DIMENSION
  5
5DA
102
{ACAD_XDICTIONARY
360
5DB
102
}
102
{ACAD_REACTORS
330
5DC
102
}
330
1F
100
AcDbEntity
  8
CIVIL-DIM
100
AcDbDimension
280
0
  2
*D45
  3
TICK-1_50
 10
5528.501039464847
 20
6812.371414600272
 30
0.0
 11
5427.44374069268
 21
7562.371414600268
 31
0.0
 70
32
 71
5
 42
149.9999999999998
 73
0
 74
0
 75
0
100
AcDbAlignedDimension
 13
6557.418386671975
 23
8312.37141460027
 33
0.0
 14
6100.429298273684
 24
6812.371414600268
 34
0.0
 50
90.0
100
AcDbRotatedDimension
1001
ACAD
1000
DSTYLE
1002
{
1070
347
1005
0
1070
346
1005
0
1070
345
1005
0
1070
340
1005
508
1070
341
1005
0
1002
}
  0
INSERT
  5
5DD
330
1F
100
AcDbEntity
  8
0
100
AcDbBlockReference
  2
G$CFA953293
 10
4395.772915413206
 20
3849.522288635467
 30
0.0
  0
INSERT
  5
5DE
330
1F
100
AcDbEntity
  8
0
100
AcDbBlockReference
  2
G$CFA953293
 10
4832.572730400706
 20
3849.522288635467
 30
0.0
 41
-1.0
  0
LWPOLYLINE
  5
5DF
330
1F
100
AcDbEntity
  8
CIVIL-FERRO-VISTA
 62
3
100
AcDbPolyline
 90
38
 70
0
 10
4474.894849420103
 20
6812.371414600001
 10
4754.894849420107
 20
6812.371414600247
 10
4474.894849420103
 20
6712.371414600124
 10
4754.894849420107
 20
6612.371414600123
 10
4474.894849420103
 20
6512.371414600123
 10
4754.894849420107
 20
6412.371414600123
 10
4474.894849420103
 20
6312.371414600123
 10
4754.894849420107
 20
6212.371414600124
 10
4474.894849420103
 20
6112.371414600123
 10
4754.894849420107
 20
6012.371414600123
 10
4474.894849420103
 20
5912.371414600123
 10
4754.894849420107
 20
5812.371414600123
 10
4474.894849420103
 20
5712.371414600124
 10
4754.894849420107
 20
5612.371414600123
 10
4474.894849420103
 20
5512.371414600123
 10
4754.894849420107
 20
5412.371414600123
 10
4474.894849420103
 20
5312.371414600123
 10
4754.894849420107
 20
5212.371414600124
 10
4474.894849420103
 20
5112.371414600123
 10
4754.894849420107
 20
5012.371414600123
 10
4474.894849420103
 20
4912.371414600123
 10
4754.894849420107
 20
4812.371414600123
 10
4474.894849420103
 20
4712.371414600123
 10
4754.894849420107
 20
4612.371414600123
 10
4474.894849420103
 20
4512.371414600123
 10
4754.894849420107
 20
4412.371414600123
 10
4474.894849420103
 20
4312.371414600123
 10
4754.894849420107
 20
4212.371414600123
 10
4474.894849420103
 20
4112.371414600123
 10
4754.894849420107
 20
4012.371414600123
 10
4474.894849420103
 20
3912.371414600125
 10
4754.894849420107
 20
3812.371414600124
 10
4474.894849420103
 20
3712.371414600124
 10
4754.894849420107
 20
3612.371414600124
 10
4474.894849420103
 20
3512.371414600127
 10
4754.894849420107
 20
3412.371414602684
 10
4474.894849420103
 20
3362.371414602703
 10
4754.894849420107
 20
3362.371414602703
  0
TEXT
  5
5E0
330
1F
100
AcDbEntity
  8
CIVIL-TX5
100
AcDbText
 10
3876.749801603751
 20
2735.439425265417
 30
0.0
 40
175.0
  1
%%UELEVAÇÃO
  7
140CL-1_50
100
AcDbText
  0
TEXT
  5
5E1
330
1F
100
AcDbEntity
  8
CIVIL-TX2
100
AcDbText
 10
3876.749801603751
 20
2570.439425265418
 30
0.0
 40
100.0
  1
ESC.1:50
  7
80CL-1_50
100
AcDbText
  0
TEXT
  5
5E2
330
1F
100
AcDbEntity
  8
CIVIL-TX5
100
AcDbText
 10
4177.809263787766
 20
1334.680988534654
 30
0.0
 40
35.0
  1
%%USEÇÃO EM SOLO
  7
140CL-1_10
100
AcDbText
  0
TEXT
  5
5E3
330
1F
100
AcDbEntity
  8
CIVIL-TX2
100
AcDbText
 10
4177.809263787766
 20
1294.680988534654
 30
0.0
 40
20.0
  1
ESC.1:10
  7
80CL-1_10
100
AcDbText
  0
TEXT
  5
5E4
330
1F
100
AcDbEntity
  8
CIVIL-TX5
100
AcDbText
 10
4177.809263787766
 20
709.1809885347847
 30
0.0
 40
35.0
  1
%%USEÇÃO EM ROCHA
  7
140CL-1_10
100
AcDbText
  0
TEXT
  5
5E5
330
1F
100
AcDbEntity
  8
CIVIL-TX2
100
AcDbText
 10
4177.809263787766
 20
669.1809885347847
 30
0.0
 40
20.0
  1
ESC.1:10
  7
80CL-1_10
100
AcDbText
  0
LWPOLYLINE
  5
5E6
330
1F
100
AcDbEntity
  8
CIVIL-FERRO-VISTA
100
AcDbPolyline
 90
4
 70
0
 10
5108.906121875282
 20
17562.37141460027
 10
4167.789523751726
 20
17562.37141460027
 10
4164.994761966855
 20
15862.37141460027
 10
5108.906135201735
 20
15862.37141460027
  0
TEXT
  5
5E7
330
1F
100
AcDbEntity
  8
CIVIL-TX2
100
AcDbText
 10
6091.933036222794
 20
17647.73905163131
 30
0.0
 40
100.0
  1
15
  7
ARIAL NORMAL 50
100
AcDbText
  0
LINE
  5
5E8
330
1F
100
AcDbEntity
  8
0
100
AcDbLine
 10
4414.894849420337
 20
3312.37141460021
 30
0.0
 11
4814.894849420338
 21
3312.37141460032
 31
0.0
  0
LWPOLYLINE
  5
5E9
330
1F
100
AcDbEntity
  8
CIVIL-FERRO-VISTA
 62
3
100
AcDbPolyline
 90
38
 70
0
 10
7141.857036961069
 20
6762.371414599911
 10
7421.857036961073
 20
6762.371414600157
 10
7141.857036961067
 20
6662.371414600034
 10
7421.857036961073
 20
6562.371414600034
 10
7141.857036961067
 20
6462.371414600034
 10
7421.857036961073
 20
6362.371414600033
 10
7141.857036961067
 20
6262.371414600034
 10
7421.857036961073
 20
6162.371414600034
 10
7141.857036961067
 20
6062.371414600034
 10
7421.857036961073
 20
5962.371414600034
 10
7141.857036961067
 20
5862.371414600033
 10
7421.857036961073
 20
5762.371414600034
 10
7141.857036961067
 20
5662.371414600034
 10
7421.857036961073
 20
5562.371414600034
 10
7141.857036961067
 20
5462.371414600034
 10
7421.857036961073
 20
5362.371414600033
 10
7141.857036961067
 20
5262.371414600034
 10
7421.857036961073
 20
5162.371414600034
 10
7141.857036961067
 20
5062.371414600034
 10
7421.857036961073
 20
4962.371414600034
 10
7141.857036961067
 20
4862.371414600033
 10
7421.857036961073
 20
4762.371414600034
 10
7141.857036961067
 20
4662.371414600033
 10
7421.857036961073
 20
4562.371414600034
 10
7141.857036961067
 20
4462.371414600034
 10
7421.857036961073
 20
4362.371414600033
 10
7141.857036961067
 20
4262.371414600034
 10
7421.857036961073
 20
4162.371414600033
 10
7141.857036961067
 20
4062.371414600034
 10
7421.857036961073
 20
3962.371414600034
 10
7141.857036961067
 20
3862.371414600036
 10
7421.857036961073
 20
3762.371414600034
 10
7141.857036961067
 20
3662.371414600034
 10
7421.857036961073
 20
3562.371414600034
 10
7141.857036961067
 20
3462.371414600036
 10
7421.857036961073
 20
3362.371414602595
 10
7141.857036961069
 20
3312.371414602613
 10
7421.857036961073
 20
3312.371414602613
  0
INSERT
  5
5EA
102
{ACAD_REACTORS
330
60C
102
}
330
1F
100
AcDbEntity
  8
0
100
AcDbBlockReference
  2
*U30
 10
-2485.448053418612
 20
-4477.279131850787
 30
0.0
  0
CIRCLE
  5
5EB
330
1F
100
AcDbEntity
  8
FERRO_05
100
AcDbCircle
 10
4882.457352649023
 20
963.2264914968637
 30
0.0
 40
140.0
  0
HATCH
  5
81E
330
1F
100
AcDbEntity
  8
CIVIL-254
100
AcDbHatch
 10
0.0
 20
0.0
 30
0.0
210
0.0
220
0.0
230
1.0
  2
SOLID
 70
1
 71
0
 91
1
 92
1
 93
1
 72
3
 10
0.0
 20
0.0
 11
155.0
 21
0.0
 40
1.0
 50
0.0
 51
360.0
 73
1
 97
0
 75
0
 76
1
 98
0
  0
CIRCLE
  5
81F
330
1F
100
AcDbEntity
  8
FORMA_02
100
AcDbCircle
 10
0.0
 20
0.0
 30
0.0
 40
155.0
  0
CIRCLE
  5
820
330
1F
100
AcDbEntity
  8
REVESTIMENTO
100
AcDbCircle
 10
0.0
 20
0.0
 30
0.0
 40
136.5
  0
CIRCLE
  5
821
330
1F
100
AcDbEntity
  8
ARMADURA
100
AcDbCircle
 10
0.0
 20
0.0
 30
0.0
 40
73.35
  0
HATCH
  5
822
330
1F
100
AcDbEntity
  8
FERRO_05
100
AcDbHatch
 10
0.0
 20
0.0
 30
0.0
210
0.0
220
0.0
230
1.0
  2
SOLID
 70
1
 71
0
 91
1
 92
1
 93
1
 72
3
 10
60.2
 20
0.0
 11
10.0
 21
0.0
 40
1.0
 50
0.0
 51
360.0
 73
1
 97
0
 75
0
 76
1
 98
0
  0
CIRCLE
  5
823
330
1F
100
AcDbEntity
  8
FERRO_05
100
AcDbCircle
 10
60.2
 20
0.0
 30
0.0
 40
10.0
  0
HATCH
  5
824
330
1F
100
AcDbEntity
  8
FERRO_05
100
AcDbHatch
 10
0.0
 20
0.0
 30
0.0
210
0.0
220
0.0
230
1.0
  2
SOLID
 70
1
 71
0
 91
1
 92
1
 93
1
 72
3
 10
42.5678
 20
42.5678
 11
10.0
 21
0.0
 40
1.0
 50
0.0
 51
360.0
 73
1
 97
0
 75
0
 76
1
 98
0
  0
CIRCLE
  5
825
330
1F
100
AcDbEntity
  8
FERRO_05
100
AcDbCircle
 10
42.5678
 20
42.5678
 30
0.0
 40
10.0
  0
HATCH
  5
826
330
1F
100
AcDbEntity
  8
FERRO_05
100
AcDbHatch
 10
0.0
 20
0.0
 30
0.0
210
0.0
220
0.0
230
1.0
  2
SOLID
 70
1
 71
0
 91
1
 92
1
 93
1
 72
3
 10
0.0
 20
60.2
 11
10.0
 21
0.0
 40
1.0
 50
0.0
 51
360.0
 73
1
 97
0
 75
0
 76
1
 98
0
  0
CIRCLE
  5
827
330
1F
100
AcDbEntity
  8
FERRO_05
100
AcDbCircle
 10
0.0
 20
60.2
 30
0.0
 40
10.0
  0
HATCH
  5
828
330
1F
100
AcDbEntity
  8
FERRO_05
100
AcDbHatch
 10
0.0
 20
0.0
 30
0.0
210
0.0
220
0.0
230
1.0
  2
SOLID
 70
1
 71
0
 91
1
 92
1
 93
1
 72
3
 10
-42.5678
 20
42.5678
 11
10.0
 21
0.0
 40
1.0
 50
0.0
 51
360.0
 73
1
 97
0
 75
0
 76
1
 98
0
  0
CIRCLE
  5
829
330
1F
100
AcDbEntity
  8
FERRO_05
100
AcDbCircle
 10
-42.5678
 20
42.5678
 30
0.0
 40
10.0
  0
HATCH
  5
82A
330
1F
100
AcDbEntity
  8
FERRO_05
100
AcDbHatch
 10
0.0
 20
0.0
 30
0.0
210
0.0
220
0.0
230
1.0
  2
SOLID
 70
1
 71
0
 91
1
 92
1
 93
1
 72
3
 10
-60.2
 20
0.0
 11
10.0
 21
0.0
 40
1.0
 50
0.0
 51
360.0
 73
1
 97
0
 75
0
 76
1
 98
0
  0
CIRCLE
  5
82B
330
1F
100
AcDbEntity
  8
FERRO_05
100
AcDbCircle
 10
-60.2
 20
0.0
 30
0.0
 40
10.0
  0
HATCH
  5
82C
330
1F
100
AcDbEntity
  8
FERRO_05
100
AcDbHatch
 10
0.0
 20
0.0
 30
0.0
210
0.0
220
0.0
230
1.0
  2
SOLID
 70
1
 71
0
 91
1
 92
1
 93
1
 72
3
 10
-42.5678
 20
-42.5678
 11
10.0
 21
0.0
 40
1.0
 50
0.0
 51
360.0
 73
1
 97
0
 75
0
 76
1
 98
0
  0
CIRCLE
  5
82D
330
1F
100
AcDbEntity
  8
FERRO_05
100
AcDbCircle
 10
-42.5678
 20
-42.5678
 30
0.0
 40
10.0
  0
HATCH
  5
82E
330
1F
100
AcDbEntity
  8
FERRO_05
100
AcDbHatch
 10
0.0
 20
0.0
 30
0.0
210
0.0
220
0.0
230
1.0
  2
SOLID
 70
1
 71
0
 91
1
 92
1
 93
1
 72
3
 10
-0.0
 20
-60.2
 11
10.0
 21
0.0
 40
1.0
 50
0.0
 51
360.0
 73
1
 97
0
 75
0
 76
1
 98
0
  0
CIRCLE
  5
82F
330
1F
100
AcDbEntity
  8
FERRO_05
100
AcDbCircle
 10
-0.0
 20
-60.2
 30
0.0
 40
10.0
  0
HATCH
  5
830
330
1F
100
AcDbEntity
  8
FERRO_05
100
AcDbHatch
 10
0.0
 20
0.0
 30
0.0
210
0.0
220
0.0
230
1.0
  2
SOLID
 70
1
 71
0
 91
1
 92
1
 93
1
 72
3
 10
42.5678
 20
-42.5678
 11
10.0
 21
0.0
 40
1.0
 50
0.0
 51
360.0
 73
1
 97
0
 75
0
 76
1
 98
0
  0
CIRCLE
  5
831
330
1F
100
AcDbEntity
  8
FERRO_05
100
AcDbCircle
 10
42.5678
 20
-42.5678
 30
0.0
 40
10.0
  0
DIMENSION
  5
832
330
1F
100
AcDbEntity
  8
0
100
AcDbDimension
280
0
  2
*D1
  3
TICK-1_10
 10
-305.0
 20
155.0
 30
0.0
 11
-275.0
 21
0.0
 31
0.0
 70
32
 71
5
  1
<>
100
AcDbAlignedDimension
 13
0.0
 23
155.0
 33
0.0
 14
0.0
 24
-155.0
 34
0.0
 50
90.0
100
AcDbRotatedDimension
1001
ACAD
1000
DSTYLE
1002
{
1070
40
1040
1.0
1070
140
1040
20.0
1070
3
1000
%%c<>
1070
77
1070
1
1070
147
1040
20.0
1002
}
  0
TEXT
  5
841
330
1F
100
AcDbEntity
  8
CIVIL-TX5
100
AcDbText
 10
-155.0
 20
-215.0
 30
0.0
 40
35.0
  1
%%USEÇÃO EM SOLO
  7
140CL-1_10
 11
-155.0
 21
-215.0
 31
0.0
100
AcDbText
  0
TEXT
  5
842
330
1F
100
AcDbEntity
  8
CIVIL-TX2
100
AcDbText
 10
-155.0
 20
-255.0
 30
0.0
 40
20.0
  1
ESC.1:10
  7
80CL-1_10
 11
-155.0
 21
-255.0
 31
0.0
100
AcDbText
  0
HATCH
  5
843
330
1F
100
AcDbEntity
  8
CIVIL-254
100
AcDbHatch
 10
0.0
 20
0.0
 30
0.0
210
0.0
220
0.0
230
1.0
  2
SOLID
 70
1
 71
0
 91
1
 92
1
 93
1
 72
3
 10
1000.0
 20
0.0
 11
110.0
 21
0.0
 40
1.0
 50
0.0
 51
360.0
 73
1
 97
0
 75
0
 76
1
 98
0
  0
CIRCLE
  5
844
330
1F
100
AcDbEntity
  8
FORMA_02
100
AcDbCircle
 10
1000.0
 20
0.0
 30
0.0
 40
110.0
  0
CIRCLE
  5
845
330
1F
100
AcDbEntity
  8
REVESTIMENTO
100
AcDbCircle
 10
1000.0
 20
0.0
 30
0.0
 40
110.0
  0
CIRCLE
  5
846
330
1F
100
AcDbEntity
  8
ARMADURA
100
AcDbCircle
 10
1000.0
 20
0.0
 30
0.0
 40
73.35
  0
HATCH
  5
847
330
1F
100
AcDbEntity
  8
FERRO_05
100
AcDbHatch
 10
0.0
 20
0.0
 30
0.0
210
0.0
220
0.0
230
1.0
  2
SOLID
 70
1
 71
0
 91
1
 92
1
 93
1
 72
3
 10
1060.2
 20
0.0
 11
10.0
 21
0.0
 40
1.0
 50
0.0
 51
360.0
 73
1
 97
0
 75
0
 76
1
 98
0
  0
CIRCLE
  5
848
330
1F
100
AcDbEntity
  8
FERRO_05
100
AcDbCircle
 10
1060.2
 20
0.0
 30
0.0
 40
10.0
  0
HATCH
  5
849
330
1F
100
AcDbEntity
  8
FERRO_05
100
AcDbHatch
 10
0.0
 20
0.0
 30
0.0
210
0.0
220
0.0
230
1.0
  2
SOLID
 70
1
 71
0
 91
1
 92
1
 93
1
 72
3
 10
1042.5678
 20
42.5678
 11
10.0
 21
0.0
 40
1.0
 50
0.0
 51
360.0
 73
1
 97
0
 75
0
 76
1
 98
0
  0
CIRCLE
  5
84A
330
1F
100
AcDbEntity
  8
FERRO_05
100
AcDbCircle
 10
1042.5678
 20
42.5678
 30
0.0
 40
10.0
  0
HATCH
  5
84B
330
1F
100
AcDbEntity
  8
FERRO_05
100
AcDbHatch
 10
0.0
 20
0.0
 30
0.0
210
0.0
220
0.0
230
1.0
  2
SOLID
 70
1
 71
0
 91
1
 92
1
 93
1
 72
3
 10
1000.0
 20
60.2
 11
10.0
 21
0.0
 40
1.0
 50
0.0
 51
360.0
 73
1
 97
0
 75
0
 76
1
 98
0
  0
CIRCLE
  5
84C
330
1F
100
AcDbEntity
  8
FERRO_05
100
AcDbCircle
 10
1000.0
 20
60.2
 30
0.0
 40
10.0
  0
HATCH
  5
84D
330
1F
100
AcDbEntity
  8
FERRO_05
100
AcDbHatch
 10
0.0
 20
0.0
 30
0.0
210
0.0
220
0.0
230
1.0
  2
SOLID
 70
1
 71
0
 91
1
 92
1
 93
1
 72
3
 10
957.4322
 20
42.5678
 11
10.0
 21
0.0
 40
1.0
 50
0.0
 51
360.0
 73
1
 97
0
 75
0
 76
1
 98
0
  0
CIRCLE
  5
84E
330
1F
100
AcDbEntity
  8
FERRO_05
100
AcDbCircle
 10
957.4322
 20
42.5678
 30
0.0
 40
10.0
  0
HATCH
  5
84F
330
1F
100
AcDbEntity
  8
FERRO_05
100
AcDbHatch
 10
0.0
 20
0.0
 30
0.0
210
0.0
220
0.0
230
1.0
  2
SOLID
 70
1
 71
0
 91
1
 92
1
 93
1
 72
3
 10
939.8
 20
0.0
 11
10.0
 21
0.0
 40
1.0
 50
0.0
 51
360.0
 73
1
 97
0
 75
0
 76
1
 98
0
  0
CIRCLE
  5
850
330
1F
100
AcDbEntity
  8
FERRO_05
100
AcDbCircle
 10
939.8
 20
0.0
 30
0.0
 40
10.0
  0
HATCH
  5
851
330
1F
100
AcDbEntity
  8
FERRO_05
100
AcDbHatch
 10
0.0
 20
0.0
 30
0.0
210
0.0
220
0.0
230
1.0
  2
SOLID
 70
1
 71
0
 91
1
 92
1
 93
1
 72
3
 10
957.4322
 20
-42.5678
 11
10.0
 21
0.0
 40
1.0
 50
0.0
 51
360.0
 73
1
 97
0
 75
0
 76
1
 98
0
  0
CIRCLE
  5
852
330
1F
100
AcDbEntity
  8
FERRO_05
100
AcDbCircle
 10
957.4322
 20
-42.5678
 30
0.0
 40
10.0
  0
HATCH
  5
853
330
1F
100
AcDbEntity
  8
FERRO_05
100
AcDbHatch
 10
0.0
 20
0.0
 30
0.0
210
0.0
220
0.0
230
1.0
  2
SOLID
 70
1
 71
0
 91
1
 92
1
 93
1
 72
3
 10
1000.0
 20
-60.2
 11
10.0
 21
0.0
 40
1.0
 50
0.0
 51
360.0
 73
1
 97
0
 75
0
 76
1
 98
0
  0
CIRCLE
  5
854
330
1F
100
AcDbEntity
  8
FERRO_05
100
AcDbCircle
 10
1000.0
 20
-60.2
 30
0.0
 40
10.0
  0
HATCH
  5
855
330
1F
100
AcDbEntity
  8
FERRO_05
100
AcDbHatch
 10
0.0
 20
0.0
 30
0.0
210
0.0
220
0.0
230
1.0
  2
SOLID
 70
1
 71
0
 91
1
 92
1
 93
1
 72
3
 10
1042.5678
 20
-42.5678
 11
10.0
 21
0.0
 40
1.0
 50
0.0
 51
360.0
 73
1
 97
0
 75
0
 76
1
 98
0
  0
CIRCLE
  5
856
330
1F
100
AcDbEntity
  8
FERRO_05
100
AcDbCircle
 10
1042.5678
 20
-42.5678
 30
0.0
 40
10.0
  0
DIMENSION
  5
857
330
1F
100
AcDbEntity
  8
0
100
AcDbDimension
280
0
  2
*D2
  3
TICK-1_10
 10
740.0
 20
110.0
 30
0.0
 11
770.0
 21
0.0
 31
0.0
 70
32
 71
5
  1
<>
100
AcDbAlignedDimension
 13
1000.0
 23
110.0
 33
0.0
 14
1000.0
 24
-110.0
 34
0.0
 50
90.0
100
AcDbRotatedDimension
1001
ACAD
1000
DSTYLE
1002
{
1070
40
1040
1.0
1070
140
1040
20.0
1070
3
1000
%%c<>
1070
77
1070
1
1070
147
1040
20.0
1002
}
  0
TEXT
  5
866
330
1F
100
AcDbEntity
  8
CIVIL-TX5
100
AcDbText
 10
890.0
 20
-170.0
 30
0.0
 40
35.0
  1
%%USEÇÃO EM ROCHA
  7
140CL-1_10
 11
890.0
 21
-170.0
 31
0.0
100
AcDbText
  0
TEXT
  5
867
330
1F
100
AcDbEntity
  8
CIVIL-TX2
100
AcDbText
 10
890.0
 20
-210.0
 30
0.0
 40
20.0
  1
ESC.1:10
  7
80CL-1_10
 11
890.0
 21
-210.0
 31
0.0
100
AcDbText
  0
LWPOLYLINE
  5
868
330
1F
100
AcDbEntity
  8
PERFIL
100
AcDbPolyline
 90
5
 70
0
 10
1890.0
 20
0.0
 10
2110.0
 20
0.0
 10
2110.0
 20
3000.0
 10
1890.0
 20
3000.0
 10
1890.0
 20
0.0
  0
LWPOLYLINE
  5
869
330
1F
100
AcDbEntity
  8
PERFIL
100
AcDbPolyline
 90
5
 70
0
 10
1863.5
 20
3000.0
 10
2136.5
 20
3000.0
 10
2136.5
 20
14000.0
 10
1863.5
 20
14000.0
 10
1863.5
 20
3000.0
  0
LINE
  5
86A
330
1F
100
AcDbEntity
  8
PERFIL
100
AcDbLine
 10
1863.5
 20
3000.0
 30
0.0
 11
2136.5
 21
3000.0
 31
0.0
  0
LINE
  5
86B
330
1F
100
AcDbEntity
  8
FERRO_05
100
AcDbLine
 10
2060.2
 20
0.0
 30
0.0
 11
2060.2
 21
14000.0
 31
0.0
  0
LINE
  5
86C
330
1F
100
AcDbEntity
  8
FERRO_05
100
AcDbLine
 10
2042.5678282274303
 20
0.0
 30
0.0
 11
2042.5678282274303
 21
14000.0
 31
0.0
  0
LINE
  5
86D
330
1F
100
AcDbEntity
  8
FERRO_05
100
AcDbLine
 10
2000.0
 20
0.0
 30
0.0
 11
2000.0
 21
14000.0
 31
0.0
  0
LINE
  5
86E
330
1F
100
AcDbEntity
  8
FERRO_05
100
AcDbLine
 10
1957.4321717725697
 20
0.0
 30
0.0
 11
1957.4321717725697
 21
14000.0
 31
0.0
  0
LINE
  5
86F
330
1F
100
AcDbEntity
  8
FERRO_05
100
AcDbLine
 10
1939.8
 20
0.0
 30
0.0
 11
1939.8
 21
14000.0
 31
0.0
  0
LINE
  5
870
330
1F
100
AcDbEntity
  8
FERRO_05
100
AcDbLine
 10
1957.4321717725697
 20
0.0
 30
0.0
 11
1957.4321717725697
 21
14000.0
 31
0.0
  0
LINE
  5
871
330
1F
100
AcDbEntity
  8
FERRO_05
100
AcDbLine
 10
2000.0
 20
0.0
 30
0.0
 11
2000.0
 21
14000.0
 31
0.0
  0
LINE
  5
872
330
1F
100
AcDbEntity
  8
FERRO_05
100
AcDbLine
 10
2042.5678282274303
 20
0.0
 30
0.0
 11
2042.5678282274303
 21
14000.0
 31
0.0
  0
LWPOLYLINE
  5
873
330
1F
100
AcDbEntity
  8
ARMADURA
100
AcDbPolyline
 90
189
 70
0
 10
1926.65
 20
0.0
 10
2073.35
 20
0.0
 10
1926.65
 20
75.0
 10
2073.35
 20
150.0
 10
1926.65
 20
225.0
 10
2073.35
 20
300.0
 10
1926.65
 20
375.0
 10
2073.35
 20
450.0
 10
1926.65
 20
525.0
 10
2073.35
 20
600.0
 10
1926.65
 20
675.0
 10
2073.35
 20
750.0
 10
1926.65
 20
825.0
 10
2073.35
 20
900.0
 10
1926.65
 20
975.0
 10
2073.35
 20
1050.0
 10
1926.65
 20
1125.0
 10
2073.35
 20
1200.0
 10
1926.65
 20
1275.0
 10
2073.35
 20
1350.0
 10
1926.65
 20
1425.0
 10
2073.35
 20
1500.0
 10
1926.65
 20
1575.0
 10
2073.35
 20
1650.0
 10
1926.65
 20
1725.0
 10
2073.35
 20
1800.0
 10
1926.65
 20
1875.0
 10
2073.35
 20
1950.0
 10
1926.65
 20
2025.0
 10
2073.35
 20
2100.0
 10
1926.65
 20
2175.0
 10
2073.35
 20
2250.0
 10
1926.65
 20
2325.0
 10
2073.35
 20
2400.0
 10
1926.65
 20
2475.0
 10
2073.35
 20
2550.0
 10
1926.65
 20
2625.0
 10
2073.35
 20
2700.0
 10
1926.65
 20
2775.0
 10
2073.35
 20
2850.0
 10
1926.65
 20
2925.0
 10
2073.35
 20
3000.0
 10
1926.65
 20
3075.0
 10
2073.35
 20
3150.0
 10
1926.65
 20
3225.0
 10
2073.35
 20
3300.0
 10
1926.65
 20
3375.0
 10
2073.35
 20
3450.0
 10
1926.65
 20
3525.0
 10
2073.35
 20
3600.0
 10
1926.65
 20
3675.0
 10
2073.35
 20
3750.0
 10
1926.65
 20
3825.0
 10
2073.35
 20
3900.0
 10
1926.65
 20
3975.0
 10
2073.35
 20
4050.0
 10
1926.65
 20
4125.0
 10
2073.35
 20
4200.0
 10
1926.65
 20
4275.0
 10
2073.35
 20
4350.0
 10
1926.65
 20
4425.0
 10
2073.35
 20
4500.0
 10
1926.65
 20
4575.0
 10
2073.35
 20
4650.0
 10
1926.65
 20
4725.0
 10
2073.35
 20
4800.0
 10
1926.65
 20
4875.0
 10
2073.35
 20
4950.0
 10
1926.65
 20
5025.0
 10
2073.35
 20
5100.0
 10
1926.65
 20
5175.0
 10
2073.35
 20
5250.0
 10
1926.65
 20
5325.0
 10
2073.35
 20
5400.0
 10
1926.65
 20
5475.0
 10
2073.35
 20
5550.0
 10
1926.65
 20
5625.0
 10
2073.35
 20
5700.0
 10
1926.65
 20
5775.0
 10
2073.35
 20
5850.0
 10
1926.65
 20
5925.0
 10
2073.35
 20
6000.0
 10
1926.65
 20
6075.0
 10
2073.35
 20
6150.0
 10
1926.65
 20
6225.0
 10
2073.35
 20
6300.0
 10
1926.65
 20
6375.0
 10
2073.35
 20
6450.0
 10
1926.65
 20
6525.0
 10
2073.35
 20
6600.0
 10
1926.65
 20
6675.0
 10
2073.35
 20
6750.0
 10
1926.65
 20
6825.0
 10
2073.35
 20
6900.0
 10
1926.65
 20
6975.0
 10
2073.35
 20
7050.0
 10
1926.65
 20
7125.0
 10
2073.35
 20
7200.0
 10
1926.65
 20
7275.0
 10
2073.35
 20
7350.0
 10
1926.65
 20
7425.0
 10
2073.35
 20
7500.0
 10
1926.65
 20
7575.0
 10
2073.35
 20
7650.0
 10
1926.65
 20
7725.0
 10
2073.35
 20
7800.0
 10
1926.65
 20
7875.0
 10
2073.35
 20
7950.0
 10
1926.65
 20
8025.0
 10
2073.35
 20
8100.0
 10
1926.65
 20
8175.0
 10
2073.35
 20
8250.0
 10
1926.65
 20
8325.0
 10
2073.35
 20
8400.0
 10
1926.65
 20
8475.0
 10
2073.35
 20
8550.0
 10
1926.65
 20
8625.0
 10
2073.35
 20
8700.0
 10
1926.65
 20
8775.0
 10
2073.35
 20
8850.0
 10
1926.65
 20
8925.0
 10
2073.35
 20
9000.0
 10
1926.65
 20
9075.0
 10
2073.35
 20
9150.0
 10
1926.65
 20
9225.0
 10
2073.35
 20
9300.0
 10
1926.65
 20
9375.0
 10
2073.35
 20
9450.0
 10
1926.65
 20
9525.0
 10
2073.35
 20
9600.0
 10
1926.65
 20
9675.0
 10
2073.35
 20
9750.0
 10
1926.65
 20
9825.0
 10
2073.35
 20
9900.0
 10
1926.65
 20
9975.0
 10
2073.35
 20
10050.0
 10
1926.65
 20
10125.0
 10
2073.35
 20
10200.0
 10
1926.65
 20
10275.0
 10
2073.35
 20
10350.0
 10
1926.65
 20
10425.0
 10
2073.35
 20
10500.0
 10
1926.65
 20
10575.0
 10
2073.35
 20
10650.0
 10
1926.65
 20
10725.0
 10
2073.35
 20
10800.0
 10
1926.65
 20
10875.0
 10
2073.35
 20
10950.0
 10
1926.65
 20
11025.0
 10
2073.35
 20
11100.0
 10
1926.65
 20
11175.0
 10
2073.35
 20
11250.0
 10
1926.65
 20
11325.0
 10
2073.35
 20
11400.0
 10
1926.65
 20
11475.0
 10
2073.35
 20
11550.0
 10
1926.65
 20
11625.0
 10
2073.35
 20
11700.0
 10
1926.65
 20
11775.0
 10
2073.35
 20
11850.0
 10
1926.65
 20
11925.0
 10
2073.35
 20
12000.0
 10
1926.65
 20
12075.0
 10
2073.35
 20
12150.0
 10
1926.65
 20
12225.0
 10
2073.35
 20
12300.0
 10
1926.65
 20
12375.0
 10
2073.35
 20
12450.0
 10
1926.65
 20
12525.0
 10
2073.35
 20
12600.0
 10
1926.65
 20
12675.0
 10
2073.35
 20
12750.0
 10
1926.65
 20
12825.0
 10
2073.35
 20
12900.0
 10
1926.65
 20
12975.0
 10
2073.35
 20
13050.0
 10
1926.65
 20
13125.0
 10
2073.35
 20
13200.0
 10
1926.65
 20
13275.0
 10
2073.35
 20
13350.0
 10
1926.65
 20
13425.0
 10
2073.35
 20
13500.0
 10
1926.65
 20
13575.0
 10
2073.35
 20
13650.0
 10
1926.65
 20
13725.0
 10
2073.35
 20
13800.0
 10
1926.65
 20
13875.0
 10
2073.35
 20
13950.0
 10
1926.65
 20
13950.0
  0
ENDSEC
  0
SECTION
  2
OBJECTS
  0
DICTIONARY
  5
C
330
0
100
AcDbDictionary
281
1
  3
ACAD_ASSOCNETWORK
350
591
  3
ACAD_CIP_PREVIOUS_PRODUCT_INFO
350
216
  3
ACAD_COLOR
350
6B
  3
ACAD_DETAILVIEWSTYLE
350
21B
  3
ACAD_GROUP
350
D
  3
ACAD_LAST_SAVED_VERSION_INFO
350
7AF
  3
ACAD_LAYOUT
350
1A
  3
ACAD_MATERIAL
350
6A
  3
ACAD_MLEADERSTYLE
350
12D
  3
ACAD_MLINESTYLE
350
17
  3
ACAD_PLOTSETTINGS
350
19
  3
ACAD_PLOTSTYLENAME
350
E
  3
ACAD_RENDER_ACTIVE_RAPIDRT_SETTINGS
350
2C8
  3
ACAD_RENDER_RAPIDRT_SETTINGS
350
2C1
  3
ACAD_SCALELIST
350
10C
  3
ACAD_SECTIONVIEWSTYLE
350
219
  3
ACAD_TABLESTYLE
350
7E
  3
ACAD_VISUALSTYLE
350
EF
  3
ACDB_RECOMPOSE_DATA
350
7B1
  3
AcDbVariableDictionary
350
5E
  3
AEC_PROPERTY_SET_DEFS
350
58E
  3
EZDXF_META
350
876
  0
DICTIONARY
  5
1FF
330
2
100
AcDbDictionary
281
1
  3
ACAD_LAYERSTATES
360
200
  0
DICTIONARY
  5
13C
330
10
100
AcDbDictionary
281
1
  0
DICTIONARY
  5
1CE
330
1F
100
AcDbDictionary
281
1
  3
ACAD_ASSOCNETWORK
360
6C4
  0
DICTIONARY
  5
2CE
330
2CD
100
AcDbDictionary
281
1
  3
ACAD_SORTENTS
360
574
  0
DICTIONARY
  5
2F3
330
2F2
100
AcDbDictionary
281
1
  3
ACAD_SORTENTS
360
575
  0
DICTIONARY
  5
499
330
498
100
AcDbDictionary
281
1
  3
ACAD_SORTENTS
360
576
  0
DICTIONARY
  5
5DB
330
5DA
100
AcDbDictionary
281
1
  3
ACAD_DIMASSOC
360
5DC
  0
DICTIONARY
  5
591
102
{ACAD_REACTORS
330
C
102
}
330
C
100
AcDbDictionary
281
1
  3
ACAD_ASSOCNETWORK
350
592
  0
XRECORD
  5
216
102
{ACAD_REACTORS
330
C
102
}
330
C
100
AcDbXrecord
280
1
300
ACD
300
2025
300

  0
DICTIONARY
  5
6B
102
{ACAD_REACTORS
330
C
102
}
330
C
100
AcDbDictionary
281
1
  0
DICTIONARY
  5
21B
102
{ACAD_REACTORS
330
C
102
}
330
C
100
AcDbDictionary
281
1
  3
Imperial24
350
51D
  3
Metric50
350
21C
  0
DICTIONARY
  5
D
102
{ACAD_REACTORS
330
C
102
}
330
C
100
AcDbDictionary
281
1
  0
XRECORD
  5
7AF
102
{ACAD_REACTORS
330
C
102
}
330
C
100
AcDbXrecord
280
1
300
{0FE4C219-5728-8342-BF18-983341FFF91D}
301
{0EAD3DCF-D869-3F43-96B4-12FCA1C3EDD3}
302
{0FE4C219-5728-8342-BF18-983341FFF91D}
303
C:\Users\joaqu\Desktop\Projeto_Estaca_Raiz\TEMPLATE.dxf
  0
DICTIONARY
  5
1A
102
{ACAD_REACTORS
330
C
102
}
330
C
100
AcDbDictionary
281
1
  3
Layout1
350
D3
  3
Layout2
350
D7
  3
Model
350
22
  0
DICTIONARY
  5
6A
102
{ACAD_REACTORS
330
C
102
}
330
C
100
AcDbDictionary
281
1
  3
ByBlock
350
ED
  3
ByLayer
350
EC
  3
Global
350
EE
  0
DICTIONARY
  5
12D
102
{ACAD_REACTORS
330
C
102
}
330
C
100
AcDbDictionary
281
1
  3
Annotative
350
13B
  3
Standard
350
12E
  0
DICTIONARY
  5
17
102
{ACAD_REACTORS
330
C
102
}
330
C
100
AcDbDictionary
281
1
  3
Standard
350
18
  0
DICTIONARY
  5
19
102
{ACAD_REACTORS
330
C
102
}
330
C
100
AcDbDictionary
281
1
  0
ACDBDICTIONARYWDFLT
  5
E
102
{ACAD_REACTORS
330
C
102
}
330
C
100
AcDbDictionary
281
1
  3
Normal
350
F
100
AcDbDictionaryWithDefault
340
F
  0
RAPIDRTRENDERSETTINGS
  5
2C8
102
{ACAD_REACTORS
330
C
102
}
330
C
100
AcDbRenderSettings
 90
2
  1
Medium
290
1
290
0
290
1
290
1
  1

  1
Applies 5 rendering levels
 90
0
100
AcDbRapidRTRenderSettings
 90
3
 70
0
 90
5
 90
1
 70
1
 70
2
 40
3.0
 40
3.0
290
1
  0
DICTIONARY
  5
2C1
102
{ACAD_REACTORS
330
C
102
}
330
C
100
AcDbDictionary
281
1
  3
Coffee-Break Quality
350
2C5
  3
High
350
2C4
  3
Low
350
2C2
  3
Lunch Quality
350
2C6
  3
Medium
350
2C3
  3
Overnight Quality
350
2C7
  0
DICTIONARY
  5
10C
102
{ACAD_REACTORS
330
C
102
}
330
C
100
AcDbDictionary
281
1
  3
A0
350
10D
  3
A1
350
1BE
  3
A2
350
1BF
  3
A3
350
1C0
  3
A4
350
1C1
  3
A5
350
1C2
  3
A6
350
1C3
  3
A7
350
1C4
  3
A8
350
1C5
  3
A9
350
1C6
  3
B0
350
1C7
  3
B1
350
1C8
  3
B2
350
1C9
  3
B3
350
1CA
  3
B4
350
1CB
  3
B5
350
1CC
  3
B6
350
1CD
  0
DICTIONARY
  5
219
102
{ACAD_REACTORS
330
C
102
}
330
C
100
AcDbDictionary
281
1
  3
Imperial24
350
51C
  3
Metric50
350
21A
  0
DICTIONARY
  5
7E
102
{ACAD_REACTORS
330
C
102
}
330
C
100
AcDbDictionary
281
1
  3
Standard
350
7F
  0
DICTIONARY
  5
EF
102
{ACAD_REACTORS
330
C
102
}
330
C
100
AcDbDictionary
281
1
  3
2dWireframe
350
F5
  3
Basic
350
F4
  3
Brighten
350
FB
  3
ColorChange
350
FF
  3
Conceptual
350
F8
  3
Dim
350
FA
  3
EdgeColorOff
350
1E6
  3
Facepattern
350
FE
  3
Flat
350
F0
  3
FlatWithEdges
350
F1
  3
Gouraud
350
F2
  3
GouraudWithEdges
350
F3
  3
Hidden
350
F7
  3
JitterOff
350
1E4
  3
Linepattern
350
FD
  3
OverhangOff
350
1E5
  3
Realistic
350
F9
  3
Shaded
350
1F3
  3
Shaded with edges
350
1F2
  3
Shades of Gray
350
1EF
  3
Sketchy
350
1F0
  3
Thicken
350
FC
  3
Wireframe
350
F6
  3
X-Ray
350
1F1
  0
XRECORD
  5
7B1
102
{ACAD_REACTORS
330
C
102
}
330
C
100
AcDbXrecord
280
1
 90
1
330
7F
  0
DICTIONARY
  5
5E
102
{ACAD_REACTORS
330
C
102
}
330
C
100
AcDbDictionary
281
1
  3
CANNOSCALE
350
146
  3
CENTEREXE
350
259
  3
CENTERLTYPEFILE
350
25A
  3
CMLEADERSTYLE
350
145
  3
CTABLESTYLE
350
84
  3
CVIEWDETAILSTYLE
350
227
  3
CVIEWSECTIONSTYLE
350
228
  3
DIMASSOC
350
5F
  3
HIDETEXT
350
63
  3
LAYEREVAL
350
1AE
  3
LAYERNOTIFY
350
1AF
  0
DICTIONARY
  5
58E
102
{ACAD_REACTORS
330
C
102
}
330
C
100
AcDbDictionary
281
1
  0
DICTIONARY
  5
200
102
{ACAD_REACTORS
330
1FF
102
}
330
1FF
100
AcDbDictionary
281
1
  0
DICTIONARY
  5
6C4
102
{ACAD_REACTORS
330
1CE
102
}
330
1CE
100
AcDbDictionary
281
1
  3
ACAD_ASSOCNETWORK
350
6C5
  0
SORTENTSTABLE
  5
574
102
{ACAD_REACTORS
330
2CE
102
}
330
2CE
100
AcDbSortentsTable
330
2CD
  0
SORTENTSTABLE
  5
575
102
{ACAD_REACTORS
330
2F3
102
}
330
2F3
100
AcDbSortentsTable
330
2F2
  0
SORTENTSTABLE
  5
576
102
{ACAD_REACTORS
330
499
102
}
330
499
100
AcDbSortentsTable
330
498
  0
DIMASSOC
  5
5DC
102
{ACAD_REACTORS
330
5DB
102
}
330
5DB
100
AcDbDimAssoc
330
5DA
 90
3
 70
0
 71
0
  1
AcDbOsnapPointRef
 72
1
331
5B5
 73
2
 91
1
 40
1.0
 10
0.0
 20
0.0
 30
2e+50
 75
0
  1
AcDbOsnapPointRef
 72
13
331
5D8
 73
2
 91
1
 40
0.0
 10
0.0
 20
0.0
 30
2e+50
 75
0
  0
ACDBASSOCNETWORK
  5
592
102
{ACAD_REACTORS
330
591
102
}
330
591
100
AcDbAssocAction
 90
2
 90
0
330
0
360
0
 90
0
 90
0
 90
0
 90
0
 90
0
 90
0
 90
0
100
AcDbAssocNetwork
 90
0
 90
2
 90
1
330
6C5
 90
0
  0
ACDBDETAILVIEWSTYLE
  5
51D
102
{ACAD_REACTORS
330
21B
102
}
330
21B
100
AcDbModelDocViewStyle
 70
0
  3
Imperial24
290
0
300
Imperial24
 90
0
100
AcDbDetailViewStyle
 70
0
 71
0
 90
3
 71
1
340
11
 62
256
 40
0.24
340
0
 62
256
 40
0.24
300

 40
0.36
280
3
 71
2
340
16
 90
25
 62
256
 71
3
340
11
 62
256
 40
0.24
 90
1
 40
0.75
 90
1
300
%<\AcVar ViewType \f "%tc1">% %<\AcVar ViewDetailId>%\PSCALE %<\AcVar ViewScale \f "%sn">%
 71
4
340
16
 90
25
 62
256
340
16
 90
25
 62
256
280
0
  0
ACDBDETAILVIEWSTYLE
  5
21C
102
{ACAD_REACTORS
330
21B
102
}
330
21B
100
AcDbModelDocViewStyle
 70
0
  3
Metric50
290
0
300
Metric50
 90
0
100
AcDbDetailViewStyle
 70
0
 71
0
 90
3
 71
1
340
11
 62
256
 40
5.0
340
0
 62
256
 40
5.0
300

 40
0.0
280
1
 71
2
340
16
 90
25
 62
256
 71
3
340
11
 62
256
 40
5.0
 90
0
 40
15.0
 90
1
300
%<\AcVar ViewDetailId>% (%<\AcVar ViewScale \f "%sn">%)
 71
4
340
16
 90
25
 62
256
340
16
 90
25
 62
256
280
0
  0
LAYOUT
  5
D3
102
{ACAD_REACTORS
330
1A
102
}
330
1A
100
AcDbPlotSettings
  1

  2
C:\Documents and Settings\basas\Application Data\Autodesk\AutoCAD 2005\R16.1\enu\plotters\Default Windows System Printer.pc3
  4

  6

 40
0.0
 41
0.0
 42
0.0
 43
0.0
 44
0.0
 45
0.0
 46
0.0
 47
0.0
 48
0.0
 49
0.0
140
0.0
141
0.0
142
1.0
143
1.0
 70
688
 72
0
 73
0
 74
5
  7

 75
16
 76
0
 77
2
 78
300
147
1.0
148
0.0
149
0.0
100
AcDbLayout
  1
Layout1
 70
1
 71
1
 10
0.0
 20
0.0
 11
12.0
 21
9.0
 12
0.0
 22
0.0
 32
0.0
 14
0.0
 24
0.0
 34
0.0
 15
0.0
 25
0.0
 35
0.0
146
0.0
 13
0.0
 23
0.0
 33
0.0
 16
1.0
 26
0.0
 36
0.0
 17
0.0
 27
1.0
 37
0.0
 76
0
330
D2
  0
LAYOUT
  5
D7
102
{ACAD_REACTORS
330
1A
102
}
330
1A
100
AcDbPlotSettings
  1

  2
C:\Documents and Settings\basas\Application Data\Autodesk\AutoCAD 2005\R16.1\enu\plotters\Default Windows System Printer.pc3
  4

  6

 40
0.0
 41
0.0
 42
0.0
 43
0.0
 44
0.0
 45
0.0
 46
0.0
 47
0.0
 48
0.0
 49
0.0
140
0.0
141
0.0
142
1.0
143
1.0
 70
688
 72
0
 73
0
 74
5
  7

 75
16
 76
0
 77
2
 78
300
147
1.0
148
0.0
149
0.0
100
AcDbLayout
  1
Layout2
 70
1
 71
2
 10
0.0
 20
0.0
 11
12.0
 21
9.0
 12
0.0
 22
0.0
 32
0.0
 14
0.0
 24
0.0
 34
0.0
 15
0.0
 25
0.0
 35
0.0
146
0.0
 13
0.0
 23
0.0
 33
0.0
 16
1.0
 26
0.0
 36
0.0
 17
0.0
 27
1.0
 37
0.0
 76
0
330
D6
  0
LAYOUT
  5
22
102
{ACAD_XDICTIONARY
360
205
102
}
102
{ACAD_REACTORS
330
1A
102
}
330
1A
100
AcDbPlotSettings
  1

  2
none_device
  4
ISO_A4_(210.00_x_297.00_MM)
  6

 40
7.5
 41
20.0
 42
7.5
 43
20.0
 44
210.0
 45
297.0
 46
11.54999923706054
 47
-13.65000009536743
 48
0.0
 49
0.0
140
0.0
141
0.0
142
1.0
143
8.704084754739808
 70
11952
 72
1
 73
0
 74
0
  7

 75
0
 76
0
 77
2
 78
300
147
0.1148885871608098
148
0.0
149
0.0
100
AcDbLayout
  1
Model
 70
1
 71
0
 10
0.0
 20
0.0
 11
12.0
 21
9.0
 12
0.0
 22
0.0
 32
0.0
 14
0.0
 24
0.0
 34
0.0
 15
0.0
 25
0.0
 35
0.0
146
0.0
 13
0.0
 23
0.0
 33
0.0
 16
1.0
 26
0.0
 36
0.0
 17
0.0
 27
1.0
 37
0.0
 76
0
330
1F
331
EA
1001
ACAD_PSEXT
1000
None
1000
None
1000
Not applicable
1000
The layout will not be plotted unless a new plotter configuration name is selected.
1070
0
  0
MATERIAL
  5
ED
102
{ACAD_XDICTIONARY
360
1F9
102
}
102
{ACAD_REACTORS
330
6A
102
}
330
6A
100
AcDbMaterial
  1
ByBlock
  2

 70
0
 40
1.0
 71
0
 41
1.0
 91
-1023410177
 42
1.0
 72
1
  3

 73
1
 74
1
 75
1
 44
0.5
 73
0
 45
1.0
 46
1.0
 77
1
  4

 78
1
 79
1
170
1
 48
1.0
171
1
  6

172
1
173
1
174
1
140
1.0
141
1.0
175
1
  7

176
1
177
1
178
1
143
1.0
179
1
  8

270
1
271
1
272
1
145
1.0
146
1.0
273
1
  9

274
1
275
1
276
1
 42
1.0
 72
1
  3

 73
1
 74
1
 75
1
 94
63
  0
MATERIAL
  5
EC
102
{ACAD_XDICTIONARY
360
1F7
102
}
102
{ACAD_REACTORS
330
6A
102
}
330
6A
100
AcDbMaterial
  1
ByLayer
  2

 70
0
 40
1.0
 71
0
 41
1.0
 91
-1023410177
 42
1.0
 72
1
  3

 73
1
 74
1
 75
1
 44
0.5
 73
0
 45
1.0
 46
1.0
 77
1
  4

 78
1
 79
1
170
1
 48
1.0
171
1
  6

172
1
173
1
174
1
140
1.0
141
1.0
175
1
  7

176
1
177
1
178
1
143
1.0
179
1
  8

270
1
271
1
272
1
145
1.0
146
1.0
273
1
  9

274
1
275
1
276
1
 42
1.0
 72
1
  3

 73
1
 74
1
 75
1
 94
63
  0
MATERIAL
  5
EE
102
{ACAD_XDICTIONARY
360
173
102
}
102
{ACAD_REACTORS
330
6A
102
}
330
6A
100
AcDbMaterial
  1
Global
  2

 70
0
 40
1.0
 71
0
 41
1.0
 91
-1023410177
 42
1.0
 72
1
  3

 73
1
 74
1
 75
1
 43
0.0007999999797903
 43
0.0
 43
0.0
 43
0.0
 43
0.0
 43
0.0007999999797903
 43
0.0
 43
0.0
 43
0.0
 43
0.0
 43
1.0
 43
0.0
 43
0.0
 43
0.0
 43
0.0
 43
1.0
 44
0.5
 73
0
 45
1.0
 46
1.0
 77
1
  4

 78
1
 79
1
170
1
 48
1.0
171
1
  6

172
1
173
1
174
1
 49
0.0007999999797903
 49
0.0
 49
0.0
 49
0.0
 49
0.0
 49
0.0007999999797903
 49
0.0
 49
0.0
 49
0.0
 49
0.0
 49
1.0
 49
0.0
 49
0.0
 49
0.0
 49
0.0
 49
1.0
140
1.0
141
1.0
175
1
  7

176
1
177
1
178
1
142
0.0007999999797903
142
0.0
142
0.0
142
0.0
142
0.0
142
0.0007999999797903
142
0.0
142
0.0
142
0.0
142
0.0
142
1.0
142
0.0
142
0.0
142
0.0
142
0.0
142
1.0
143
1.0
179
1
  8

270
1
271
1
272
1
144
0.0007999999797903
144
0.0
144
0.0
144
0.0
144
0.0
144
0.0007999999797903
144
0.0
144
0.0
144
0.0
144
0.0
144
1.0
144
0.0
144
0.0
144
0.0
144
0.0
144
1.0
145
1.0
146
1.0
273
1
  9

274
1
275
1
276
1
 42
1.0
 72
1
  3

 73
1
 74
1
 75
1
 94
63
1001
ACAD
1070
-1
1070
3
1070
0
1000

1071
0
1070
0
  0
MLEADERSTYLE
  5
13B
102
{ACAD_REACTORS
330
12D
102
}
330
12D
100
AcDbMLeaderStyle
179
2
170
2
171
1
172
0
 90
2
 40
0.0
 41
0.0
173
1
 91
-1056964608
340
14
 92
-2
290
1
 42
2.0
291
1
 43
8.0
  3
Standard
 44
4.0
300

342
11
174
1
175
1
176
0
178
1
 93
-1056964608
 45
4.0
292
0
297
0
 46
4.0
293
1
 94
-1056964608
 47
1.0
 49
1.0
140
1.0
294
1
141
0.0
177
0
142
1.0
295
0
296
1
143
3.75
271
0
272
9
273
9
298
0
  0
MLEADERSTYLE
  5
12E
102
{ACAD_REACTORS
330
12D
102
}
330
12D
100
AcDbMLeaderStyle
179
2
170
2
171
1
172
0
 90
2
 40
0.0
 41
0.0
173
1
 91
-1056964608
340
14
 92
-2
290
1
 42
2.0
291
1
 43
8.0
  3
Standard
 44
4.0
300

342
11
174
1
175
1
176
0
178
1
 93
-1056964608
 45
4.0
292
0
297
0
 46
4.0
293
1
 94
-1056964608
 47
1.0
 49
1.0
140
1.0
294
1
141
0.0
177
0
142
1.0
295
0
296
0
143
3.75
271
0
272
9
273
9
298
0
  0
MLINESTYLE
  5
18
102
{ACAD_REACTORS
330
17
102
}
330
17
100
AcDbMlineStyle
  2
STANDARD
 70
0
  3

 62
256
 51
90.0
 52
90.0
 71
2
 49
0.5
 62
256
  6
BYLAYER
 49
-0.5
 62
256
  6
BYLAYER
  0
ACDBPLACEHOLDER
  5
F
102
{ACAD_REACTORS
330
E
102
}
330
E
  0
RAPIDRTRENDERSETTINGS
  5
2C5
102
{ACAD_REACTORS
330
2C1
102
}
330
2C1
100
AcDbRenderSettings
 90
2
  1
Coffee-Break Quality
290
1
290
0
290
1
290
1
  1

  1
Renders for 10 minutes
 90
3
100
AcDbRapidRTRenderSettings
 90
3
 70
1
 90
1
 90
10
 70
1
 70
2
 40
3.0
 40
3.0
290
1
  0
RAPIDRTRENDERSETTINGS
  5
2C4
102
{ACAD_REACTORS
330
2C1
102
}
330
2C1
100
AcDbRenderSettings
 90
2
  1
High
290
1
290
0
290
1
290
1
  1

  1
Applies 10 rendering levels
 90
2
100
AcDbRapidRTRenderSettings
 90
3
 70
0
 90
10
 90
1
 70
2
 70
2
 40
3.0
 40
3.0
290
1
  0
RAPIDRTRENDERSETTINGS
  5
2C2
102
{ACAD_REACTORS
330
2C1
102
}
330
2C1
100
AcDbRenderSettings
 90
2
  1
Low
290
1
290
0
290
1
290
1
  1

  1
Applies 1 rendering level
 90
0
100
AcDbRapidRTRenderSettings
 90
3
 70
0
 90
1
 90
1
 70
0
 70
2
 40
3.0
 40
3.0
290
1
  0
RAPIDRTRENDERSETTINGS
  5
2C6
102
{ACAD_REACTORS
330
2C1
102
}
330
2C1
100
AcDbRenderSettings
 90
2
  1
Lunch Quality
290
1
290
0
290
1
290
1
  1

  1
Renders for 60 minutes
 90
4
100
AcDbRapidRTRenderSettings
 90
3
 70
1
 90
1
 90
60
 70
2
 70
2
 40
3.0
 40
3.0
290
1
  0
RAPIDRTRENDERSETTINGS
  5
2C3
102
{ACAD_REACTORS
330
2C1
102
}
330
2C1
100
AcDbRenderSettings
 90
2
  1
Medium
290
1
290
0
290
1
290
1
  1

  1
Applies 5 rendering levels
 90
1
100
AcDbRapidRTRenderSettings
 90
3
 70
0
 90
5
 90
1
 70
1
 70
2
 40
3.0
 40
3.0
290
1
  0
RAPIDRTRENDERSETTINGS
  5
2C7
102
{ACAD_REACTORS
330
2C1
102
}
330
2C1
100
AcDbRenderSettings
 90
2
  1
Overnight Quality
290
1
290
0
290
1
290
1
  1

  1
Renders for 12 hours
 90
5
100
AcDbRapidRTRenderSettings
 90
3
 70
1
 90
1
 90
720
 70
2
 70
2
 40
3.0
 40
3.0
290
1
  0
SCALE
  5
10D
102
{ACAD_REACTORS
330
10C
102
}
330
10C
100
AcDbScale
 70
0
300
1:1
140
1.0
141
1.0
290
1
  0
SCALE
  5
1BE
102
{ACAD_REACTORS
330
10C
102
}
330
10C
100
AcDbScale
 70
0
300
1:2
140
1.0
141
2.0
290
0
  0
SCALE
  5
1BF
102
{ACAD_REACTORS
330
10C
102
}
330
10C
100
AcDbScale
 70
0
300
1:4
140
1.0
141
4.0
290
0
  0
SCALE
  5
1C0
102
{ACAD_REACTORS
330
10C
102
}
330
10C
100
AcDbScale
 70
0
300
1:5
140
1.0
141
5.0
290
0
  0
SCALE
  5
1C1
102
{ACAD_REACTORS
330
10C
102
}
330
10C
100
AcDbScale
 70
0
300
1:8
140
1.0
141
8.0
290
0
  0
SCALE
  5
1C2
102
{ACAD_REACTORS
330
10C
102
}
330
10C
100
AcDbScale
 70
0
300
1:10
140
1.0
141
10.0
290
0
  0
SCALE
  5
1C3
102
{ACAD_REACTORS
330
10C
102
}
330
10C
100
AcDbScale
 70
0
300
1:16
140
1.0
141
16.0
290
0
  0
SCALE
  5
1C4
102
{ACAD_REACTORS
330
10C
102
}
330
10C
100
AcDbScale
 70
0
300
1:20
140
1.0
141
20.0
290
0
  0
SCALE
  5
1C5
102
{ACAD_REACTORS
330
10C
102
}
330
10C
100
AcDbScale
 70
0
300
1:30
140
1.0
141
30.0
290
0
  0
SCALE
  5
1C6
102
{ACAD_REACTORS
330
10C
102
}
330
10C
100
AcDbScale
 70
0
300
1:40
140
1.0
141
40.0
290
0
  0
SCALE
  5
1C7
102
{ACAD_REACTORS
330
10C
102
}
330
10C
100
AcDbScale
 70
0
300
1:50
140
1.0
141
50.0
290
0
  0
SCALE
  5
1C8
102
{ACAD_REACTORS
330
10C
102
}
330
10C
100
AcDbScale
 70
0
300
1:100
140
1.0
141
100.0
290
0
  0
SCALE
  5
1C9
102
{ACAD_REACTORS
330
10C
102
}
330
10C
100
AcDbScale
 70
0
300
2:1
140
2.0
141
1.0
290
0
  0
SCALE
  5
1CA
102
{ACAD_REACTORS
330
10C
102
}
330
10C
100
AcDbScale
 70
0
300
4:1
140
4.0
141
1.0
290
0
  0
SCALE
  5
1CB
102
{ACAD_REACTORS
330
10C
102
}
330
10C
100
AcDbScale
 70
0
300
8:1
140
8.0
141
1.0
290
0
  0
SCALE
  5
1CC
102
{ACAD_REACTORS
330
10C
102
}
330
10C
100
AcDbScale
 70
0
300
10:1
140
10.0
141
1.0
290
0
  0
SCALE
  5
1CD
102
{ACAD_REACTORS
330
10C
102
}
330
10C
100
AcDbScale
 70
0
300
100:1
140
100.0
141
1.0
290
0
  0
ACDBSECTIONVIEWSTYLE
  5
51C
102
{ACAD_REACTORS
330
219
102
}
330
219
100
AcDbModelDocViewStyle
 70
0
  3
Imperial24
290
0
300
Imperial24
 90
0
100
AcDbSectionViewStyle
 70
0
 71
0
 90
78
 71
1
340
11
 62
256
 40
0.24
340
0
340
0
 62
256
 40
0.24
300
I, O, Q, S, X, Z
 40
0.48
 90
3
 40
0.18
 90
1
 71
2
340
16
 90
25
 62
256
340
16
 90
50
 62
256
 40
0.24
 40
0.0
 40
0.24
 71
3
340
11
 62
256
 40
0.24
 90
1
 40
0.75
 90
1
300
%<\AcVar ViewType \f "%tc1">% %<\AcVar ViewSectionStartId>%-%<\AcVar ViewSectionEndId>%\PSCALE %<\AcVar ViewScale \f "%sn">%
 71
4
 62
256
 62
257
300
ANSI31
 40
1.0
 90
0
290
0
290
0
 90
6
 40
0.0
 40
1.570796326794896
 40
0.2617993877991494
 40
1.308996938995747
 40
-0.2617993877991494
 40
1.832595714594046
  0
ACDBSECTIONVIEWSTYLE
  5
21A
102
{ACAD_REACTORS
330
219
102
}
330
219
100
AcDbModelDocViewStyle
 70
0
  3
Metric50
290
0
300
Metric50
 90
0
100
AcDbSectionViewStyle
 70
0
 71
0
 90
102
 71
1
340
11
 62
256
 40
5.0
340
0
340
0
 62
256
 40
5.0
300
I, O, Q, S, X, Z
 40
10.0
 90
0
 40
2.5
 90
0
 71
2
340
16
 90
25
 62
256
340
16
 90
50
 62
256
 40
5.0
 40
2.5
 40
5.0
 71
3
340
11
 62
256
 40
5.0
 90
0
 40
15.0
 90
1
300
%<\AcVar ViewSectionStartId>%-%<\AcVar ViewSectionEndId>% (%<\AcVar ViewScale \f "%sn">%)
 71
4
 62
256
 62
257
300
ANSI31
 40
1.0
 90
0
290
0
290
0
 90
6
 40
0.0
 40
1.570796326794896
 40
0.2617993877991494
 40
1.308996938995747
 40
-0.2617993877991494
 40
1.832595714594046
  0
TABLESTYLE
  5
7F
102
{ACAD_XDICTIONARY
360
162
102
}
102
{ACAD_REACTORS
330
7E
102
}
330
7E
100
AcDbTableStyle
280
0
  3
Standard
 70
0
 71
0
 40
1.5
 41
1.5
280
0
281
0
  7
Standard
140
4.5
170
2
 62
0
 63
7
283
0
 90
512
 91
0
  1

274
-2
284
1
 64
0
275
-2
285
1
 65
0
276
-2
286
1
 66
0
277
-2
287
1
 67
0
278
-2
288
1
 68
0
279
-2
289
1
 69
0
  7
Standard
140
6.0
170
5
 62
0
 63
7
283
0
 90
512
 91
0
  1

274
-2
284
1
 64
0
275
-2
285
1
 65
0
276
-2
286
1
 66
0
277
-2
287
1
 67
0
278
-2
288
1
 68
0
279
-2
289
1
 69
0
  7
Standard
140
4.5
170
5
 62
0
 63
7
283
0
 90
512
 91
0
  1

274
-2
284
1
 64
0
275
-2
285
1
 65
0
276
-2
286
1
 66
0
277
-2
287
1
 67
0
278
-2
288
1
 68
0
279
-2
289
1
 69
0
  0
VISUALSTYLE
  5
F5
102
{ACAD_REACTORS
330
EF
102
}
330
EF
100
AcDbVisualStyle
  2
2dWireframe
 70
4
177
3
291
0
 70
58
 90
0
176
1
 90
2
176
1
 90
1
176
1
 90
0
176
1
 40
0.6
176
1
 40
30.0
176
1
 62
7
420
16777215
176
1
 90
1
176
1
 90
4
176
1
 62
7
176
1
 62
257
176
1
 90
1
176
1
 90
1
176
1
 40
1.0
176
1
 90
0
176
1
 62
257
176
1
 40
1.0
176
1
 90
1
176
1
 90
6
176
1
 90
2
176
1
 62
7
176
1
 90
5
176
1
 90
0
176
1
 90
0
176
1
290
0
176
1
 90
1
176
1
 40
0.0
176
1
 90
0
176
1
290
1
176
1
290
1
176
1
290
0
176
1
290
0
176
1
290
0
176
1
290
0
176
1
290
0
176
1
290
0
176
1
290
0
176
1
 90
50
176
1
 40
0.0
176
1
 40
1.0
176
1
 90
0
176
1
 62
18
420
0
176
1
 90
50
176
1
 90
3
176
1
 62
5
420
255
176
1
290
0
176
1
 90
50
176
1
 90
50
176
1
 90
50
176
1
290
0
176
1
 90
50
176
1
 62
256
176
0
 40
1.0
176
0
 90
2
176
1
  1
strokes_ogs.tif
176
1
290
0
176
1
 40
1.0
176
1
 40
1.0
176
1
  0
VISUALSTYLE
  5
F4
102
{ACAD_REACTORS
330
EF
102
}
330
EF
100
AcDbVisualStyle
  2
Basic
 70
7
177
3
291
1
 70
58
 90
1
176
1
 90
0
176
1
 90
1
176
1
 90
0
176
1
 40
0.6
176
1
 40
30.0
176
1
 62
7
420
16777215
176
1
 90
0
176
1
 90
4
176
1
 62
7
176
1
 62
257
176
1
 90
1
176
1
 90
1
176
1
 40
1.0
176
1
 90
8
176
1
 62
7
176
1
 40
1.0
176
1
 90
1
176
1
 90
6
176
1
 90
2
176
1
 62
7
176
1
 90
5
176
1
 90
0
176
1
 90
0
176
1
290
0
176
1
 90
1
176
1
 40
0.0
176
1
 90
0
176
1
290
0
176
1
290
1
176
1
290
1
176
1
290
0
176
1
290
0
176
1
290
0
176
1
290
0
176
1
290
0
176
1
290
0
176
1
 90
50
176
1
 40
0.0
176
1
 40
1.0
176
1
 90
0
176
1
 62
18
420
0
176
1
 90
50
176
1
 90
3
176
1
 62
5
420
255
176
1
290
0
176
1
 90
50
176
1
 90
50
176
1
 90
50
176
1
290
0
176
1
 90
50
176
1
 62
256
176
0
 40
1.0
176
0
 90
2
176
1
  1
strokes_ogs.tif
176
1
290
0
176
1
 40
1.0
176
1
 40
1.0
176
1
  0
VISUALSTYLE
  5
FB
102
{ACAD_REACTORS
330
EF
102
}
330
EF
100
AcDbVisualStyle
  2
Brighten
 70
12
177
3
291
1
 70
58
 90
2
176
1
 90
2
176
1
 90
1
176
1
 90
0
176
1
 40
0.6
176
1
 40
30.0
176
1
 62
7
420
16777215
176
1
 90
1
176
1
 90
4
176
1
 62
7
176
1
 62
257
176
1
 90
1
176
1
 90
1
176
1
 40
1.0
176
1
 90
8
176
1
 62
7
176
1
 40
1.0
176
1
 90
1
176
1
 90
6
176
1
 90
2
176
1
 62
7
176
1
 90
5
176
1
 90
0
176
1
 90
0
176
1
290
0
176
1
 90
1
176
1
 40
50.0
176
1
 90
0
176
1
290
0
176
1
290
1
176
1
290
1
176
1
290
0
176
1
290
0
176
1
290
0
176
1
290
0
176
1
290
0
176
1
290
0
176
1
 90
50
176
1
 40
0.0
176
1
 40
1.0
176
1
 90
0
176
1
 62
18
420
0
176
1
 90
50
176
1
 90
3
176
1
 62
5
420
255
176
1
290
0
176
1
 90
50
176
1
 90
50
176
1
 90
50
176
1
290
0
176
1
 90
50
176
1
 62
256
176
0
 40
1.0
176
0
 90
2
176
1
  1
strokes_ogs.tif
176
1
290
0
176
1
 40
1.0
176
1
 40
1.0
176
1
  0
VISUALSTYLE
  5
FF
102
{ACAD_REACTORS
330
EF
102
}
330
EF
100
AcDbVisualStyle
  2
ColorChange
 70
16
177
3
291
1
 70
58
 90
2
176
1
 90
2
176
1
 90
3
176
1
 90
0
176
1
 40
0.6
176
1
 40
30.0
176
1
 62
8
420
8421504
176
1
 90
1
176
1
 90
4
176
1
 62
7
176
1
 62
257
176
1
 90
1
176
1
 90
1
176
1
 40
1.0
176
1
 90
8
176
1
 62
8
420
8421504
176
1
 40
1.0
176
1
 90
1
176
1
 90
6
176
1
 90
2
176
1
 62
7
176
1
 90
5
176
1
 90
0
176
1
 90
0
176
1
290
0
176
1
 90
1
176
1
 40
0.0
176
1
 90
0
176
1
290
0
176
1
290
1
176
1
290
1
176
1
290
0
176
1
290
0
176
1
290
0
176
1
290
0
176
1
290
0
176
1
290
0
176
1
 90
50
176
1
 40
0.0
176
1
 40
1.0
176
1
 90
0
176
1
 62
18
420
0
176
1
 90
50
176
1
 90
3
176
1
 62
5
420
255
176
1
290
0
176
1
 90
50
176
1
 90
50
176
1
 90
50
176
1
290
0
176
1
 90
50
176
1
 62
256
176
0
 40
1.0
176
0
 90
2
176
1
  1
strokes_ogs.tif
176
1
290
0
176
1
 40
1.0
176
1
 40
1.0
176
1
  0
VISUALSTYLE
  5
F8
102
{ACAD_REACTORS
330
EF
102
}
330
EF
100
AcDbVisualStyle
  2
Conceptual
 70
9
177
3
291
0
 70
58
 90
3
176
1
 90
2
176
1
 90
1
176
1
 90
0
176
1
 40
0.6
176
1
 40
30.0
176
1
 62
7
420
16777215
176
1
 90
2
176
1
 90
2
176
1
 62
7
176
1
 62
257
176
1
 90
1
176
1
 90
1
176
1
 40
40.0
176
1
 90
8
176
1
 62
7
176
1
 40
1.0
176
1
 90
1
176
1
 90
6
176
1
 90
2
176
1
 62
7
176
1
 90
3
176
1
 90
0
176
1
 90
0
176
1
290
0
176
1
 90
1
176
1
 40
0.0
176
1
 90
0
176
1
290
0
176
1
290
1
176
1
290
1
176
1
290
0
176
1
290
0
176
1
290
0
176
1
290
0
176
1
290
0
176
1
290
0
176
1
 90
50
176
1
 40
0.0
176
1
 40
1.0
176
1
 90
0
176
1
 62
18
420
0
176
1
 90
50
176
1
 90
3
176
1
 62
5
420
255
176
1
290
0
176
1
 90
50
176
1
 90
50
176
1
 90
50
176
1
290
0
176
1
 90
50
176
1
 62
256
176
0
 40
1.0
176
0
 90
2
176
1
  1
strokes_ogs.tif
176
1
290
0
176
1
 40
1.0
176
1
 40
1.0
176
1
  0
VISUALSTYLE
  5
FA
102
{ACAD_REACTORS
330
EF
102
}
330
EF
100
AcDbVisualStyle
  2
Dim
 70
11
177
3
291
1
 70
58
 90
2
176
1
 90
2
176
1
 90
1
176
1
 90
0
176
1
 40
0.6
176
1
 40
30.0
176
1
 62
7
420
16777215
176
1
 90
1
176
1
 90
4
176
1
 62
7
176
1
 62
257
176
1
 90
1
176
1
 90
1
176
1
 40
1.0
176
1
 90
8
176
1
 62
7
176
1
 40
1.0
176
1
 90
1
176
1
 90
6
176
1
 90
2
176
1
 62
7
176
1
 90
5
176
1
 90
0
176
1
 90
0
176
1
290
0
176
1
 90
1
176
1
 40
-50.0
176
1
 90
0
176
1
290
0
176
1
290
1
176
1
290
1
176
1
290
0
176
1
290
0
176
1
290
0
176
1
290
0
176
1
290
0
176
1
290
0
176
1
 90
50
176
1
 40
0.0
176
1
 40
1.0
176
1
 90
0
176
1
 62
18
420
0
176
1
 90
50
176
1
 90
3
176
1
 62
5
420
255
176
1
290
0
176
1
 90
50
176
1
 90
50
176
1
 90
50
176
1
290
0
176
1
 90
50
176
1
 62
256
176
0
 40
1.0
176
0
 90
2
176
1
  1
strokes_ogs.tif
176
1
290
0
176
1
 40
1.0
176
1
 40
1.0
176
1
  0
VISUALSTYLE
  5
1E6
102
{ACAD_REACTORS
330
EF
102
}
330
EF
100
AcDbVisualStyle
  2
EdgeColorOff
 70
22
177
3
291
1
 70
58
 90
2
176
0
 90
2
176
0
 90
0
176
0
 90
0
176
0
 40
0.6
176
0
 40
30.0
176
0
 62
7
420
16777215
176
0
 90
1
176
0
 90
4
176
0
 62
7
176
0
 62
257
176
0
 90
1
176
0
 90
1
176
0
 40
1.0
176
0
 90
8
176
2
 62
7
176
0
 40
1.0
176
0
 90
1
176
0
 90
6
176
0
 90
2
176
0
 62
7
176
0
 90
5
176
0
 90
0
176
0
 90
0
176
0
290
0
176
0
 90
1
176
0
 40
0.0
176
0
 90
0
176
0
290
0
176
1
290
1
176
1
290
1
176
1
290
0
176
1
290
0
176
1
290
0
176
1
290
0
176
1
290
0
176
1
290
0
176
1
 90
50
176
1
 40
0.0
176
1
 40
1.0
176
1
 90
0
176
1
 62
18
420
0
176
1
 90
50
176
1
 90
3
176
1
 62
5
420
255
176
1
290
0
176
1
 90
50
176
1
 90
50
176
1
 90
50
176
1
290
0
176
1
 90
50
176
1
 62
256
176
0
 40
1.0
176
0
 90
2
176
1
  1
strokes_ogs.tif
176
1
290
0
176
1
 40
1.0
176
1
 40
1.0
176
1
  0
VISUALSTYLE
  5
FE
102
{ACAD_REACTORS
330
EF
102
}
330
EF
100
AcDbVisualStyle
  2
Facepattern
 70
15
177
3
291
1
 70
58
 90
2
176
1
 90
2
176
1
 90
1
176
1
 90
0
176
1
 40
0.6
176
1
 40
30.0
176
1
 62
7
420
16777215
176
1
 90
1
176
1
 90
4
176
1
 62
7
176
1
 62
257
176
1
 90
1
176
1
 90
1
176
1
 40
1.0
176
1
 90
8
176
1
 62
7
176
1
 40
1.0
176
1
 90
1
176
1
 90
6
176
1
 90
2
176
1
 62
7
176
1
 90
5
176
1
 90
0
176
1
 90
0
176
1
290
0
176
1
 90
1
176
1
 40
0.0
176
1
 90
0
176
1
290
0
176
1
290
1
176
1
290
1
176
1
290
0
176
1
290
0
176
1
290
0
176
1
290
0
176
1
290
0
176
1
290
0
176
1
 90
50
176
1
 40
0.0
176
1
 40
1.0
176
1
 90
0
176
1
 62
18
420
0
176
1
 90
50
176
1
 90
3
176
1
 62
5
420
255
176
1
290
0
176
1
 90
50
176
1
 90
50
176
1
 90
50
176
1
290
0
176
1
 90
50
176
1
 62
256
176
0
 40
1.0
176
0
 90
2
176
1
  1
strokes_ogs.tif
176
1
290
0
176
1
 40
1.0
176
1
 40
1.0
176
1
  0
VISUALSTYLE
  5
F0
102
{ACAD_REACTORS
330
EF
102
}
330
EF
100
AcDbVisualStyle
  2
Flat
 70
0
177
3
291
1
 70
58
 90
2
176
1
 90
1
176
1
 90
1
176
1
 90
2
176
1
 40
0.6
176
1
 40
30.0
176
1
 62
7
420
16777215
176
1
 90
0
176
1
 90
0
176
1
 62
7
176
1
 62
257
176
1
 90
1
176
1
 90
1
176
1
 40
1.0
176
1
 90
8
176
1
 62
7
176
1
 40
1.0
176
1
 90
1
176
1
 90
6
176
1
 90
2
176
1
 62
7
176
1
 90
5
176
1
 90
0
176
1
 90
0
176
1
290
0
176
1
 90
13
176
1
 40
0.0
176
1
 90
0
176
1
290
0
176
1
290
1
176
1
290
1
176
1
290
0
176
1
290
0
176
1
290
0
176
1
290
0
176
1
290
0
176
1
290
0
176
1
 90
50
176
1
 40
0.0
176
1
 40
1.0
176
1
 90
0
176
1
 62
18
420
0
176
1
 90
50
176
1
 90
3
176
1
 62
5
420
255
176
1
290
0
176
1
 90
50
176
1
 90
50
176
1
 90
50
176
1
290
0
176
1
 90
50
176
1
 62
256
176
0
 40
1.0
176
0
 90
2
176
1
  1
strokes_ogs.tif
176
1
290
0
176
1
 40
1.0
176
1
 40
1.0
176
1
  0
VISUALSTYLE
  5
F1
102
{ACAD_REACTORS
330
EF
102
}
330
EF
100
AcDbVisualStyle
  2
FlatWithEdges
 70
1
177
3
291
1
 70
58
 90
2
176
1
 90
1
176
1
 90
1
176
1
 90
2
176
1
 40
0.6
176
1
 40
30.0
176
1
 62
7
420
16777215
176
1
 90
1
176
1
 90
0
176
1
 62
7
176
1
 62
257
176
1
 90
1
176
1
 90
1
176
1
 40
1.0
176
1
 90
0
176
1
 62
257
176
1
 40
1.0
176
1
 90
1
176
1
 90
6
176
1
 90
2
176
1
 62
7
176
1
 90
5
176
1
 90
0
176
1
 90
0
176
1
290
0
176
1
 90
13
176
1
 40
0.0
176
1
 90
0
176
1
290
0
176
1
290
1
176
1
290
1
176
1
290
0
176
1
290
0
176
1
290
0
176
1
290
0
176
1
290
0
176
1
290
0
176
1
 90
50
176
1
 40
0.0
176
1
 40
1.0
176
1
 90
0
176
1
 62
18
420
0
176
1
 90
50
176
1
 90
3
176
1
 62
5
420
255
176
1
290
0
176
1
 90
50
176
1
 90
50
176
1
 90
50
176
1
290
0
176
1
 90
50
176
1
 62
256
176
0
 40
1.0
176
0
 90
2
176
1
  1
strokes_ogs.tif
176
1
290
0
176
1
 40
1.0
176
1
 40
1.0
176
1
  0
VISUALSTYLE
  5
F2
102
{ACAD_REACTORS
330
EF
102
}
330
EF
100
AcDbVisualStyle
  2
Gouraud
 70
2
177
3
291
1
 70
58
 90
2
176
1
 90
2
176
1
 90
1
176
1
 90
2
176
1
 40
0.6
176
1
 40
30.0
176
1
 62
7
420
16777215
176
1
 90
0
176
1
 90
0
176
1
 62
7
176
1
 62
257
176
1
 90
1
176
1
 90
1
176
1
 40
1.0
176
1
 90
0
176
1
 62
7
176
1
 40
1.0
176
1
 90
1
176
1
 90
6
176
1
 90
2
176
1
 62
7
176
1
 90
5
176
1
 90
0
176
1
 90
0
176
1
290
0
176
1
 90
13
176
1
 40
0.0
176
1
 90
0
176
1
290
0
176
1
290
1
176
1
290
1
176
1
290
0
176
1
290
0
176
1
290
0
176
1
290
0
176
1
290
0
176
1
290
0
176
1
 90
50
176
1
 40
0.0
176
1
 40
1.0
176
1
 90
0
176
1
 62
18
420
0
176
1
 90
50
176
1
 90
3
176
1
 62
5
420
255
176
1
290
0
176
1
 90
50
176
1
 90
50
176
1
 90
50
176
1
290
0
176
1
 90
50
176
1
 62
256
176
0
 40
1.0
176
0
 90
2
176
1
  1
strokes_ogs.tif
176
1
290
0
176
1
 40
1.0
176
1
 40
1.0
176
1
  0
VISUALSTYLE
  5
F3
102
{ACAD_REACTORS
330
EF
102
}
330
EF
100
AcDbVisualStyle
  2
GouraudWithEdges
 70
3
177
3
291
1
 70
58
 90
2
176
1
 90
2
176
1
 90
1
176
1
 90
2
176
1
 40
0.6
176
1
 40
30.0
176
1
 62
7
420
16777215
176
1
 90
1
176
1
 90
0
176
1
 62
7
176
1
 62
257
176
1
 90
1
176
1
 90
1
176
1
 40
1.0
176
1
 90
0
176
1
 62
257
176
1
 40
1.0
176
1
 90
1
176
1
 90
6
176
1
 90
2
176
1
 62
7
176
1
 90
5
176
1
 90
0
176
1
 90
0
176
1
290
0
176
1
 90
13
176
1
 40
0.0
176
1
 90
0
176
1
290
0
176
1
290
1
176
1
290
1
176
1
290
0
176
1
290
0
176
1
290
0
176
1
290
0
176
1
290
0
176
1
290
0
176
1
 90
50
176
1
 40
0.0
176
1
 40
1.0
176
1
 90
0
176
1
 62
18
420
0
176
1
 90
50
176
1
 90
3
176
1
 62
5
420
255
176
1
290
0
176
1
 90
50
176
1
 90
50
176
1
 90
50
176
1
290
0
176
1
 90
50
176
1
 62
256
176
0
 40
1.0
176
0
 90
2
176
1
  1
strokes_ogs.tif
176
1
290
0
176
1
 40
1.0
176
1
 40
1.0
176
1
  0
VISUALSTYLE
  5
F7
102
{ACAD_REACTORS
330
EF
102
}
330
EF
100
AcDbVisualStyle
  2
Hidden
 70
6
177
3
291
0
 70
58
 90
1
176
1
 90
2
176
1
 90
2
176
1
 90
0
176
1
 40
0.6
176
1
 40
30.0
176
1
 62
7
420
16777215
176
1
 90
2
176
1
 90
2
176
1
 62
7
176
1
 62
257
176
1
 90
2
176
1
 90
1
176
1
 40
40.0
176
1
 90
0
176
1
 62
257
176
1
 40
1.0
176
1
 90
1
176
1
 90
6
176
1
 90
2
176
1
 62
7
176
1
 90
3
176
1
 90
0
176
1
 90
0
176
1
290
0
176
1
 90
1
176
1
 40
0.0
176
1
 90
0
176
1
290
0
176
1
290
1
176
1
290
1
176
1
290
0
176
1
290
0
176
1
290
0
176
1
290
0
176
1
290
0
176
1
290
0
176
1
 90
50
176
1
 40
0.0
176
1
 40
1.0
176
1
 90
0
176
1
 62
18
420
0
176
1
 90
50
176
1
 90
3
176
1
 62
5
420
255
176
1
290
0
176
1
 90
50
176
1
 90
50
176
1
 90
50
176
1
290
0
176
1
 90
50
176
1
 62
256
176
0
 40
1.0
176
0
 90
2
176
1
  1
strokes_ogs.tif
176
1
290
0
176
1
 40
1.0
176
1
 40
1.0
176
1
  0
VISUALSTYLE
  5
1E4
102
{ACAD_REACTORS
330
EF
102
}
330
EF
100
AcDbVisualStyle
  2
JitterOff
 70
20
177
3
291
1
 70
58
 90
2
176
0
 90
2
176
0
 90
0
176
0
 90
0
176
0
 40
0.6
176
0
 40
30.0
176
0
 62
7
420
16777215
176
0
 90
1
176
0
 90
4
176
0
 62
7
176
0
 62
257
176
0
 90
1
176
0
 90
1
176
0
 40
1.0
176
0
 90
10
176
2
 62
7
176
0
 40
1.0
176
0
 90
1
176
0
 90
6
176
0
 90
2
176
0
 62
7
176
0
 90
5
176
0
 90
0
176
0
 90
0
176
0
290
0
176
0
 90
1
176
0
 40
0.0
176
0
 90
0
176
0
290
0
176
1
290
1
176
1
290
1
176
1
290
0
176
1
290
0
176
1
290
0
176
1
290
0
176
1
290
0
176
1
290
0
176
1
 90
50
176
1
 40
0.0
176
1
 40
1.0
176
1
 90
0
176
1
 62
18
420
0
176
1
 90
50
176
1
 90
3
176
1
 62
5
420
255
176
1
290
0
176
1
 90
50
176
1
 90
50
176
1
 90
50
176
1
290
0
176
1
 90
50
176
1
 62
256
176
0
 40
1.0
176
0
 90
2
176
1
  1
strokes_ogs.tif
176
1
290
0
176
1
 40
1.0
176
1
 40
1.0
176
1
  0
VISUALSTYLE
  5
FD
102
{ACAD_REACTORS
330
EF
102
}
330
EF
100
AcDbVisualStyle
  2
Linepattern
 70
14
177
3
291
1
 70
58
 90
2
176
1
 90
2
176
1
 90
1
176
1
 90
0
176
1
 40
0.6
176
1
 40
30.0
176
1
 62
7
420
16777215
176
1
 90
1
176
1
 90
4
176
1
 62
7
176
1
 62
257
176
1
 90
7
176
1
 90
7
176
1
 40
1.0
176
1
 90
8
176
1
 62
7
176
1
 40
1.0
176
1
 90
1
176
1
 90
6
176
1
 90
2
176
1
 62
7
176
1
 90
5
176
1
 90
0
176
1
 90
0
176
1
290
0
176
1
 90
1
176
1
 40
0.0
176
1
 90
0
176
1
290
0
176
1
290
1
176
1
290
1
176
1
290
0
176
1
290
0
176
1
290
0
176
1
290
0
176
1
290
0
176
1
290
0
176
1
 90
50
176
1
 40
0.0
176
1
 40
1.0
176
1
 90
0
176
1
 62
18
420
0
176
1
 90
50
176
1
 90
3
176
1
 62
5
420
255
176
1
290
0
176
1
 90
50
176
1
 90
50
176
1
 90
50
176
1
290
0
176
1
 90
50
176
1
 62
256
176
0
 40
1.0
176
0
 90
2
176
1
  1
strokes_ogs.tif
176
1
290
0
176
1
 40
1.0
176
1
 40
1.0
176
1
  0
VISUALSTYLE
  5
1E5
102
{ACAD_REACTORS
330
EF
102
}
330
EF
100
AcDbVisualStyle
  2
OverhangOff
 70
21
177
3
291
1
 70
58
 90
2
176
0
 90
2
176
0
 90
0
176
0
 90
0
176
0
 40
0.6
176
0
 40
30.0
176
0
 62
7
420
16777215
176
0
 90
1
176
0
 90
4
176
0
 62
7
176
0
 62
257
176
0
 90
1
176
0
 90
1
176
0
 40
1.0
176
0
 90
9
176
2
 62
7
176
0
 40
1.0
176
0
 90
1
176
0
 90
6
176
0
 90
2
176
0
 62
7
176
0
 90
5
176
0
 90
0
176
0
 90
0
176
0
290
0
176
0
 90
1
176
0
 40
0.0
176
0
 90
0
176
0
290
0
176
1
290
1
176
1
290
1
176
1
290
0
176
1
290
0
176
1
290
0
176
1
290
0
176
1
290
0
176
1
290
0
176
1
 90
50
176
1
 40
0.0
176
1
 40
1.0
176
1
 90
0
176
1
 62
18
420
0
176
1
 90
50
176
1
 90
3
176
1
 62
5
420
255
176
1
290
0
176
1
 90
50
176
1
 90
50
176
1
 90
50
176
1
290
0
176
1
 90
50
176
1
 62
256
176
0
 40
1.0
176
0
 90
2
176
1
  1
strokes_ogs.tif
176
1
290
0
176
1
 40
1.0
176
1
 40
1.0
176
1
  0
VISUALSTYLE
  5
F9
102
{ACAD_REACTORS
330
EF
102
}
330
EF
100
AcDbVisualStyle
  2
Realistic
 70
8
177
3
291
0
 70
58
 90
2
176
1
 90
3
176
1
 90
0
176
1
 90
2
176
1
 40
0.6
176
1
 40
30.0
176
1
 62
7
420
16777215
176
1
 90
0
176
1
 90
0
176
1
 62
7
176
1
 62
257
176
1
 90
1
176
1
 90
1
176
1
 40
1.0
176
1
 90
8
176
1
 62
257
176
1
 40
1.0
176
1
 90
1
176
1
 90
6
176
1
 90
2
176
1
 62
7
176
1
 90
3
176
1
 90
0
176
1
 90
0
176
1
290
0
176
1
 90
13
176
1
 40
0.0
176
1
 90
0
176
1
290
0
176
1
290
1
176
1
290
1
176
1
290
0
176
1
290
0
176
1
290
0
176
1
290
0
176
1
290
0
176
1
290
0
176
1
 90
50
176
1
 40
0.0
176
1
 40
1.0
176
1
 90
0
176
1
 62
18
420
0
176
1
 90
50
176
1
 90
3
176
1
 62
5
420
255
176
1
290
0
176
1
 90
50
176
1
 90
50
176
1
 90
50
176
1
290
0
176
1
 90
50
176
1
 62
256
176
0
 40
1.0
176
0
 90
2
176
1
  1
strokes_ogs.tif
176
1
290
0
176
1
 40
1.0
176
1
 40
1.0
176
1
  0
VISUALSTYLE
  5
1F3
102
{ACAD_REACTORS
330
EF
102
}
330
EF
100
AcDbVisualStyle
  2
Shaded
 70
27
177
3
291
0
 70
58
 90
2
176
1
 90
2
176
1
 90
1
176
1
 90
2
176
1
 40
0.6
176
1
 40
30.0
176
1
 62
7
420
16777215
176
1
 90
0
176
1
 90
4
176
1
 62
7
176
1
 62
257
176
1
 90
1
176
1
 90
1
176
1
 40
1.0
176
1
 90
8
176
1
 62
257
176
1
 40
1.0
176
1
 90
1
176
1
 90
6
176
1
 90
2
176
1
 62
8
420
7895160
176
1
 90
3
176
1
 90
0
176
1
 90
0
176
1
290
0
176
1
 90
5
176
1
 40
0.0
176
1
 90
0
176
1
290
0
176
1
290
1
176
1
290
1
176
1
290
0
176
1
290
0
176
1
290
0
176
1
290
0
176
1
290
0
176
1
290
0
176
1
 90
50
176
1
 40
0.0
176
1
 40
1.0
176
1
 90
0
176
1
 62
18
420
0
176
1
 90
50
176
1
 90
3
176
1
 62
5
420
255
176
1
290
0
176
1
 90
50
176
1
 90
50
176
1
 90
50
176
1
290
0
176
1
 90
50
176
1
 62
256
176
0
 40
1.0
176
0
 90
2
176
1
  1
strokes_ogs.tif
176
1
290
0
176
1
 40
1.0
176
1
 40
1.0
176
1
  0
VISUALSTYLE
  5
1F2
102
{ACAD_REACTORS
330
EF
102
}
330
EF
100
AcDbVisualStyle
  2
Shaded with edges
 70
26
177
3
291
0
 70
58
 90
2
176
1
 90
2
176
1
 90
1
176
1
 90
2
176
1
 40
0.6
176
1
 40
30.0
176
1
 62
7
420
16777215
176
1
 90
1
176
1
 90
2
176
1
 62
7
176
1
 62
257
176
1
 90
2
176
1
 90
1
176
1
 40
1.0
176
1
 90
8
176
1
 62
257
176
1
 40
1.0
176
1
 90
1
176
1
 90
6
176
1
 90
2
176
1
 62
7
176
1
 90
3
176
1
 90
0
176
1
 90
0
176
1
290
0
176
1
 90
5
176
1
 40
0.0
176
1
 90
0
176
1
290
0
176
1
290
1
176
1
290
1
176
1
290
0
176
1
290
0
176
1
290
0
176
1
290
0
176
1
290
0
176
1
290
0
176
1
 90
50
176
1
 40
0.0
176
1
 40
1.0
176
1
 90
0
176
1
 62
18
420
0
176
1
 90
50
176
1
 90
3
176
1
 62
5
420
255
176
1
290
0
176
1
 90
50
176
1
 90
50
176
1
 90
50
176
1
290
0
176
1
 90
50
176
1
 62
256
176
0
 40
1.0
176
0
 90
2
176
1
  1
strokes_ogs.tif
176
1
290
0
176
1
 40
1.0
176
1
 40
1.0
176
1
  0
VISUALSTYLE
  5
1EF
102
{ACAD_REACTORS
330
EF
102
}
330
EF
100
AcDbVisualStyle
  2
Shades of Gray
 70
23
177
3
291
0
 70
58
 90
2
176
1
 90
2
176
1
 90
3
176
1
 90
0
176
1
 40
0.6
176
1
 40
30.0
176
1
 62
7
420
16777215
176
1
 90
2
176
1
 90
2
176
1
 62
7
176
1
 62
7
176
1
 90
1
176
1
 90
1
176
1
 40
40.0
176
1
 90
8
176
1
 62
7
176
1
 40
1.0
176
1
 90
1
176
1
 90
6
176
1
 90
2
176
1
 62
7
176
1
 90
3
176
1
 90
0
176
1
 90
0
176
1
290
0
176
1
 90
1
176
1
 40
0.0
176
1
 90
0
176
1
290
0
176
1
290
1
176
1
290
1
176
1
290
0
176
1
290
0
176
1
290
0
176
1
290
0
176
1
290
0
176
1
290
0
176
1
 90
50
176
1
 40
0.0
176
1
 40
1.0
176
1
 90
0
176
1
 62
18
420
0
176
1
 90
50
176
1
 90
3
176
1
 62
5
420
255
176
1
290
0
176
1
 90
50
176
1
 90
50
176
1
 90
50
176
1
290
0
176
1
 90
50
176
1
 62
256
176
0
 40
1.0
176
0
 90
2
176
1
  1
strokes_ogs.tif
176
1
290
0
176
1
 40
1.0
176
1
 40
1.0
176
1
  0
VISUALSTYLE
  5
1F0
102
{ACAD_REACTORS
330
EF
102
}
330
EF
100
AcDbVisualStyle
  2
Sketchy
 70
24
177
3
291
0
 70
58
 90
1
176
1
 90
2
176
1
 90
2
176
1
 90
0
176
1
 40
0.6
176
1
 40
30.0
176
1
 62
7
420
16777215
176
1
 90
2
176
1
 90
2
176
1
 62
7
176
1
 62
7
176
1
 90
1
176
1
 90
1
176
1
 40
40.0
176
1
 90
11
176
1
 62
7
176
1
 40
1.0
176
1
 90
1
176
1
 90
6
176
1
 90
2
176
1
 62
7
176
1
 90
6
176
1
 90
0
176
1
 90
0
176
1
290
0
176
1
 90
1
176
1
 40
0.0
176
1
 90
0
176
1
290
0
176
1
290
1
176
1
290
1
176
1
290
0
176
1
290
0
176
1
290
0
176
1
290
0
176
1
290
0
176
1
290
0
176
1
 90
50
176
1
 40
0.0
176
1
 40
1.0
176
1
 90
0
176
1
 62
18
420
0
176
1
 90
50
176
1
 90
3
176
1
 62
5
420
255
176
1
290
0
176
1
 90
50
176
1
 90
50
176
1
 90
50
176
1
290
0
176
1
 90
50
176
1
 62
256
176
0
 40
1.0
176
0
 90
2
176
1
  1
strokes_ogs.tif
176
1
290
0
176
1
 40
1.0
176
1
 40
1.0
176
1
  0
VISUALSTYLE
  5
FC
102
{ACAD_REACTORS
330
EF
102
}
330
EF
100
AcDbVisualStyle
  2
Thicken
 70
13
177
3
291
1
 70
58
 90
2
176
1
 90
2
176
1
 90
1
176
1
 90
0
176
1
 40
0.6
176
1
 40
30.0
176
1
 62
7
420
16777215
176
1
 90
1
176
1
 90
4
176
1
 62
7
176
1
 62
257
176
1
 90
1
176
1
 90
1
176
1
 40
1.0
176
1
 90
12
176
1
 62
7
176
1
 40
1.0
176
1
 90
1
176
1
 90
6
176
1
 90
2
176
1
 62
7
176
1
 90
5
176
1
 90
0
176
1
 90
0
176
1
290
0
176
1
 90
1
176
1
 40
0.0
176
1
 90
0
176
1
290
0
176
1
290
1
176
1
290
1
176
1
290
0
176
1
290
0
176
1
290
0
176
1
290
0
176
1
290
0
176
1
290
0
176
1
 90
50
176
1
 40
0.0
176
1
 40
1.0
176
1
 90
0
176
1
 62
18
420
0
176
1
 90
50
176
1
 90
3
176
1
 62
5
420
255
176
1
290
0
176
1
 90
50
176
1
 90
50
176
1
 90
50
176
1
290
0
176
1
 90
50
176
1
 62
256
176
0
 40
1.0
176
0
 90
2
176
1
  1
strokes_ogs.tif
176
1
290
0
176
1
 40
1.0
176
1
 40
1.0
176
1
  0
VISUALSTYLE
  5
F6
102
{ACAD_REACTORS
330
EF
102
}
330
EF
100
AcDbVisualStyle
  2
Wireframe
 70
5
177
3
291
0
 70
58
 90
0
176
1
 90
2
176
1
 90
0
176
1
 90
0
176
1
 40
0.6
176
1
 40
30.0
176
1
 62
7
420
16777215
176
1
 90
1
176
1
 90
4
176
1
 62
7
176
1
 62
257
176
1
 90
1
176
1
 90
1
176
1
 40
1.0
176
1
 90
0
176
1
 62
257
176
1
 40
1.0
176
1
 90
1
176
1
 90
6
176
1
 90
2
176
1
 62
7
176
1
 90
3
176
1
 90
0
176
1
 90
0
176
1
290
0
176
1
 90
1
176
1
 40
0.0
176
1
 90
0
176
1
290
0
176
1
290
1
176
1
290
1
176
1
290
0
176
1
290
0
176
1
290
0
176
1
290
0
176
1
290
0
176
1
290
0
176
1
 90
50
176
1
 40
0.0
176
1
 40
1.0
176
1
 90
0
176
1
 62
18
420
0
176
1
 90
50
176
1
 90
3
176
1
 62
5
420
255
176
1
290
0
176
1
 90
50
176
1
 90
50
176
1
 90
50
176
1
290
0
176
1
 90
50
176
1
 62
256
176
0
 40
1.0
176
0
 90
2
176
1
  1
strokes_ogs.tif
176
1
290
0
176
1
 40
1.0
176
1
 40
1.0
176
1
  0
VISUALSTYLE
  5
1F1
102
{ACAD_REACTORS
330
EF
102
}
330
EF
100
AcDbVisualStyle
  2
X-Ray
 70
25
177
3
291
0
 70
58
 90
2
176
1
 90
2
176
1
 90
1
176
1
 90
1
176
1
 40
0.5
176
1
 40
30.0
176
1
 62
7
420
16777215
176
1
 90
1
176
1
 90
0
176
1
 62
7
176
1
 62
257
176
1
 90
1
176
1
 90
1
176
1
 40
1.0
176
1
 90
8
176
1
 62
7
176
1
 40
1.0
176
1
 90
1
176
1
 90
6
176
1
 90
2
176
1
 62
7
176
1
 90
3
176
1
 90
0
176
1
 90
0
176
1
290
0
176
1
 90
13
176
1
 40
0.0
176
1
 90
0
176
1
290
0
176
1
290
1
176
1
290
1
176
1
290
0
176
1
290
0
176
1
290
0
176
1
290
0
176
1
290
0
176
1
290
0
176
1
 90
50
176
1
 40
0.0
176
1
 40
1.0
176
1
 90
0
176
1
 62
18
420
0
176
1
 90
50
176
1
 90
3
176
1
 62
5
420
255
176
1
290
0
176
1
 90
50
176
1
 90
50
176
1
 90
50
176
1
290
0
176
1
 90
50
176
1
 62
256
176
0
 40
1.0
176
0
 90
2
176
1
  1
strokes_ogs.tif
176
1
290
0
176
1
 40
1.0
176
1
 40
1.0
176
1
  0
DICTIONARYVAR
  5
146
102
{ACAD_REACTORS
330
5E
102
}
330
5E
100
DictionaryVariables
280
0
  1
1:1
  0
DICTIONARYVAR
  5
259
102
{ACAD_REACTORS
330
5E
102
}
330
5E
100
DictionaryVariables
280
0
  1
3.500000
  0
DICTIONARYVAR
  5
25A
102
{ACAD_REACTORS
330
5E
102
}
330
5E
100
DictionaryVariables
280
0
  1
acadiso.lin
  0
DICTIONARYVAR
  5
145
102
{ACAD_REACTORS
330
5E
102
}
330
5E
100
DictionaryVariables
280
0
  1
STANDARD
  0
DICTIONARYVAR
  5
84
102
{ACAD_REACTORS
330
5E
102
}
330
5E
100
DictionaryVariables
280
0
  1
STANDARD
  0
DICTIONARYVAR
  5
227
102
{ACAD_REACTORS
330
5E
102
}
330
5E
100
DictionaryVariables
280
0
  1
Metric50
  0
DICTIONARYVAR
  5
228
102
{ACAD_REACTORS
330
5E
102
}
330
5E
100
DictionaryVariables
280
0
  1
Metric50
  0
DICTIONARYVAR
  5
5F
102
{ACAD_REACTORS
330
5E
102
}
330
5E
100
DictionaryVariables
280
0
  1
2
  0
DICTIONARYVAR
  5
63
102
{ACAD_REACTORS
330
5E
102
}
330
5E
100
DictionaryVariables
280
0
  1
1
  0
DICTIONARYVAR
  5
1AE
102
{ACAD_REACTORS
330
5E
102
}
330
5E
100
DictionaryVariables
280
0
  1
0
  0
DICTIONARYVAR
  5
1AF
102
{ACAD_REACTORS
330
5E
102
}
330
5E
100
DictionaryVariables
280
0
  1
0
  0
ACDBASSOCNETWORK
  5
6C5
102
{ACAD_REACTORS
330
6C4
102
}
330
6C4
100
AcDbAssocAction
 90
2
 90
0
330
592
360
0
 90
2
 90
0
 90
0
 90
0
 90
0
 90
0
 90
0
100
AcDbAssocNetwork
 90
0
 90
22
 90
2
360
608
360
610
 90
0
  0
DICTIONARY
  5
205
330
22
100
AcDbDictionary
281
1
  0
DICTIONARY
  5
1F9
330
ED
100
AcDbDictionary
281
1
  3
FBXASSET
360
1FA
  0
DICTIONARY
  5
1F7
330
EC
100
AcDbDictionary
281
1
  3
FBXASSET
360
1F8
  0
DICTIONARY
  5
173
330
EE
100
AcDbDictionary
281
1
  3
BUMPTILE
360
175
  3
DIFFUSETILE
360
174
  3
FBXASSET
360
1FB
  3
OPACITYTILE
360
176
  3
REFLECTIONTILE
360
177
  0
DICTIONARY
  5
162
330
7F
100
AcDbDictionary
281
1
  3
ACAD_ROUNDTRIP_2008_TABLESTYLE_CELLSTYLEMAP
360
7B0
  0
ACDBASSOCACTION
  5
608
330
6C5
100
AcDbAssocAction
 90
2
 90
0
330
6C5
360
609
 90
22
 90
3
 90
3
360
60A
360
60B
360
60C
 90
0
 90
3
360
60D
360
60E
360
60F
 90
0
 90
10
 90
0
  1
FillAngle
 90
2
 90
1
 40
6.283185307179586
330
0
330
0
 90
0
  1
ItemSpacing
 90
2
 90
1
 40
1.047197551196597
330
0
330
0
 90
0
  1
Items
 90
0
 90
1
 90
6
330
0
330
0
 90
0
  1
LevelSpacing
 90
1
 90
1
 40
1.0
330
0
330
0
 90
0
  1
Levels
 90
0
 90
1
 90
1
330
0
330
0
 90
0
  1
RowElevation
 90
1
 90
1
 40
0.0
330
0
330
0
 90
0
  1
RowSpacing
 90
1
 90
1
 40
9.171195652173083
330
0
330
0
 90
0
  1
Rows
 90
0
 90
1
 90
1
330
0
330
0
 90
0
  1
Radius
 90
1
 90
1
 40
133.1191017595711
330
0
330
0
 90
0
  1
StartAngle
 90
2
 90
1
 40
4.712388980374031
330
0
330
0
  0
ACDBASSOCACTION
  5
610
330
6C5
100
AcDbAssocAction
 90
2
 90
0
330
6C5
360
611
 90
3
 90
3
 90
3
360
612
360
613
360
614
 90
0
 90
3
360
615
360
616
360
617
 90
0
 90
10
 90
0
  1
FillAngle
 90
2
 90
1
 40
6.283185307179585
330
0
330
0
 90
0
  1
ItemSpacing
 90
2
 90
1
 40
1.047197551196597
330
0
330
0
 90
0
  1
Items
 90
0
 90
1
 90
6
330
0
330
0
 90
0
  1
LevelSpacing
 90
1
 90
1
 40
1.137931034482758
330
0
330
0
 90
0
  1
Levels
 90
0
 90
1
 90
1
330
0
330
0
 90
0
  1
RowElevation
 90
1
 90
1
 40
0.0
330
0
330
0
 90
0
  1
RowSpacing
 90
1
 90
1
 40
12.80172417210896
330
0
330
0
 90
0
  1
Rows
 90
0
 90
1
 90
1
330
0
330
0
 90
0
  1
Radius
 90
1
 90
1
 40
156.296631451371
330
0
330
0
 90
0
  1
StartAngle
 90
2
 90
1
 40
1.570796326790658
330
0
330
0
  0
XRECORD
  5
1FA
102
{ACAD_REACTORS
330
1F9
102
}
330
1F9
100
AcDbXrecord
280
1
 70
1
 90
429727718
  1
D62C5603-E3A1-4AEA-B7FB-FE5D8D0755AF
310
504B03040A0000080000CC70623B3DEE336E79000000790000001B0000006175746F6465736B2D64657369676E2D7061636B6167652E786D6C3C3F786D6C2076657273696F6E3D22312E302220656E636F64696E673D227574662D3822203F3E3C666F726D6174733E3C666F726D61743E687474703A2F2F736368656D612E
310
6175746F6465736B2E636F6D2F64657369676E2D7061636B6167652F323030393C2F666F726D61743E3C2F666F726D6174733E504B0304140006080800CC70623BD486FD9CA0000000F4000000130000005B436F6E74656E745F54797065735D2E786D6C7D8EC10E82300C865F65E91D8A1E8C310C0EEA1BF002731658846E
310
D98AC1B77784ABF1D8FE5FBFBF75BBCE937A534CCEB38643598122B6FEE978D0B0485F9C41B54DDD7D022595594E1A469170414C76A4D9A4D207E29CF43ECE46F218070CC6BECC4078ACAA135ACF422C856C0E68EA1BF5669944DDD7BCDE7B1F8E415D77AECB980613C2E4AC91FC167A2B244592486606FC29C8FD7F045B9A
310
EF7053A7E60B504B0304140006080800CC70623B853B8169EB0000007C01000008000000636F72652E786D6C8D90416EC3201045AF62CDB6C206821CC7C244919D9CA01740401C94182C03558F5F9C3852BBEB6A467FFE9B197D7EFC9E1EC5975982F5AE035262288C535E5B377690E21535501C055FBC8FBF6C503839990E
310
5619041F179FE64D52DE45E362569DD7661365082642A11EB9E920A89B99642953CC8E702F67A9EE7234257977194EC9EAE275C4EABCCF5EAD5940D4AC6F0E35A568B8F43562CD7046CD199FD07E60174276A7BE677B5EADB0E0D14EEFFB6A31321A0D82627C4084204C3F096B71DD52F6819B16635EADF63F509AF53FA164
310
5DDCD1EDDD17164090FCC8732078B56691CB33A85CD7DCC40F504B0304140006080800CC70623B55019EA25F0000007C00000007000000636E782E786D6C4DCB3B0E80201045D1AD90E915ED2CF8AC45050C11660C8261F98AB1B07AC9C97D42D718D865D3E909258CFD00CCE24AC6E326A164D74DC0B4128928FF32603847
310
2BA13128B1252AC747C6BAB984FC68F0B87FE8960A5C09FE86CFB69FBA01504B0304140006080800CC70623BDBABAAF470010000D40300000C0000006662782F636F72652E786D6CC553D16E823014FD95A6AF4B694182CC941A83FA05FB810A9511A125A5257EFE2E82712ECEB8A7F100CD39F7F69E734AF9FADC366850B6
310
AF8DCE7018308C942E4C59EB2AC3DE1D498AD15A706B8CFB56869196ADCAF00863C12B6B7C374385D14E6907A836A59A41D9F7CA615434B0C8705F7CAA5606D23BA8E84F41278B93AC54100640439DE0BDB320004D43C63716C7C399D30917DCFBBA9CD9BA8469F5B156168B24CED3F7248AC8769F27244EB73B92EED8862C
310
B7F13E0C179B3C8F979C8ECD82BBBABDAA2BAC924E9558448CBD9330242CFA08E3154B5651FCC6D215639C8EE5774DBE2B5F6CF2B5768B68963BB5F5588420E442FC700B1139D4CB01F450C1E918227C2E09DF070D8140C84E1E9AAB8F1340832A9CB13130A5F1376A908D57309505ECF2A0DF179C4E9D30F5B239B87E3823
310
7A79C6F31DE1A8A5AEC08474B03C7837EAE4938639B44E5932B833D2C6B6B279CDC613877FA26EE21F4A2A4C63EC7F29A2F301D1F9F7A0E37D145F504B0304140006080800CC70623B9C113CC27E0000009D0000000B0000006662782F636E782E786D6C4DCCDF0A83201C86E15B91DFB94BFB330DD428C8FB886521330DA7
310
6397BF1A1DECE883878F57749FCDA1B7892F1BBC047A23808C7F84D9FA55424E0BE6803A256208E9EF06C84F9B91703228B1C690F78B66B34CD9A5439DF5CF0BFBF65E35BCA1B8D6A5C6F540381E886698B5741C695F9503EBA150A2F8958E3DC3EA0B504B0304140006080800CC70623B7DF2F77C2A010000120200003100
310
00006662782F41393633353835312D344632462D344230382D423046372D3739314545314133324237412F636F72652E786D6C8D51DB8EC22014FC15C2939B0D2DB4B45643319AE817EC0F6041255A68B86CFCFC856D4D76DF7CE190393373060EDB3DC707F856CE6B6B7A480A0C81328395DA5C7B18C3057510EC3873D686
310
3F34088C18550F330C39BB3A1BA7051AAC09CA84841A2BD5020AEF55806078A44B0FFD7053A328440C89E1EFC52486BBB8AA8214A99D789CF9E05200300FC927E4FB4D5B375D43103D5527440FB843077C5AA3F5861C8F645F5787F59E95B390B318B55CE45AA638FAA2957BD7248B390B7A7CC51F9C124149C82B8C378810
310
84AB2F42B7B8DD56F413775B8C5999E9FF4471926F8AA236A1AE96B8B3CC434E5839373893369E1FAF30EA395917409EB7F26AF8801C171837A4A6AC9C89E9F9C9B1A58BA30FD6A5EF5DDDCF894B9AD9B6A59C957943A9FCAE2FD5BC4DFE03504B0304140006080800CC70623BAD7543B64E01000033030000300000006662
310
782F41393633353835312D344632462D344230382D423046372D3739314545314133324237412F636E782E786D6CD593CD6EC32010845F0571AD6CE3D48AD20813A9873E410FBD12D82434182C7EAAE6EDBB2424CD25871E7B41D6EC30B3FA84F9E67BB2E40B4234DE8DB46F1925E094D7C6ED479AD3AE5951B2113C789FEE
310
6C943839C1488B4C05DF079FE72A69D8C96C13AAD6B8631503449F83828872B949AC57D26200B826A308D316B4064D6E46FCDA41C05550DC9E483A00797BFD207EFB092A45DE9514C1BBD22178396BD39D891265658C238DEA00936C654E5E433CB65A26D9F6EDB5EBC14EBF49A45CB856E66048291F6939A9A81BB5C89177
310
38143CA680F4AA299D66A042CEB3354A2684DC9D8D178FE0D9B8B41CAAD720F880EE7EF93C0C18769E099ECC04D5A102C8049A8A05632F4DDF376CF1DE0F6BB65C2F8627B65A33C6BB62177CEBBDAD973006829F89F22E814B54F4BC2BE347F8AA8F681390B50FA73F804400B5F542E796F19FF974E7F78DB802FE05E20750
310
4B0304140006080800CC70623BE75B7789680500003C100000340000006662782F41393633353835312D344632462D344230382D423046372D3739314545314133324237412F6F626A656374732E786D6CAD575B8F9B3818FD2B887D06C22499CB8AA1CA655245D5B455A356FB305264C061D8018C6C3393D95FBFC7600890
310
A4CD5EF210B0B1BFEBF98E3F7B1FF6596ABC522E1296DF9BAE3D320D9A872C4AF2F8DE2CE5CEBA358D0FBEC719939D65A691938CDE9B6ADAF4BD98B3B2D05311DD91329583D9D5FC0F438434A7A611A644887B5384CF34233629258BA878B12322891DEFF6B66BD70BFB62634E8AE781D082709A4B588AF91C528CDA28B73F
310
1C998EEF39EABBEFA97FBD6A7C7E9553F9D3D79FE442923C3C523610337627CB87ABE99D359D4CC6D6E4FACAB5E6ABF9D2726FC6A3C5F56271377BB88362213924694B38DD99FE47C48627A1E7D49F5A8BB5E1A74C0A599ED3B0F21F1E56366B89112D681E218F0915D0D6F17AD41FBA2A369DCF6335D62ABBD39779D5DDD1
310
11D4D8DE3CBB96B2E04FB8202E41051754A1AA8E8F76B4C6DFE810B580B1547F4B84911149794252234D024EF8BBE963A95AE27B3D310A9D5C215C7960FAEE415ED75694C6AFB17BCACA5D99A60A9AA65F217B0BFC53292ACB92BF283FAD0D3621576592CB5BED907C2FA8E9DF794E35E97BEA31BED21FEB401ABB94C44839
310
DCACBF0E1C5DA8DA5B2F4DFFD32AD86F543D9E565E7056502E157C00AD2671CD534549AB752FCA9CDA00677A313F04E51B22FF19E57B300579E3C97EB29F682D92935CEC18CF901B7B54FD8C51F362B56FC72FE0B3C1EAE335EDCCBF5AEC39ADB17DC238973F804BA5E6F6BFE7AF1FB32E523BE9F3BD571418E3631DCA4D48
310
5250CF639223210A9446CA30052EDF057BD35F8329C1ECD84552BF0DC8D18BE7BCE23BFE6BD960AB4A7DE79923A103BEBD80F911CBAA2C60DB19B01CF164A5583B772EE6D3FFA56666CBCDA74DC97724A48F9A58967497E489C4D979006FD7A05E227A1EBDD0F737C623387A9C844D3709995625106D157315F8B8392CD4E0
310
A0B9A720C4BE9829CEF37EA1E13111214D53925356365ADA634861B52519DD27A00AEB808EAF0628E6F435519D446F45CF2C9CF5214F0A15B2F6D06B79DA3EE3CBF7F56780D2F4E7EF73A0F5E5B02A38D07DC852C6B7C1FBB6664213E0C39E3EBA7FF4E1AD23EA2829407C85E586727488B751B2DB9502BC7B228A3FD68B6E
310
A65A22397E690AA8D158D7E404EC8CDA235CC3B7D1898680131CEC2CDF2638C65196279577750F15884AEE19F94199155B92B13297978469D4F8D358DF0AEF7631E28DC8F0D9F437D5D39A83B2231A1D52D543813A824EF8D44BCFF2FA6A31BD1E8DAD87F1CCB526B3879935BF59CDADD5C37479BB1CDD4CA7B3556B516589
310
EF352754B706114D9C885EC9131DE6EFEB43D99AFE2391C2F958179413D7CFEF6B1B6DB1E7600F00DE6E5C67454A339A4BA2E0FBA85ED26F045D454F463DBFCE484C2F90F2E5E3666003662ED8F755951A7D1BECD5B30B550B2785C8E7320B7292A4838DDA71BBC863ED7613CAF659337A3354231D4FF4A182A54904C2898C
310
98B28C4AD0CE056CCF332A80986E571EE9DBC305BB5FEB7E509220A58D25CF042D712A806AC0AD0C657FDEF80D2D9CEAA2EE4D1C76F60BFE74219A06527D6F82DF6412526107381E55E353090704D085B52408A8913C4ED159D79BDA71BB4BC506F4831350EB6F975CD22D69BF7AC49B91A2C0A9DDA3D5CA36AD20FC478E37
310
E61844E2352865EBCB61A275A65283CAAA9DD27703B4102F5AF51EF5F573B75CBB5AD38BC845F7A49F82A0966A49C2E3EA5EA0ECD326CD965F1DB402C6FA8B51A4658C5C5E2EC9E214602E55810345408596591009A82E7E7FFACA19EEA299B14A0081A705CB3296EBC14CDF658DCD336EA6D1136881AAEB87B81AB9EE53D5
310
F5EB8BC8362082DA24122F98680A4E7930C01A0079749CEA14382A0783E5EBA5A10F8C098456A03D6A4AEB6BB881E2513747552A5DB22C7EDAF83BD5528081A365F7FF06504B0304140006080000CC70623B000000000000000000000000350000006662782F41393633353835312D344632462D344230382D423046372D37
310
39314545314133324237412F76657274696365732E62696E504B0304140006080800CC70623BF270F1330600000004000000360000006662782F41393633353835312D344632462D344230382D423046372D3739314545314133324237412F747269616E676C65732E62696E636660600000504B0304140006080000CC7062
310
3B000000000000000000000000370000006662782F41393633353835312D344632462D344230382D423046372D3739314545314133324237412F617474726962757465732E62696E504B0304140006080800CC70623B08DA0BD19000000041010000360000006662782F41393633353835312D344632462D344230382D4230
310
46372D3739314545314133324237412F6469726563746F72792E786D6C858F410AC3201045AF22B36F53E9A60B35CBEEBAE80D244E44489C6234F4F835464A48035D0DF398FF9F8AF63D0E6CC63039F212F8F9020C7D47C6792B21C5FE7403D62A1188E2E60C98D7234A5830286103A55745067B9D86B8A3CF9C7F90C11DE6
310
07FB144396D7B6A82D282E9A152AD114D5EF2CB866EEE831B8EEA07A7BB5A8D7D61A2BAAEB7FD5F70921FF497D00504B0304140006080800CC70623BEDD1DC58FD000000A00100003B0000006662782F41393633353835312D344632462D344230382D423046372D3739314545314133324237412F7265736F75726365732F
310
636F72652E786D6C8D504B6E833010BD0A9A6D65B00922041947112427E8052C33A156828DFCA97AFC9A40A576D7CDCCE87D344F8F9FBFE667F689CE6B6B3A6039850C8DB2A336530731DC4903D95970676DF82583CCC8193B5861107C72362E3BA4AC096842428D1D7107A5F7182053CF7474E0D507CE32973124857FE48B
310
540F3961CEF244279DE03EB81420DB9EAC1384436FA353E879B1B182C7A8C75DA3C7F453DF353A1075D537A7BA6464B8F535A99AE14A9A2BBD90E350DD183B5CFABE3AF262350B1EF4FC9351399401471025A527C218A1E53BAB5A5AB765F5469B96525EACF23FA6B88CFF34456DC2A1DCE36E360F82A5202F42F062ED2BAD
310
579969AFDD8A6F504B010214000A0000080000CC70623B3DEE336E79000000790000001B00000000000000000000000000000000006175746F6465736B2D64657369676E2D7061636B6167652E786D6C504B01021400140006080800CC70623BD486FD9CA0000000F40000001300000000000000000000000000B20000005B
310
436F6E74656E745F54797065735D2E786D6C504B01021400140006080800CC70623B853B8169EB0000007C010000080000000000000000000000000083010000636F72652E786D6C504B01021400140006080800CC70623B55019EA25F0000007C000000070000000000000000000000000094020000636E782E786D6C504B
310
01021400140006080800CC70623BDBABAAF470010000D40300000C00000000000000000000000000180300006662782F636F72652E786D6C504B01021400140006080800CC70623B9C113CC27E0000009D0000000B00000000000000000000000000B20400006662782F636E782E786D6C504B01021400140006080800CC70
310
623B7DF2F77C2A010000120200003100000000000000000000000000590500006662782F41393633353835312D344632462D344230382D423046372D3739314545314133324237412F636F72652E786D6C504B01021400140006080800CC70623BAD7543B64E010000330300003000000000000000000000000000D2060000
310
6662782F41393633353835312D344632462D344230382D423046372D3739314545314133324237412F636E782E786D6C504B01021400140006080800CC70623BE75B7789680500003C10000034000000000000000000000000006E0800006662782F41393633353835312D344632462D344230382D423046372D3739314545
310
314133324237412F6F626A656374732E786D6C504B01021400140006080000CC70623B0000000000000000000000003500000000000000000000000000280E00006662782F41393633353835312D344632462D344230382D423046372D3739314545314133324237412F76657274696365732E62696E504B01021400140006
310
080800CC70623BF270F133060000000400000036000000000000000000000000007B0E00006662782F41393633353835312D344632462D344230382D423046372D3739314545314133324237412F747269616E676C65732E62696E504B01021400140006080000CC70623B0000000000000000000000003700000000000000
310
000000000000D50E00006662782F41393633353835312D344632462D344230382D423046372D3739314545314133324237412F617474726962757465732E62696E504B01021400140006080800CC70623B08DA0BD1900000004101000036000000000000000000000000002A0F00006662782F41393633353835312D344632
310
462D344230382D423046372D3739314545314133324237412F6469726563746F72792E786D6C504B01021400140006080800CC70623BEDD1DC58FD000000A00100003B000000000000000000000000000E1000006662782F41393633353835312D344632462D344230382D423046372D3739314545314133324237412F7265
310
736F75726365732F636F72652E786D6C504B0506000000000E000E0080040000641100000000
  0
XRECORD
  5
1F8
102
{ACAD_REACTORS
330
1F7
102
}
330
1F7
100
AcDbXrecord
280
1
 70
1
 90
429727718
  1
30362254-06B7-45E0-A893-8CFA70E3D6BC
310
504B03040A0000080000CC70623B3DEE336E79000000790000001B0000006175746F6465736B2D64657369676E2D7061636B6167652E786D6C3C3F786D6C2076657273696F6E3D22312E302220656E636F64696E673D227574662D3822203F3E3C666F726D6174733E3C666F726D61743E687474703A2F2F736368656D612E
310
6175746F6465736B2E636F6D2F64657369676E2D7061636B6167652F323030393C2F666F726D61743E3C2F666F726D6174733E504B0304140006080800CC70623BD486FD9CA0000000F4000000130000005B436F6E74656E745F54797065735D2E786D6C7D8EC10E82300C865F65E91D8A1E8C310C0EEA1BF002731658846E
310
D98AC1B77784ABF1D8FE5FBFBF75BBCE937A534CCEB38643598122B6FEE978D0B0485F9C41B54DDD7D022595594E1A469170414C76A4D9A4D207E29CF43ECE46F218070CC6BECC4078ACAA135ACF422C856C0E68EA1BF5669944DDD7BCDE7B1F8E415D77AECB980613C2E4AC91FC167A2B244592486606FC29C8FD7F045B9A
310
EF7053A7E60B504B0304140006080800CC70623B1EC5D7A3EB0000007C01000008000000636F72652E786D6C8D90416EC3201045AF82665B6103C6756C6122AB4D4ED00B204C5C94182C03558F5F9C3852BBEB6A467FFE9B197D71FC9E6FE8CBACC17AD7032D0820E3B41FAD9B7A48F1820F808E52ACDEC75F36404ECDA687
310
4D0629A6D5A76597B477D1B89855E747B38B2A041301E95B6E7A08FAD3CCAA50296647B8168BD2573599823EBB0CA76447F43862C7BCCF5EAC59410E4DDD9C7973C2755553CCCFA4C603E3040F1565ED3B1FDE4E432BCA0D9622DAF9795FAF464533826484B498524CD807E51D79ED187F21878E10516EF63F505AC67F42C9
310
BA58B1FDDD071640D2FCC87D2045B96591CB3DA85CB7DCE40F504B0304140006080800CC70623B55019EA25F0000007C00000007000000636E782E786D6C4DCB3B0E80201045D1AD90E915ED2CF8AC45050C11660C8261F98AB1B07AC9C97D42D718D865D3E909258CFD00CCE24AC6E326A164D74DC0B4128928FF32603847
310
2BA13128B1252AC747C6BAB984FC68F0B87FE8960A5C09FE86CFB69FBA01504B0304140006080800CC70623B8C9102E971010000D40300000C0000006662782F636F72652E786D6CC5535B6E833010BC8AE5DF0A6C08340F1947A84D4ED00B38C6A128602363A31CBFCB234A53A551FA553EC09AD9F5CE8C31DB9E9B1AF5CA
310
7695D1198E428A91D2D214952E33ECDD315861B4E5CC1AE3BE9561A445A3323CC098B3D21ADFCE9034DA29ED00D5A6503328BA4E398C640D8B0C77F253352214DE4145770A5B214FA2546114020D759C75CE8200340D19DE981F0F6746269C33EFAB6266AB02A655C74A59CCF365BADC27CB5D902ED22848F6340DF238A141
310
BE88E2F57B92BFEDF23523433367AE6A2EEAA455C2A902F398D2751045018D3FA264435F3771F242571B4A1919CA6F9A7C5B3CD9E42BED16F12C776AEB308F40C848FC700B1139D4891EF410CEC810227CC6846F8386402064270EF5C5C709A05E49676C024C61FC95EA45ED154CA5211D1FF4FB8291A913A68E9B83EBBB33
310
E2A7673CDE118E5AE8124C0807CB8377834E366998436B950D7A7746DAD846D4CFD978E0F04FD455FC5D49D2D4C6FE9722321F10997F0F32DC47FE05504B0304140006080800CC70623BFFEA85907E0000009D0000000B0000006662782F636E782E786D6C4DCCD10A83201886E15B91FFDC95D95A811AB6F23E625948A6C3
310
E9D8E5AF46073BFAE0E1E365ED67B3E8ADC3CB78C7815C7240DA3DFC64DCC221C519D7805AC182F7F1EF06C88D9BE6703008B6049F9E274D7A1E938DBB5AE3D6131B2589BA0D3D965551E0B2EA732C9B9A624AAEB41E3A557677029960D9AFB4EF11165F504B0304140006080800CC70623B4FEEA4082C0100001202000031
310
0000006662782F39464131463745442D413632322D343644302D413938332D3331353338454246344243312F636F72652E786D6C8D515B6EC32010BC0AE2AB55850DD871ED0813254D72825EC00192A2C460F1A872FC42ED48ED5F7E00CDCECCCEB26C731F6FE05B39AFADE921293004CA082BB5B9F43086336A21D870E6AC
310
0D7F68109861543DCC30E4ECE26C9C164858139409093556AA051CBC570102714B8F1E7AF1A5C6A11862480C7F2DA6415C878B2A4891CA89C7990F2E050073937C42DE1DB7E4F87ED8A36D4329AA9B3D46DBAEAD504556557BD81DEBDD0761E52CE42C462D17B996298E3E6BE59E35C962CE821E1FF18553435012728A7187
310
0841987E927A8D9B35ADDF70BBC6989599FE4F1427F9A4286A132ABAC49D651EF234CD5CE04CDA78BA3DC2A8FB645D00B9DF8B57E215725C60BCA2A463E54C4CE327C7A65E1C7DB02E7DEFCBF594B864C5CA6CDBD49C957943E9FA5D5FBAF336F90F504B0304140006080800CC70623BAD7543B64E01000033030000300000
310
006662782F39464131463745442D413632322D343644302D413938332D3331353338454246344243312F636E782E786D6CD593CD6EC32010845F0571AD6CE3D48AD20813A9873E410FBD12D82434182C7EAAE6EDBB2424CD25871E7B41D6EC30B3FA84F9E67BB2E40B4234DE8DB46F1925E094D7C6ED479AD3AE5951B2113C
310
789FEE6C943839C1488B4C05DF079FE72A69D8C96C13AAD6B8631503449F83828872B949AC57D26200B826A308D316B4064D6E46FCDA41C05550DC9E483A00797BFD207EFB092A45DE9514C1BBD22178396BD39D891265658C238DEA00936C654E5E433CB65A26D9F6EDB5EBC14EBF49A45CB856E66048291F6939A9A81BB5
310
C8917738143CA680F4AA299D66A042CEB3354A2684DC9D8D178FE0D9B8B41CAAD720F880EE7EF93C0C18769E099ECC04D5A102C8049A8A05632F4DDF376CF1DE0F6BB65C2F8627B65A33C6BB62177CEBBDAD973006829F89F22E814B54F4BC2BE347F8AA8F681390B50FA73F804400B5F542E796F19FF974E7F78DB802FE05
310
E207504B0304140006080800CC70623B16AB87BA640500003C100000340000006662782F39464131463745442D413632322D343644302D413938332D3331353338454246344243312F6F626A656374732E786D6CAD575B6FA33818FD2B887DE6924B3BED8A326A92B68A663B534DD4D13E548A0C38942D60649B369D5FBFC7
310
600890A493BDE42160637FD7F31D7FF63E6FB3D478A55C242CBF3247B66B1A340F5994E4F19559CA8D75611A9F7D8F33263BCB4C232719BD32D5B4E97B316765A1A722BA21652A07B3B7B33F0D11D29C9A46981221AE4C113ED38CD8A4942CA2E2C58E882476BCD9DA23BB5ED8171B73523C0F841684D35CC252CCE79062D4
310
468DFA43D7747CCF51DF7D4FFDEB5593E3AB9CCA9FBEFE241792E4E19EB28198C968BAB8199F5D5A67D3E9C49A9E8F47D6EC76B6B0469F26EEFC7C3EBFBCBEB98462213924694B38DD98FE1D62C393D073EA4FADC5DAF04326852CCF6958F90F0F2B9BB5C48816348F90C7840A68EB78EDF68723159BCEE7891A6B95DDE9D3
310
BCEAEEE8086A6C6F9E5D4B59F0175C10A7A0820BAA5055C7473B5AE3CFDD452D602CD5DF12616444529E90D448938013FE6EFA58AA96F85E4F8C42275708571E98FE6827AF6B2B4AE3D7D83D64E5A64C53054DD3AF90BD06FEA9149565C94FCA0F6B834DC85599E4F2423B24DF0B6AFA979E534DFA9E7A4CC6FA631D486393
310
921829879BF5D781A373557BCB85E97FB90DB62B558F8795179C15944B051F40AB495CF35451D26A4727654E6D8033BD98EF82F21D91FF8AF2DD9982BCF1643BDD4EB516C9492E368C67C88DED563FC36D5EACF66DFF057C3658BDBFA69DF9578B3DA735B64F18C7F20770A9D45CFCF7FCF563D6456A277DBEF78A02637CA2
310
43B90A490AEAB94F72244481D24819A6C0E59B606BFA4B3025981DBB48EAB701D97BF19C577CC77F2D1B6C55A9EF3C732474C0B727303F625995056C3B02963D9EAC146BE78EC5FCEC7FA999EBC5EACBAAE41B12D27B4D2C0BBA49F244E2ECDC81B76B502F113D8F5EE8FB1BE3111CDD4FC2AA9B844CAB1288B68AB90A7CDC
310
1C166AB0D3DC5310625FCC14E779BFD0709F8890A629C9292B1B2DED31A4B0DA928CEE135085754027E3018A397D4D5427D15BD1330B677DC8934285AC3DF45A9EB68FF8F2B8FC0A509AFEECFD0FF2DE25CC6047F7214B195F07EFEB9A094D800F7BFAE8FED187B78EA8A3A400F115961BCAD1215E47C966530AF0EE8128FE
310
58CEBB996A8964FFA529A046635D9353B0336A8F700DDF46271A024E70B0B37C9DE01847591E54DED53D54202AB947E4076556AC49C6CA5C9E1226B7F1A7B1BE15DEED62C41B91E1B3E9AFAAA735036547343A925075041DF0A9979E893B391F8FCFA6967B3EFB644DCF6E5CEBFAE272625DCC6FAF3FB93793C5F90CE1EF57
310
407342756B10D1C489E8953CD1617E5CEECAD6F4EF8914CE5D5D504E5C3F1F9736DA62CFC11E00BCDDB8CC8A9466349744C1F75EBDA4DF09BA8A9E8C7A7E9991989E20E5DBDD6A6003664ED8F7A04A8DBE0DF6EAD9B9AA858342E47399053949D2C146EDB85DE4B176BB0965FBAC19BD19AA918E27FA50C1D22402E144464C
310
59462568E704B6E71915404CB72B8FF4EDE184DDAF753F284990D2C6926782963815403548A70C657FDEF80D2D9CEAA2AE4C1C76F60BFE74219A06527D6582DF6412526107381E55E353090704D085B52408D0933C4ED159D79BDA71BB4BC506F4831350EB6F979CD22D69BF7AC49B91A2C0A9DDA3D5CA36AD20FC478E37E6
310
1844E2352865EBCB6EA275A652E3836BE04EFB400BF1A2556F515F1FBB35B2AB35BD889C744FFA1004B5544B121E57F70215746DD2F5E2C1412B602CBF19455AC6C8E5E9922C4E01E65215385004546899059180EAFCF7A707CE7017CD8CDB0410789AB32C63B91E5CEBBBACB17AC6CD347A022D5075FD106377347AAABA7E
310
7D11590744509B44E205134DC1290F06580320F78E537D3D73540E06CB970B431F185308AD40BBD794D6D77003C5A36E8EAA54BA64597CD8F83BD552A080A365F7FF06504B0304140006080000CC70623B000000000000000000000000350000006662782F39464131463745442D413632322D343644302D413938332D3331
310
353338454246344243312F76657274696365732E62696E504B0304140006080800CC70623BF270F1330600000004000000360000006662782F39464131463745442D413632322D343644302D413938332D3331353338454246344243312F747269616E676C65732E62696E636660600000504B0304140006080000CC70623B
310
000000000000000000000000370000006662782F39464131463745442D413632322D343644302D413938332D3331353338454246344243312F617474726962757465732E62696E504B0304140006080800CC70623B08DA0BD19000000041010000360000006662782F39464131463745442D413632322D343644302D413938
310
332D3331353338454246344243312F6469726563746F72792E786D6C858F410AC3201045AF22B36F53E9A60B35CBEEBAE80D244E44489C6234F4F835464A48035D0DF398FF9F8AF63D0E6CC63039F212F8F9020C7D47C6792B21C5FE7403D62A1188E2E60C98D7234A5830286103A55745067B9D86B8A3CF9C7F90C11DE607
310
FB144396D7B6A82D282E9A152AD114D5EF2CB866EEE831B8EEA07A7BB5A8D7D61A2BAAEB7FD5F70921FF497D00504B0304140006080800CC70623B0D6EF93BFE000000A00100003B0000006662782F39464131463745442D413632322D343644302D413938332D3331353338454246344243312F7265736F75726365732F63
310
6F72652E786D6C8D50596E833010BD0A9ADFCA60B334011947A8694ED00B586642AC041B79A97AFC9A40A5F6AF3F33A3B7689E1E3F7DCD8FEC139DD7D6F4C0720A191A65476DA61E62B892236427C19DB5E1970C322367EC618541F0C9D9B8EC90B226A009093576C41D94DE63804C3DD2D18357379C652E63480A7FCF17A9
310
EE72C29CE5894E3AC17D702940B63D59270887DE46A7D0F36263058F518FBB468FE9A7BE6A7420864373B8D4873369AA8691FA421B3294352543C5CAF65C0F6FEF43CB8BD52C78D0F34F46E550061C419494B6843142CB0F5677F4B52BEB177AEC28E5C52AFF638ACBF84F53D42654E51E77B379102C05791282176B5F693D
310
CB4C7BED567C03504B010214000A0000080000CC70623B3DEE336E79000000790000001B00000000000000000000000000000000006175746F6465736B2D64657369676E2D7061636B6167652E786D6C504B01021400140006080800CC70623BD486FD9CA0000000F40000001300000000000000000000000000B20000005B
310
436F6E74656E745F54797065735D2E786D6C504B01021400140006080800CC70623B1EC5D7A3EB0000007C010000080000000000000000000000000083010000636F72652E786D6C504B01021400140006080800CC70623B55019EA25F0000007C000000070000000000000000000000000094020000636E782E786D6C504B
310
01021400140006080800CC70623B8C9102E971010000D40300000C00000000000000000000000000180300006662782F636F72652E786D6C504B01021400140006080800CC70623BFFEA85907E0000009D0000000B00000000000000000000000000B30400006662782F636E782E786D6C504B01021400140006080800CC70
310
623B4FEEA4082C0100001202000031000000000000000000000000005A0500006662782F39464131463745442D413632322D343644302D413938332D3331353338454246344243312F636F72652E786D6C504B01021400140006080800CC70623BAD7543B64E010000330300003000000000000000000000000000D5060000
310
6662782F39464131463745442D413632322D343644302D413938332D3331353338454246344243312F636E782E786D6C504B01021400140006080800CC70623B16AB87BA640500003C1000003400000000000000000000000000710800006662782F39464131463745442D413632322D343644302D413938332D3331353338
310
454246344243312F6F626A656374732E786D6C504B01021400140006080000CC70623B0000000000000000000000003500000000000000000000000000270E00006662782F39464131463745442D413632322D343644302D413938332D3331353338454246344243312F76657274696365732E62696E504B01021400140006
310
080800CC70623BF270F133060000000400000036000000000000000000000000007A0E00006662782F39464131463745442D413632322D343644302D413938332D3331353338454246344243312F747269616E676C65732E62696E504B01021400140006080000CC70623B0000000000000000000000003700000000000000
310
000000000000D40E00006662782F39464131463745442D413632322D343644302D413938332D3331353338454246344243312F617474726962757465732E62696E504B01021400140006080800CC70623B08DA0BD190000000410100003600000000000000000000000000290F00006662782F39464131463745442D413632
310
322D343644302D413938332D3331353338454246344243312F6469726563746F72792E786D6C504B01021400140006080800CC70623B0D6EF93BFE000000A00100003B000000000000000000000000000D1000006662782F39464131463745442D413632322D343644302D413938332D3331353338454246344243312F7265
310
736F75726365732F636F72652E786D6C504B0506000000000E000E0080040000641100000000
  0
XRECORD
  5
175
102
{ACAD_REACTORS
330
173
102
}
330
173
100
AcDbXrecord
280
1
270
1
271
1
  0
XRECORD
  5
174
102
{ACAD_REACTORS
330
173
102
}
330
173
100
AcDbXrecord
280
1
270
1
271
1
  0
XRECORD
  5
1FB
102
{ACAD_REACTORS
330
173
102
}
330
173
100
AcDbXrecord
280
1
 70
0
 90
1673772943
  1
ECE7A1D2-D628-4531-984C-D00F80459256
310
504B03040A0000080000CC70623B3DEE336E79000000790000001B0000006175746F6465736B2D64657369676E2D7061636B6167652E786D6C3C3F786D6C2076657273696F6E3D22312E302220656E636F64696E673D227574662D3822203F3E3C666F726D6174733E3C666F726D61743E687474703A2F2F736368656D612E
310
6175746F6465736B2E636F6D2F64657369676E2D7061636B6167652F323030393C2F666F726D61743E3C2F666F726D6174733E504B0304140006080800CC70623BD486FD9CA0000000F4000000130000005B436F6E74656E745F54797065735D2E786D6C7D8EC10E82300C865F65E91D8A1E8C310C0EEA1BF002731658846E
310
D98AC1B77784ABF1D8FE5FBFBF75BBCE937A534CCEB38643598122B6FEE978D0B0485F9C41B54DDD7D022595594E1A469170414C76A4D9A4D207E29CF43ECE46F218070CC6BECC4078ACAA135ACF422C856C0E68EA1BF5669944DDD7BCDE7B1F8E415D77AECB980613C2E4AC91FC167A2B244592486606FC29C8FD7F045B9A
310
EF7053A7E60B504B0304140006080800CC70623BD9DDAED0EC0000007C01000008000000636F72652E786D6C8D90416EC3201045AF82665B61836D9CD8C2444DD39CA01740405C94182C03558F5F9C3852BBEB6A467FFE9B197D7EF89E6EE8CB2CC17A37002D0820E394D7D68D03A478C17B4007C117EFE32F1B20272733C0
310
2A83E0E3E2D3BC49CABB685CCCAAF3DA6CA20CC14440EA969B0182FA34932C648AD911AEC52CD5558EA6A0CF2EC329598D1E47ACCEFBECC59A050463A7EA5833865FEBDD0E37353BE3EE8DBDE3F6786A48D375FBF6CC78B9C282473B3DEFABC5C86834888A900E538A49F5419B9EB47DD5BC907D4F082F57FB1F28CDFA9F50
310
B22ED6D5F6EE030B20687EE43E10BC5CB3C8E51E54AE6B6EE207504B0304140006080800CC70623B55019EA25F0000007C00000007000000636E782E786D6C4DCB3B0E80201045D1AD90E915ED2CF8AC45050C11660C8261F98AB1B07AC9C97D42D718D865D3E909258CFD00CCE24AC6E326A164D74DC0B4128928FF326038
310
472BA13128B1252AC747C6BAB984FC68F0B87FE8960A5C09FE86CFB69FBA01504B0304140006080800CC70623BA24EB22D72010000D40300000C0000006662782F636F72652E786D6CC5535B6E833010BC8AE5DF0A6C5E49888CA3A6694ED00B38E05014B091B1518EDFE511A5A9D228FD2A1F60CDEC7A67C6986DCE4D8D7A
310
69BA4AAB0C073EC548AA5C17952A33ECECD15B61B4E1CC686DBF9561A44423333CC098B3D268D7CE50AE9595CA02AA74216750749DB418E5352C32DCE59FB211BE70162ABA93DF8AFC244AE9073ED050C759670D0840D390E18DF9F1706664C23973AE2A66B62A605A75ACA4C13C4976E1364A12EF355A2EBD384AF65EFA96
310
BC7B8BED2EA6719AAE16FB8491A199335B351775B991C2CA02F390D2D40B028F861F41BCA68B7518BFD0D59A524686F29B26D7164F36B94AD9289CE54E6D1DE6010819891F6E21228B3AD1831EC219194284CF98F06DD01008846CC5A1BEF83801D4CBDC6A1303536877A57A513B0953A94FC707FDBE6064EA84A9E3E6E0FA
310
EE8CF0E9198F7784A316AA0413C2C2F2E0ECA0934D1AE6D05A69BCDE9E91D2A611F573361E38FC1375157F5752AE6B6DFE4B11990F88CCBF0719EE23FF02504B0304140006080800CC70623B408A7D3B7C0000009D0000000B0000006662782F636E782E786D6C4DCCD10A83201886E15B91FFDC552A92A0064DBC8F581632
310
D3703A76F9ABD1C18E3E78F878E5F0D9027ABBFCF2292AE86E2D20171F69F6715550CB827B40839639A5F2770314A7CD293819B45C73AAFB45B35BA61ACAA1C1C7E7855C58C15BC331339661262CC762340413D68D77DA5B42298546CBE6573AF60CEB2F504B0304140006080800CC70623B449FB9BD290100001202000031
310
0000006662782F36394639363044362D344446342D343946362D394244322D3234314243333846323333332F636F72652E786D6C8D515B6EC32010BC0AE22B55850D98B871848994463E412FE002495162B07854397EA176A4F62F3F2C9A9D991D587EB84F37F0AD7D30CEF6905418026DA553C65E7A98E219ED203808EE9D
310
8B7F6810D871D23D2C3014FCE25D9A57483A1BB58D19B54EE9151C43D0110279CB971E06F9A5A7B11A53CC8C70ADE6515EC78BAE4895DB992778883E0700CB907242D17643D7E2538BD869608875438BBAE38922CAC8F1BDD90DB4691A5E2F42C153326A951B95E398B3D1FE599322163C9AE9115F7A3D46ADA0A018778810
310
84E907617BDCEE297BC5BB3DC6BC2EF47FA234AB2745C9D8D8D035EE220B50105E2F0DC1954B9FB747187D9F9D8FA0CCDB042D5FA0C015C65B42DF78BD10F3F3B363CB56C7109DCFDFBBB97E662ED92EB62D13BC2E1BCAE5777DB9966D8A1F504B0304140006080800CC70623BAD7543B64E01000033030000300000006662
310
782F36394639363044362D344446342D343946362D394244322D3234314243333846323333332F636E782E786D6CD593CD6EC32010845F0571AD6CE3D48AD20813A9873E410FBD12D82434182C7EAAE6EDBB2424CD25871E7B41D6EC30B3FA84F9E67BB2E40B4234DE8DB46F1925E094D7C6ED479AD3AE5951B2113C789FEE
310
6C943839C1488B4C05DF079FE72A69D8C96C13AAD6B8631503449F83828872B949AC57D26200B826A308D316B4064D6E46FCDA41C05550DC9E483A00797BFD207EFB092A45DE9514C1BBD22178396BD39D891265658C238DEA00936C654E5E433CB65A26D9F6EDB5EBC14EBF49A45CB856E66048291F6939A9A81BB5C89177
310
38143CA680F4AA299D66A042CEB3354A2684DC9D8D178FE0D9B8B41CAAD720F880EE7EF93C0C18769E099ECC04D5A102C8049A8A05632F4DDF376CF1DE0F6BB65C2F8627B65A33C6BB62177CEBBDAD973006829F89F22E814B54F4BC2BE347F8AA8F681390B50FA73F804400B5F542E796F19FF974E7F78DB802FE05E20750
310
4B0304140006080800CC70623B8D05915C650500003B100000340000006662782F36394639363044362D344446342D343946362D394244322D3234314243333846323333332F6F626A656374732E786D6CAD575B6FA33814FE2B887D06429276DA1565D4266D158D3A339A6846FB502932E050B66023DB74D2FDF5FB190C01
310
9276B2973C046C8ECFF53B17071F77456EBD502133CEAE6CDF9DD81665314F32965ED995DA3A17B6F5310C04E7AA47665B8C14F4CAD6DB7618A48257A5D94AE89654B91AEDDEDDFC61C998326A5B714EA4BCB265FC440BE2924AF184CA6737218AB8E976E7FA6E4338649B0A523E8D98964450A6A029F619B8588D52FE7039
310
B1BD30F0F4F730D0FF866AF6369557DB33949F31A9088B0F848DD8CCFCF9F2767A76E99CCDE733677E3EF59D9BBB9BA5E37F984D16E78BC5E5F5ED25044B25C0C96822E8D60EEFE11B91C581D77CEA34368A1F5329E68CD1B8B61F16D63A1B8E092D294B10C78C4A48EB593D192E7DED9BDEE7995E1B91FDEDD3ACEA9FE831
310
6A756F9F7D4D79F4274C90A7A04248AA51D5F8C718DAE06FB2F75AC4796EBE65D22A88A22223B995679120E2D50E41AA49C260C046A35368846B0BECD0DFF3EBEB8AD4F835768F69B9ADF25C43D30E6B646F807FAA64AD59F61715C7A54127C4AACA98BA3006A9D792DAE165E0D59B61A01FB3A9F9D838D2DAE62445C86166
310
F37564E842E7DE6A69879FEEA2DD5AE7E371E1A5E025154AC307D06A03D73EB5978C58FFA4C8E9033066E0F3BD53BEC1F39F91BE7B55103791EDE6BBB991A2046172CB4581D8B893FA674DDA17A77B3B7C413D1B511FD2743BFF8A38F03A658705E3ADF8015C3A3417FF3D7E439FF591DA0B5F18BC20C1B8981957AE6392A3
310
F43C640C01D1A0B4728E2DD4F26DB4B3C3152A252A3B4E913CEC1C72F012782FF88EFF8637AA552DBEF76408E8A8DE9E50F9E1CB3A2DA0DB1B6039A893B56063DC5B3E3FFB5F72E67AB9FEB4AEC496C4F4C1149625DD662C53E89D7BF0F6151A046260D1337DFDC94502430F83B0EE07A130A224BCAD7DAE1D9FB6CD422FF6
310
920702629C4BB9AE79C12F243C6432A6794E18E5552BA56B431AAB5D91317302B2B071E86C3A42B1A02F999E24061403B5D0EB639195DA655DD3EBEAB4FB862DDF579F014AD0E73C22F99E28DA57FB98E75C6CA2D74D53086D600F4786E0FE3144B771A8A7B900F03594DB8A633CBC49B2EDB69228BB479CF863B5E807AAAB
310
23872F6DFEB4129B949CA33823F58830E86D65621E10047D9DB34D862E8EAC3C2ABC2F7B2C40D67CDFE01F5545B92105AF983AC54D93D69E56FB8E797F88913F898A9FEC705D3F9D1B54EC8426FB500D40A03BD0119B06E1B95DDC7EB8F6975367793EBD70E66733DFB9BC982F9CE564727731999F5D4ECFCE3B8D6A4DC2A0
310
6D50FD148437D110834A64C6CDDF57FBACB5C307A2A477DFE4939736CFEF2B175371E0E10CF0DD1D5C15654E0BCA14D1E87DD02FF93782A162C0A3D95F1524A52770F972BF1EE9809D13CE7DD599467F8ECE9ADD85CE85A34CD45355448C64F9E8A031DC2D596ACC6E5DD93D9B82DE2EF5CAF81363A8E47996A0DE24564A79
310
4115AACE09C55E14540231FDA13C319787134EBF34E3A022514E5B4D9E0826E25C02D5805B15ABE1BEF51B26383D445DD9E875EE33FE4C22DA16427D65A3BCA92CA6D28DD01DF5DC53330704308475351050232CCD31583787BA75774AFB06E5070DD0C8EF484E19968C5D83BA5B90B244D31E54D55A372320FE4786B7EA58
310
44E135AA5467CB7EA333A61683CC6A8C3257034C10CF46F40EF9F5BE59BE5BD30C3C72D235E95D10345C1D45445A5F0BB47E46A5EBE5570F9380B5FA629579952296A773720405982B9DE04011506178964401AA8BDF1FBF0A8EAB6861DD6580C0E38217056766716DAEB2D6FA0917D3E4116581EADB879C4E7CFFB11EFACD
310
3D641311495D92C8676CB409A72D18610D803CE8A626049E8EC1887CB5B44CC39883690DDA8399B4B9855B481E7D71D4A9D22F96E5BB73BF5793020C02137BF837504B0304140006080000CC70623B000000000000000000000000350000006662782F36394639363044362D344446342D343946362D394244322D32343142
310
43333846323333332F76657274696365732E62696E504B0304140006080800CC70623BF270F1330600000004000000360000006662782F36394639363044362D344446342D343946362D394244322D3234314243333846323333332F747269616E676C65732E62696E636660600000504B0304140006080000CC70623B0000
310
00000000000000000000370000006662782F36394639363044362D344446342D343946362D394244322D3234314243333846323333332F617474726962757465732E62696E504B0304140006080800CC70623B08DA0BD19000000041010000360000006662782F36394639363044362D344446342D343946362D394244322D
310
3234314243333846323333332F6469726563746F72792E786D6C858F410AC3201045AF22B36F53E9A60B35CBEEBAE80D244E44489C6234F4F835464A48035D0DF398FF9F8AF63D0E6CC63039F212F8F9020C7D47C6792B21C5FE7403D62A1188E2E60C98D7234A5830286103A55745067B9D86B8A3CF9C7F90C11DE607FB14
310
4396D7B6A82D282E9A152AD114D5EF2CB866EEE831B8EEA07A7BB5A8D7D61A2BAAEB7FD5F70921FF497D00504B0304140006080800CC70623BCA768048FE000000A00100003B0000006662782F36394639363044362D344446342D343946362D394244322D3234314243333846323333332F7265736F75726365732F636F72
310
652E786D6C8D50596E833010BD0A9ADFCA60D600328E9AA639412F609909B1126CE4A5EAF16B0295DABFFECC8CDEA2797AECF8353F924FB44E193D409E5248504B332A3D0D10FC95B4901C39B3C6F85F3248B49871801506CE266BC2B243D2688FDA47549B11775038871E12F988C7004EDE7016A9083E2ADC3D5D84BC8B09
310
D33C8D74D471E6BC8D0192EDC93A815B742658898E651BCB59086ADC356A8C3FD555A1055ED7E7E254D615792D0F075295F585746FF53B694EE78A565DD736979A65AB9933AFE69F8CD2A2F038022F28ED489E135A7CE4554F9BBEA85E68DB53CAB255FEC71496F19FA6A0B42F8B3DEE6673C0F318E4497096AD7DC5F52C33
310
EEB55BFE0D504B010214000A0000080000CC70623B3DEE336E79000000790000001B00000000000000000000000000000000006175746F6465736B2D64657369676E2D7061636B6167652E786D6C504B01021400140006080800CC70623BD486FD9CA0000000F40000001300000000000000000000000000B20000005B436F
310
6E74656E745F54797065735D2E786D6C504B01021400140006080800CC70623BD9DDAED0EC0000007C010000080000000000000000000000000083010000636F72652E786D6C504B01021400140006080800CC70623B55019EA25F0000007C000000070000000000000000000000000095020000636E782E786D6C504B0102
310
1400140006080800CC70623BA24EB22D72010000D40300000C00000000000000000000000000190300006662782F636F72652E786D6C504B01021400140006080800CC70623B408A7D3B7C0000009D0000000B00000000000000000000000000B50400006662782F636E782E786D6C504B01021400140006080800CC70623B
310
449FB9BD290100001202000031000000000000000000000000005A0500006662782F36394639363044362D344446342D343946362D394244322D3234314243333846323333332F636F72652E786D6C504B01021400140006080800CC70623BAD7543B64E010000330300003000000000000000000000000000D20600006662
310
782F36394639363044362D344446342D343946362D394244322D3234314243333846323333332F636E782E786D6C504B01021400140006080800CC70623B8D05915C650500003B10000034000000000000000000000000006E0800006662782F36394639363044362D344446342D343946362D394244322D32343142433338
310
46323333332F6F626A656374732E786D6C504B01021400140006080000CC70623B0000000000000000000000003500000000000000000000000000250E00006662782F36394639363044362D344446342D343946362D394244322D3234314243333846323333332F76657274696365732E62696E504B010214001400060808
310
00CC70623BF270F13306000000040000003600000000000000000000000000780E00006662782F36394639363044362D344446342D343946362D394244322D3234314243333846323333332F747269616E676C65732E62696E504B01021400140006080000CC70623B00000000000000000000000037000000000000000000
310
00000000D20E00006662782F36394639363044362D344446342D343946362D394244322D3234314243333846323333332F617474726962757465732E62696E504B01021400140006080800CC70623B08DA0BD190000000410100003600000000000000000000000000270F00006662782F36394639363044362D344446342D
310
343946362D394244322D3234314243333846323333332F6469726563746F72792E786D6C504B01021400140006080800CC70623BCA768048FE000000A00100003B000000000000000000000000000B1000006662782F36394639363044362D344446342D343946362D394244322D3234314243333846323333332F7265736F
310
75726365732F636F72652E786D6C504B0506000000000E000E0080040000621100000000
  0
XRECORD
  5
176
102
{ACAD_REACTORS
330
173
102
}
330
173
100
AcDbXrecord
280
1
270
1
271
1
  0
XRECORD
  5
177
102
{ACAD_REACTORS
330
173
102
}
330
173
100
AcDbXrecord
280
1
270
1
271
1
  0
CELLSTYLEMAP
  5
7B0
102
{ACAD_REACTORS
330
162
102
}
330
162
100
AcDbCellStyleMap
 90
3
300
CELLSTYLE
  1
TABLEFORMAT_BEGIN
 90
5
170
1
 91
0
 92
32768
 62
257
 93
1
300
CONTENTFORMAT
  1
CONTENTFORMAT_BEGIN
 90
0
 91
0
 92
512
 93
0
300

 40
0.0
140
1.0
 94
5
 62
0
340
11
144
6.0
309
CONTENTFORMAT_END
171
1
301
MARGIN
  1
CELLMARGIN_BEGIN
 40
1.5
 40
1.5
 40
1.5
 40
1.5
 40
4.5
 40
4.5
309
CELLMARGIN_END
 94
6
 95
1
302
GRIDFORMAT
  1
GRIDFORMAT_BEGIN
 90
0
 91
1
 62
0
 92
-2
340
14
 93
0
 40
1.125
309
GRIDFORMAT_END
 95
2
302
GRIDFORMAT
  1
GRIDFORMAT_BEGIN
 90
0
 91
1
 62
0
 92
-2
340
14
 93
0
 40
1.125
309
GRIDFORMAT_END
 95
4
302
GRIDFORMAT
  1
GRIDFORMAT_BEGIN
 90
0
 91
1
 62
0
 92
-2
340
14
 93
0
 40
1.125
309
GRIDFORMAT_END
 95
8
302
GRIDFORMAT
  1
GRIDFORMAT_BEGIN
 90
0
 91
1
 62
0
 92
-2
340
14
 93
0
 40
1.125
309
GRIDFORMAT_END
 95
16
302
GRIDFORMAT
  1
GRIDFORMAT_BEGIN
 90
0
 91
1
 62
0
 92
-2
340
14
 93
0
 40
1.125
309
GRIDFORMAT_END
 95
32
302
GRIDFORMAT
  1
GRIDFORMAT_BEGIN
 90
0
 91
1
 62
0
 92
-2
340
14
 93
0
 40
1.125
309
GRIDFORMAT_END
309
TABLEFORMAT_END
  1
CELLSTYLE_BEGIN
 90
1
 91
1
300
_TITLE
309
CELLSTYLE_END
300
CELLSTYLE
  1
TABLEFORMAT_BEGIN
 90
5
170
1
 91
0
 92
0
 62
257
 93
1
300
CONTENTFORMAT
  1
CONTENTFORMAT_BEGIN
 90
0
 91
0
 92
512
 93
0
300

 40
0.0
140
1.0
 94
5
 62
0
340
11
144
4.5
309
CONTENTFORMAT_END
171
1
301
MARGIN
  1
CELLMARGIN_BEGIN
 40
1.5
 40
1.5
 40
1.5
 40
1.5
 40
4.5
 40
4.5
309
CELLMARGIN_END
 94
6
 95
1
302
GRIDFORMAT
  1
GRIDFORMAT_BEGIN
 90
0
 91
1
 62
0
 92
-2
340
14
 93
0
 40
1.125
309
GRIDFORMAT_END
 95
2
302
GRIDFORMAT
  1
GRIDFORMAT_BEGIN
 90
0
 91
1
 62
0
 92
-2
340
14
 93
0
 40
1.125
309
GRIDFORMAT_END
 95
4
302
GRIDFORMAT
  1
GRIDFORMAT_BEGIN
 90
0
 91
1
 62
0
 92
-2
340
14
 93
0
 40
1.125
309
GRIDFORMAT_END
 95
8
302
GRIDFORMAT
  1
GRIDFORMAT_BEGIN
 90
0
 91
1
 62
0
 92
-2
340
14
 93
0
 40
1.125
309
GRIDFORMAT_END
 95
16
302
GRIDFORMAT
  1
GRIDFORMAT_BEGIN
 90
0
 91
1
 62
0
 92
-2
340
14
 93
0
 40
1.125
309
GRIDFORMAT_END
 95
32
302
GRIDFORMAT
  1
GRIDFORMAT_BEGIN
 90
0
 91
1
 62
0
 92
-2
340
14
 93
0
 40
1.125
309
GRIDFORMAT_END
309
TABLEFORMAT_END
  1
CELLSTYLE_BEGIN
 90
2
 91
1
300
_HEADER
309
CELLSTYLE_END
300
CELLSTYLE
  1
TABLEFORMAT_BEGIN
 90
5
170
1
 91
0
 92
0
 62
257
 93
1
300
CONTENTFORMAT
  1
CONTENTFORMAT_BEGIN
 90
0
 91
0
 92
512
 93
0
300

 40
0.0
140
1.0
 94
2
 62
0
340
11
144
4.5
309
CONTENTFORMAT_END
171
1
301
MARGIN
  1
CELLMARGIN_BEGIN
 40
1.5
 40
1.5
 40
1.5
 40
1.5
 40
4.5
 40
4.5
309
CELLMARGIN_END
 94
6
 95
1
302
GRIDFORMAT
  1
GRIDFORMAT_BEGIN
 90
0
 91
1
 62
0
 92
-2
340
14
 93
0
 40
1.125
309
GRIDFORMAT_END
 95
2
302
GRIDFORMAT
  1
GRIDFORMAT_BEGIN
 90
0
 91
1
 62
0
 92
-2
340
14
 93
0
 40
1.125
309
GRIDFORMAT_END
 95
4
302
GRIDFORMAT
  1
GRIDFORMAT_BEGIN
 90
0
 91
1
 62
0
 92
-2
340
14
 93
0
 40
1.125
309
GRIDFORMAT_END
 95
8
302
GRIDFORMAT
  1
GRIDFORMAT_BEGIN
 90
0
 91
1
 62
0
 92
-2
340
14
 93
0
 40
1.125
309
GRIDFORMAT_END
 95
16
302
GRIDFORMAT
  1
GRIDFORMAT_BEGIN
 90
0
 91
1
 62
0
 92
-2
340
14
 93
0
 40
1.125
309
GRIDFORMAT_END
 95
32
302
GRIDFORMAT
  1
GRIDFORMAT_BEGIN
 90
0
 91
1
 62
0
 92
-2
340
14
 93
0
 40
1.125
309
GRIDFORMAT_END
309
TABLEFORMAT_END
  1
CELLSTYLE_BEGIN
 90
3
 91
2
300
_DATA
309
CELLSTYLE_END
  0
ACDBASSOCARRAYACTIONBODY
  5
609
330
608
100
AcDbAssocActionBody
 90
2
100
AcDbAssocArrayActionBody
 90
1
  1
AcDbAssocArrayPolarParameters
 90
0
 90
6
  1
AcDbAssocArrayItem
100
AcDbAssocArrayItem
 90
0
 90
0
 90
0
 90
0
 90
8
 11
6917.905406066217
 21
5307.38652158808
 31
0.0
330
601
100
AcDbAssocArrayItem
 90
0
 90
1
 90
0
 90
0
 90
12
 40
0.5000000000000002
 40
-0.8660254037844385
 40
0.0
 40
7033.18992991968
 40
0.8660254037844385
 40
0.5000000000000006
 40
0.0
 40
5373.946072466636
 40
0.0
 40
0.0
 40
1.0
 40
0.0
 40
0.0
 40
0.0
 40
0.0
 40
1.0
330
602
100
AcDbAssocArrayItem
 90
0
 90
2
 90
0
 90
0
 90
12
 40
-0.4999999999999998
 40
-0.866025403784439
 40
0.0
 40
7033.189929921099
 40
0.8660254037844389
 40
-0.4999999999999993
 40
0.0
 40
5507.065174226207
 40
0.0
 40
0.0
 40
1.0
 40
0.0
 40
0.0
 40
0.0
 40
0.0
 40
1.0
330
603
100
AcDbAssocArrayItem
 90
0
 90
3
 90
0
 90
0
 90
12
 40
-1.0
 40
-4e-16
 40
0.0
 40
6917.905406069055
 40
-2e-16
 40
-1.0
 40
0.0
 40
5573.624725107222
 40
0.0
 40
0.0
 40
1.0
 40
0.0
 40
0.0
 40
0.0
 40
0.0
 40
1.0
330
604
100
AcDbAssocArrayItem
 90
0
 90
4
 90
0
 90
0
 90
12
 40
-0.4999999999999994
 40
0.8660254037844389
 40
0.0
 40
6802.620882215591
 40
-0.866025403784439
 40
-0.5
 40
0.0
 40
5507.065174228665
 40
0.0
 40
0.0
 40
1.0
 40
0.0
 40
0.0
 40
0.0
 40
0.0
 40
1.0
330
605
100
AcDbAssocArrayItem
 90
0
 90
5
 90
0
 90
0
 90
12
 40
0.4999999999999997
 40
0.866025403784439
 40
0.0
 40
6802.620882214171
 40
-0.8660254037844389
 40
0.499999999999999
 40
0.0
 40
5373.946072469094
 40
0.0
 40
0.0
 40
0.9999999999999998
 40
0.0
 40
0.0
 40
0.0
 40
0.0
 40
1.0
330
606
 40
1.0
 40
0.0
 40
0.0
 40
-2485.448053418612
 40
0.0
 40
1.0
 40
0.0
 40
-4477.279131850787
 40
0.0
 40
0.0
 40
1.0
 40
0.0
 40
0.0
 40
0.0
 40
0.0
 40
1.0
  0
ACDBASSOCDEPENDENCY
  5
60A
330
608
100
AcDbAssocDependency
 90
2
 90
0
290
0
290
1
290
1
290
1
 90
0
330
5FF
290
0
330
0
330
0
360
0
 90
1
  0
ACDBASSOCDEPENDENCY
  5
60B
330
608
100
AcDbAssocDependency
 90
2
 90
0
290
1
290
0
290
1
290
1
 90
0
330
5FB
290
0
330
0
330
0
360
0
 90
2
  0
ACDBASSOCDEPENDENCY
  5
60C
330
608
100
AcDbAssocDependency
 90
2
 90
0
290
1
290
1
290
1
290
1
 90
-2147483648
330
5EA
290
0
330
0
330
0
360
0
 90
3
  0
ACDBASSOCVERTEXACTIONPARAM
  5
60D
330
608
100
AcDbAssocActionParam
 90
1
 90
0
  1
BaseNormal
100
AcDbAssocSingleDependencyActionParam
 90
0
330
0
100
AcDbAssocVertexActionParam
 90
0
 10
0.0
 20
0.0
 30
1.0
  0
ACDBASSOCVERTEXACTIONPARAM
  5
60E
330
608
100
AcDbAssocActionParam
 90
1
 90
0
  1
Origin
100
AcDbAssocSingleDependencyActionParam
 90
0
330
0
100
AcDbAssocVertexActionParam
 90
0
 10
6917.905406067635
 20
5440.50562334765
 30
0.0
  0
ACDBASSOCVERTEXACTIONPARAM
  5
60F
330
608
100
AcDbAssocActionParam
 90
1
 90
0
  1
basePoint
100
AcDbAssocSingleDependencyActionParam
 90
0
330
0
100
AcDbAssocVertexActionParam
 90
0
 10
0.0
 20
0.0
 30
0.0
  0
ACDBASSOCARRAYACTIONBODY
  5
611
330
610
100
AcDbAssocActionBody
 90
2
100
AcDbAssocArrayActionBody
 90
1
  1
AcDbAssocArrayPolarParameters
 90
0
 90
6
  1
AcDbAssocArrayItem
100
AcDbAssocArrayItem
 90
0
 90
0
 90
0
 90
0
 90
8
 11
910259.8158995723
 21
-387124.371578013
 31
0.0
330
5EE
100
AcDbAssocArrayItem
 90
0
 90
1
 90
0
 90
0
 90
12
 40
0.5000000000000004
 40
-0.8660254037844385
 40
0.0
 40
910124.4590462092
 40
0.8660254037844385
 40
0.5000000000000004
 40
0.0
 40
-387202.5198937381
 40
0.0
 40
0.0
 40
1.0
 40
0.0
 40
0.0
 40
0.0
 40
0.0
 40
1.0
330
5EF
100
AcDbAssocArrayItem
 90
0
 90
2
 90
0
 90
0
 90
12
 40
-0.4999999999999999
 40
-0.8660254037844387
 40
0.0
 40
910124.4590462085
 40
0.8660254037844387
 40
-0.4999999999999999
 40
0.0
 40
-387358.8165251894
 40
0.0
 40
0.0
 40
1.0
 40
0.0
 40
0.0
 40
0.0
 40
0.0
 40
1.0
330
5F0
100
AcDbAssocArrayItem
 90
0
 90
3
 90
0
 90
0
 90
12
 40
-1.0
 40
-1e-16
 40
0.0
 40
910259.8158995709
 40
1e-16
 40
-1.0
 40
0.0
 40
-387436.9648409157
 40
0.0
 40
0.0
 40
1.0
 40
0.0
 40
0.0
 40
0.0
 40
0.0
 40
1.0
330
5F1
100
AcDbAssocArrayItem
 90
0
 90
4
 90
0
 90
0
 90
12
 40
-0.5000000000000006
 40
0.8660254037844385
 40
0.0
 40
910395.1727529342
 40
-0.8660254037844385
 40
-0.5000000000000006
 40
0.0
 40
-387358.8165251906
 40
0.0
 40
0.0
 40
1.0
 40
0.0
 40
0.0
 40
0.0
 40
0.0
 40
1.0
330
5F2
100
AcDbAssocArrayItem
 90
0
 90
5
 90
0
 90
0
 90
12
 40
0.4999999999999993
 40
0.866025403784439
 40
0.0
 40
910395.1727529347
 40
-0.866025403784439
 40
0.4999999999999993
 40
0.0
 40
-387202.5198937392
 40
0.0
 40
0.0
 40
1.0
 40
0.0
 40
0.0
 40
0.0
 40
0.0
 40
1.0
330
5F3
 40
1.0
 40
0.0
 40
0.0
 40
-905793.9176172927
 40
0.0
 40
1.0
 40
0.0
 40
388896.394700962
 40
0.0
 40
0.0
 40
1.0
 40
-4.902e-12
 40
0.0
 40
0.0
 40
0.0
 40
1.0
  0
ACDBASSOCDEPENDENCY
  5
612
330
610
100
AcDbAssocDependency
 90
2
 90
0
290
0
290
1
290
1
290
1
 90
0
330
5EC
290
0
330
0
330
0
360
0
 90
1
  0
ACDBASSOCDEPENDENCY
  5
613
330
610
100
AcDbAssocDependency
 90
2
 90
0
290
1
290
0
290
1
290
1
 90
0
330
5F7
290
0
330
0
330
0
360
0
 90
2
  0
ACDBASSOCDEPENDENCY
  5
614
330
610
100
AcDbAssocDependency
 90
2
 90
0
290
1
290
1
290
1
290
1
 90
-2147483648
330
5A0
290
0
330
0
330
0
360
0
 90
3
  0
ACDBASSOCVERTEXACTIONPARAM
  5
615
330
610
100
AcDbAssocActionParam
 90
1
 90
0
  1
BaseNormal
100
AcDbAssocSingleDependencyActionParam
 90
0
330
0
100
AcDbAssocVertexActionParam
 90
0
 10
0.0
 20
0.0
 30
1.137931034482758
  0
ACDBASSOCVERTEXACTIONPARAM
  5
616
330
610
100
AcDbAssocActionParam
 90
1
 90
0
  1
Origin
100
AcDbAssocSingleDependencyActionParam
 90
0
330
0
100
AcDbAssocVertexActionParam
 90
0
 10
910259.8158995716
 20
-387280.6682094643
 30
0.0
  0
ACDBASSOCVERTEXACTIONPARAM
  5
617
330
610
100
AcDbAssocActionParam
 90
1
 90
0
  1
basePoint
100
AcDbAssocSingleDependencyActionParam
 90
0
330
0
100
AcDbAssocVertexActionParam
 90
0
 10
0.0
 20
0.0
 30
0.0
  0
DICTIONARY
  5
876
330
C
100
AcDbDictionary
281
1
  3
WRITTEN_BY_EZDXF
350
877
  0
DICTIONARYVAR
  5
877
330
876
100
DictionaryVariables
280
0
  1
1.3.4 @ 2026-04-27T23:15:30.043607+00:00
  0
ENDSEC
  0
SECTION
  2
ACDSDATA
 70
2
 71
8
  0
ACDSSCHEMA
 90
0
  1
AcDb_Thumbnail_Schema
  2
AcDbDs::ID
280
10
 91
8
  2
Thumbnail_Data
280
15
 91
0
101
ACDSRECORD
 95
0
 90
1
  2
AcDbDs::TreatedAsObjectData
280
1
291
1
101
ACDSRECORD
 95
0
 90
2
  2
AcDbDs::Legacy
280
1
291
1
101
ACDSRECORD
  1
AcDbDs::ID
 90
3
  2
AcDs:Indexable
280
1
291
1
101
ACDSRECORD
  1
AcDbDs::ID
 90
4
  2
AcDbDs::HandleAttribute
280
7
282
1
  0
ACDSSCHEMA
 90
1
  1
AcDbDs::TreatedAsObjectDataSchema
  2
AcDbDs::TreatedAsObjectData
280
1
 91
0
  0
ACDSSCHEMA
 90
2
  1
AcDbDs::LegacySchema
  2
AcDbDs::Legacy
280
1
 91
0
  0
ACDSSCHEMA
 90
3
  1
AcDbDs::IndexedPropertySchema
  2
AcDs:Indexable
280
1
 91
0
  0
ACDSSCHEMA
 90
4
  1
AcDbDs::HandleAttributeSchema
  2
AcDbDs::HandleAttribute
280
7
 91
1
284
1
  0
ACDSRECORD
 90
0
  2
AcDbDs::ID
280
10
320
22
  2
Thumbnail_Data
280
15
 94
896
310
89504E470D0A1A0A0000000D49484452000001000000009108030000001BE1960600000300504C5445212830FFFFFF2128300000000000000000000000000000000000000000000000000000330000660000990000CC0000FF0033000033330033660033990033CC0033FF0066000066330066660066990066CC0066FF0099
310
000099330099660099990099CC0099FF00CC0000CC3300CC6600CC9900CCCC00CCFF00FF0000FF3300FF6600FF9900FFCC00FFFF3300003300333300663300993300CC3300FF3333003333333333663333993333CC3333FF3366003366333366663366993366CC3366FF3399003399333399663399993399CC3399FF33CC00
310
33CC3333CC6633CC9933CCCC33CCFF33FF0033FF3333FF6633FF9933FFCC33FFFF6600006600336600666600996600CC6600FF6633006633336633666633996633CC6633FF6666006666336666666666996666CC6666FF6699006699336699666699996699CC6699FF66CC0066CC3366CC6666CC9966CCCC66CCFF66FF0066
310
FF3366FF6666FF9966FFCC66FFFF9900009900339900669900999900CC9900FF9933009933339933669933999933CC9933FF9966009966339966669966999966CC9966FF9999009999339999669999999999CC9999FF99CC0099CC3399CC6699CC9999CCCC99CCFF99FF0099FF3399FF6699FF9999FFCC99FFFFCC0000CC00
310
33CC0066CC0099CC00CCCC00FFCC3300CC3333CC3366CC3399CC33CCCC33FFCC6600CC6633CC6666CC6699CC66CCCC66FFCC9900CC9933CC9966CC9999CC99CCCC99FFCCCC00CCCC33CCCC66CCCC99CCCCCCCCCCFFCCFF00CCFF33CCFF66CCFF99CCFFCCCCFFFFFF0000FF0033FF0066FF0099FF00CCFF00FFFF3300FF3333
310
FF3366FF3399FF33CCFF33FFFF6600FF6633FF6666FF6699FF66CCFF66FFFF9900FF9933FF9966FF9999FF99CCFF99FFFFCC00FFCC33FFCC66FFCC99FFCCCCFFCCFFFFFF00FFFF33FFFF66FFFF99FFFFCCFFFFFF0000000D0D0D1A1A1A2828283535354343435050505D5D5D6B6B6B787878868686939393A1A1A1AEAEAEBB
310
BBBBC9C9C9D6D6D6E4E4E4F1F1F1FFFFFF0000000000000000000000000000000000000000000000000000000000002E4550F10000003B4944415478DAEDC13101000000C2A0F54F6D0B2FA0000000000000000000000000000000000000000000000000000000000000000000000000CE06919100016C9A5B1B0000000049
310
454E44AE426082
  0
ENDSEC
  0
EOF
